{"textures":{"0":"modelengine:entity/dungiceologer"},"elements":[{"from":[12.0,2.0,6.0],"to":[16.0,10.0,10.0],"faces":{"east":{"uv":[10.5,6.5,11.0,8.5],"tintindex":0,"rotation":0,"texture":"#0"},"south":{"uv":[12.0,6.5,12.5,8.5],"tintindex":0,"rotation":0,"texture":"#0"},"north":{"uv":[11.0,6.5,11.5,8.5],"tintindex":0,"rotation":0,"texture":"#0"},"west":{"uv":[11.5,6.5,12.0,8.5],"tintindex":0,"rotation":0,"texture":"#0"},"up":{"uv":[11.5,6.5,11.0,5.5],"tintindex":0,"rotation":0,"texture":"#0"},"down":{"uv":[12.0,5.5,11.5,6.5],"tintindex":0,"rotation":0,"texture":"#0"}}},{"from":[4.0,2.0,6.0],"to":[12.0,6.0,10.0],"faces":{"east":{"uv":[9.5,6.5,9.0,7.5],"tintindex":0,"rotation":0,"texture":"#0"},"south":{"uv":[10.5,6.5,9.5,7.5],"tintindex":0,"rotation":0,"texture":"#0"},"north":{"uv":[9.0,6.5,8.0,7.5],"tintindex":0,"rotation":0,"texture":"#0"},"west":{"uv":[8.0,6.5,7.5,7.5],"tintindex":0,"rotation":0,"texture":"#0"},"up":{"uv":[8.0,6.5,9.0,5.5],"tintindex":0,"rotation":0,"texture":"#0"},"down":{"uv":[9.0,5.5,10.0,6.5],"tintindex":0,"rotation":0,"texture":"#0"}}},{"from":[0.0,2.0,6.0],"to":[4.0,10.0,10.0],"faces":{"east":{"uv":[12.0,6.5,11.5,8.5],"tintindex":0,"rotation":0,"texture":"#0"},"south":{"uv":[12.5,6.5,12.0,8.5],"tintindex":0,"rotation":0,"texture":"#0"},"north":{"uv":[11.5,6.5,11.0,8.5],"tintindex":0,"rotation":0,"texture":"#0"},"west":{"uv":[11.0,6.5,10.5,8.5],"tintindex":0,"rotation":0,"texture":"#0"},"up":{"uv":[11.0,6.5,11.5,5.5],"tintindex":0,"rotation":0,"texture":"#0"},"down":{"uv":[11.5,5.5,12.0,6.5],"tintindex":0,"rotation":0,"texture":"#0"}}}],"display":{"gui":{"rotation":[30,225,0]}}}