{"textures":{"0":"modelengine:entity/dungiceologer"},"elements":[{"from":[4.0,8.0,5.0],"to":[12.0,20.0,11.0],"faces":{"east":{"uv":[4.5,6.5,3.75,9.5],"tintindex":0,"rotation":0,"texture":"#0"},"south":{"uv":[5.5,6.5,4.5,9.5],"tintindex":0,"rotation":0,"texture":"#0"},"north":{"uv":[3.75,6.5,2.75,9.5],"tintindex":0,"rotation":0,"texture":"#0"},"west":{"uv":[2.75,6.5,2.0,9.5],"tintindex":0,"rotation":0,"texture":"#0"},"up":{"uv":[2.75,6.5,3.75,5.0],"tintindex":0,"rotation":0,"texture":"#0"},"down":{"uv":[3.75,5.0,4.75,6.5],"tintindex":0,"rotation":0,"texture":"#0"}}}],"display":{"gui":{"rotation":[30,225,0]}}}