{"textures":{"0":"modelengine:entity/dungiceologer"},"elements":[{"from":[3.0,-12.0,7.0],"to":[13.0,8.0,8.0],"faces":{"east":{"uv":[5.25,11.0,5.375,16.0],"tintindex":0,"rotation":0,"texture":"#0"},"south":{"uv":[6.75,11.0,8.0,16.0],"tintindex":0,"rotation":0,"texture":"#0"},"north":{"uv":[5.375,11.0,6.625,16.0],"tintindex":0,"rotation":0,"texture":"#0"},"west":{"uv":[6.625,11.0,6.75,16.0],"tintindex":0,"rotation":0,"texture":"#0"},"up":{"uv":[6.625,11.0,5.375,10.75],"tintindex":0,"rotation":0,"texture":"#0"},"down":{"uv":[7.875,10.75,6.625,11.0],"tintindex":0,"rotation":0,"texture":"#0"}}}],"display":{"gui":{"rotation":[30,225,0]}}}