{"textures":{"0":"modelengine:entity/dungiceologer"},"elements":[{"from":[4.0,8.0,4.0],"to":[12.0,18.0,12.0],"faces":{"east":{"uv":[3.0,2.0,2.0,4.5],"tintindex":0,"rotation":0,"texture":"#0"},"south":{"uv":[4.0,2.0,3.0,4.5],"tintindex":0,"rotation":0,"texture":"#0"},"north":{"uv":[2.0,2.0,1.0,4.5],"tintindex":0,"rotation":0,"texture":"#0"},"west":{"uv":[1.0,2.0,0.0,4.5],"tintindex":0,"rotation":0,"texture":"#0"},"up":{"uv":[1.0,2.0,2.0,0.0],"tintindex":0,"rotation":0,"texture":"#0"},"down":{"uv":[2.0,0.0,3.0,2.0],"tintindex":0,"rotation":0,"texture":"#0"}}},{"from":[3.75,7.0,3.75],"to":[12.25,18.25,12.25],"faces":{"east":{"uv":[7.0,2.0,6.0,4.75],"tintindex":0,"rotation":0,"texture":"#0"},"south":{"uv":[8.0,2.0,7.0,4.75],"tintindex":0,"rotation":0,"texture":"#0"},"north":{"uv":[6.0,2.0,5.0,4.75],"tintindex":0,"rotation":0,"texture":"#0"},"west":{"uv":[5.0,2.0,4.0,4.75],"tintindex":0,"rotation":0,"texture":"#0"},"up":{"uv":[5.0,2.0,6.0,0.0],"tintindex":0,"rotation":0,"texture":"#0"},"down":{"uv":[6.0,0.0,7.0,2.0],"tintindex":0,"rotation":0,"texture":"#0"}}}],"display":{"gui":{"rotation":[30,225,0]}}}