{"textures":{"0":"modelengine:entity/dungiceologer"},"elements":[{"from":[5.0,-2.0,6.0],"to":[9.0,10.0,10.0],"faces":{"east":{"uv":[7.0,6.5,6.5,9.5],"tintindex":0,"rotation":0,"texture":"#0"},"south":{"uv":[7.5,6.5,7.0,9.5],"tintindex":0,"rotation":0,"texture":"#0"},"north":{"uv":[6.5,6.5,6.0,9.5],"tintindex":0,"rotation":0,"texture":"#0"},"west":{"uv":[6.0,6.5,5.5,9.5],"tintindex":0,"rotation":0,"texture":"#0"},"up":{"uv":[6.0,6.5,6.5,5.5],"tintindex":0,"rotation":0,"texture":"#0"},"down":{"uv":[6.5,5.5,7.0,6.5],"tintindex":0,"rotation":0,"texture":"#0"}}}],"display":{"gui":{"rotation":[30,225,0]}}}