{"textures":{"0":"modelengine:entity/dungiceologer"},"elements":[{"from":[7.0,4.0,6.0],"to":[9.0,8.0,8.0],"faces":{"east":{"uv":[3.75,0.5,3.5,1.5],"tintindex":0,"rotation":0,"texture":"#0"},"south":{"uv":[4.0,0.5,3.75,1.5],"tintindex":0,"rotation":0,"texture":"#0"},"north":{"uv":[3.5,0.5,3.25,1.5],"tintindex":0,"rotation":0,"texture":"#0"},"west":{"uv":[3.25,0.5,3.0,1.5],"tintindex":0,"rotation":0,"texture":"#0"},"up":{"uv":[3.25,0.5,3.5,0.0],"tintindex":0,"rotation":0,"texture":"#0"},"down":{"uv":[3.5,0.0,3.75,0.5],"tintindex":0,"rotation":0,"texture":"#0"}}}],"display":{"gui":{"rotation":[30,225,0]}}}