{"textures":{"0":"modelengine:entity/dungiceologer"},"elements":[{"from":[3.5,-12.5,4.5],"to":[12.5,8.5,11.5],"faces":{"east":{"uv":[2.5,11.0,1.75,16.0],"tintindex":0,"rotation":0,"texture":"#0"},"south":{"uv":[3.5,11.0,2.5,16.0],"tintindex":0,"rotation":0,"texture":"#0"},"north":{"uv":[1.75,11.0,0.75,16.0],"tintindex":0,"rotation":0,"texture":"#0"},"west":{"uv":[0.75,11.0,0.0,16.0],"tintindex":0,"rotation":0,"texture":"#0"},"up":{"uv":[0.75,11.0,1.75,9.5],"tintindex":0,"rotation":0,"texture":"#0"},"down":{"uv":[1.75,9.5,2.75,11.0],"tintindex":0,"rotation":0,"texture":"#0"}}}],"display":{"gui":{"rotation":[30,225,0]}}}