{"textures":{"0":"modelengine:entity/baby_moobloom_white"},"elements":[{"from":[9.65,9.65,8.0],"to":[9.65,13.610001,10.639999],"faces":{"east":{"uv":[10.75,1.0,10.0,2.0],"tintindex":0,"rotation":0,"texture":"#0"},"west":{"uv":[10.0,1.0,10.75,2.0],"tintindex":0,"rotation":0,"texture":"#0"}},"rotation":{"origin":[8.0,6.6800003,7.34],"angle":45.0,"axis":"y"}},{"from":[8.99,9.65,0.7399998],"to":[8.99,13.610001,3.38],"faces":{"east":{"uv":[10.75,1.0,10.0,2.0],"tintindex":0,"rotation":0,"texture":"#0"},"west":{"uv":[10.0,1.0,10.75,2.0],"tintindex":0,"rotation":0,"texture":"#0"}},"rotation":{"origin":[8.0,6.6800003,7.34],"angle":45.0,"axis":"y"}},{"from":[4.37,9.65,6.02],"to":[4.37,13.610001,8.66],"faces":{"east":{"uv":[10.75,1.0,10.0,2.0],"tintindex":0,"rotation":0,"texture":"#0"},"west":{"uv":[10.0,1.0,10.75,2.0],"tintindex":0,"rotation":0,"texture":"#0"}},"rotation":{"origin":[8.0,6.6800003,7.34],"angle":45.0,"axis":"y"}},{"from":[3.0500002,9.65,4.7],"to":[3.0500002,13.610001,7.34],"faces":{"east":{"uv":[10.75,1.0,10.0,2.0],"tintindex":0,"rotation":0,"texture":"#0"},"west":{"uv":[10.0,1.0,10.75,2.0],"tintindex":0,"rotation":0,"texture":"#0"}},"rotation":{"origin":[8.0,6.6800003,7.34],"angle":-45.0,"axis":"y"}},{"from":[10.309999,9.65,4.04],"to":[10.309999,13.610001,6.6800003],"faces":{"east":{"uv":[10.75,1.0,10.0,2.0],"tintindex":0,"rotation":0,"texture":"#0"},"west":{"uv":[10.0,1.0,10.75,2.0],"tintindex":0,"rotation":0,"texture":"#0"}},"rotation":{"origin":[8.0,6.6800003,7.34],"angle":-45.0,"axis":"y"}},{"from":[8.33,9.65,9.32],"to":[8.33,13.610001,11.96],"faces":{"east":{"uv":[10.75,1.0,10.0,2.0],"tintindex":0,"rotation":0,"texture":"#0"},"west":{"uv":[10.0,1.0,10.75,2.0],"tintindex":0,"rotation":0,"texture":"#0"}},"rotation":{"origin":[8.0,6.6800003,7.34],"angle":-45.0,"axis":"y"}},{"from":[4.04,3.38,1.4000001],"to":[11.96,9.98,13.280001],"faces":{"east":{"uv":[4.0,0.0,7.0,1.75],"tintindex":0,"rotation":0,"texture":"#0"},"south":{"uv":[2.0,6.0,4.0,7.75],"tintindex":0,"rotation":0,"texture":"#0"},"north":{"uv":[0.0,6.0,2.0,7.75],"tintindex":0,"rotation":0,"texture":"#0"},"west":{"uv":[4.0,1.75,7.0,3.5],"tintindex":0,"rotation":0,"texture":"#0"},"up":{"uv":[2.0,3.0,0.0,0.0],"tintindex":0,"rotation":0,"texture":"#0"},"down":{"uv":[4.0,0.0,2.0,3.0],"tintindex":0,"rotation":0,"texture":"#0"}}}],"display":{"gui":{"rotation":[30,225,0]}}}