{"textures":{"0":"modelengine:entity/baby_moobloom_white"},"elements":[{"from":[6.68,2.7199998,9.32],"to":[9.32,3.38,13.280001],"faces":{"east":{"uv":[10.25,6.5,11.25,6.75],"tintindex":0,"rotation":0,"texture":"#0"},"south":{"uv":[10.75,0.25,11.5,0.5],"tintindex":0,"rotation":0,"texture":"#0"},"north":{"uv":[10.75,0.0,11.5,0.25],"tintindex":0,"rotation":0,"texture":"#0"},"west":{"uv":[10.25,6.75,11.25,7.0],"tintindex":0,"rotation":0,"texture":"#0"},"up":{"uv":[10.25,11.0,9.5,10.0],"tintindex":0,"rotation":0,"texture":"#0"},"down":{"uv":[11.0,2.0,10.25,3.0],"tintindex":0,"rotation":0,"texture":"#0"}}},{"from":[4.04,3.38,1.4000001],"to":[11.96,9.98,13.280001],"faces":{"east":{"uv":[4.0,3.5,7.0,5.25],"tintindex":0,"rotation":0,"texture":"#0"},"south":{"uv":[7.0,1.75,9.0,3.5],"tintindex":0,"rotation":0,"texture":"#0"},"north":{"uv":[7.0,0.0,9.0,1.75],"tintindex":0,"rotation":0,"texture":"#0"},"west":{"uv":[4.0,5.25,7.0,7.0],"tintindex":0,"rotation":0,"texture":"#0"},"up":{"uv":[2.0,6.0,0.0,3.0],"tintindex":0,"rotation":0,"texture":"#0"},"down":{"uv":[4.0,3.0,2.0,6.0],"tintindex":0,"rotation":0,"texture":"#0"}}}],"display":{"gui":{"rotation":[30,225,0]}}}