{"textures":{"0":"modelengine:entity/baby_moobloom_white"},"elements":[{"from":[4.7,9.32,5.36],"to":[5.3599997,11.299999,6.02],"faces":{"east":{"uv":[8.25,5.5,8.5,6.0],"tintindex":0,"rotation":0,"texture":"#0"},"south":{"uv":[6.0,8.25,6.25,8.75],"tintindex":0,"rotation":0,"texture":"#0"},"north":{"uv":[3.75,7.75,4.0,8.25],"tintindex":0,"rotation":0,"texture":"#0"},"west":{"uv":[6.25,8.25,6.5,8.75],"tintindex":0,"rotation":0,"texture":"#0"},"up":{"uv":[6.25,9.0,6.0,8.75],"tintindex":0,"rotation":0,"texture":"#0"},"down":{"uv":[6.5,8.75,6.25,9.0],"tintindex":0,"rotation":0,"texture":"#0"}}},{"from":[5.3599997,5.3600006,4.0399995],"to":[10.64,10.64,8.0],"faces":{"east":{"uv":[9.0,0.0,10.0,1.25],"tintindex":0,"rotation":0,"texture":"#0"},"south":{"uv":[4.0,7.0,5.25,8.25],"tintindex":0,"rotation":0,"texture":"#0"},"north":{"uv":[7.0,3.5,8.25,4.75],"tintindex":0,"rotation":0,"texture":"#0"},"west":{"uv":[9.0,1.25,10.0,2.5],"tintindex":0,"rotation":0,"texture":"#0"},"up":{"uv":[10.25,3.5,9.0,2.5],"tintindex":0,"rotation":0,"texture":"#0"},"down":{"uv":[10.25,3.5,9.0,4.5],"tintindex":0,"rotation":0,"texture":"#0"}}},{"from":[10.64,9.32,5.36],"to":[11.3,11.299999,6.02],"faces":{"east":{"uv":[6.75,7.0,7.0,7.5],"tintindex":0,"rotation":0,"texture":"#0"},"south":{"uv":[6.5,7.5,6.75,8.0],"tintindex":0,"rotation":0,"texture":"#0"},"north":{"uv":[6.5,7.0,6.75,7.5],"tintindex":0,"rotation":0,"texture":"#0"},"west":{"uv":[6.75,7.5,7.0,8.0],"tintindex":0,"rotation":0,"texture":"#0"},"up":{"uv":[8.75,7.75,8.5,7.5],"tintindex":0,"rotation":0,"texture":"#0"},"down":{"uv":[8.75,7.75,8.5,8.0],"tintindex":0,"rotation":0,"texture":"#0"}}},{"from":[1.73,9.650001,7.3399997],"to":[1.73,13.610001,9.98],"faces":{"east":{"uv":[10.75,1.0,10.0,2.0],"tintindex":0,"rotation":0,"texture":"#0"},"west":{"uv":[10.0,1.0,10.75,2.0],"tintindex":0,"rotation":0,"texture":"#0"}},"rotation":{"origin":[8.0,6.0200005,13.940001],"angle":-45.0,"axis":"y"}},{"from":[12.95,9.650001,6.02],"to":[12.95,13.610001,8.66],"faces":{"east":{"uv":[10.75,1.0,10.0,2.0],"tintindex":0,"rotation":0,"texture":"#0"},"west":{"uv":[10.0,1.0,10.75,2.0],"tintindex":0,"rotation":0,"texture":"#0"}},"rotation":{"origin":[8.0,6.0200005,13.940001],"angle":45.0,"axis":"y"}}],"display":{"gui":{"rotation":[30,225,0]}}}