{"textures":{"0":"modelengine:entity/baby_moobloom_white"},"elements":[{"from":[5.3599997,5.3600006,4.0399995],"to":[10.64,10.64,8.0],"faces":{"east":{"uv":[9.25,4.5,10.25,5.75],"tintindex":0,"rotation":0,"texture":"#0"},"south":{"uv":[5.25,7.0,6.5,8.25],"tintindex":0,"rotation":0,"texture":"#0"},"north":{"uv":[7.0,4.75,8.25,6.0],"tintindex":0,"rotation":0,"texture":"#0"},"west":{"uv":[9.25,5.75,10.25,7.0],"tintindex":0,"rotation":0,"texture":"#0"},"up":{"uv":[10.75,8.0,9.5,7.0],"tintindex":0,"rotation":0,"texture":"#0"},"down":{"uv":[10.75,8.0,9.5,9.0],"tintindex":0,"rotation":0,"texture":"#0"}}}],"display":{"gui":{"rotation":[30,225,0]}}}