{"textures":{"0":"modelengine:entity/baby_moobloom_white"},"elements":[{"from":[6.68,0.07999992,6.68],"to":[9.32,8.0,9.32],"faces":{"east":{"uv":[0.0,7.75,0.75,9.75],"tintindex":0,"rotation":0,"texture":"#0"},"south":{"uv":[0.75,7.75,1.5,9.75],"tintindex":0,"rotation":0,"texture":"#0"},"north":{"uv":[7.0,6.0,7.75,8.0],"tintindex":0,"rotation":0,"texture":"#0"},"west":{"uv":[1.5,7.75,2.25,9.75],"tintindex":0,"rotation":0,"texture":"#0"},"up":{"uv":[11.0,5.75,10.25,5.0],"tintindex":0,"rotation":0,"texture":"#0"},"down":{"uv":[6.0,10.25,5.25,11.0],"tintindex":0,"rotation":0,"texture":"#0"}}}],"display":{"gui":{"rotation":[30,225,0]}}}