{"textures":{"0":"modelengine:entity/baby_moobloom_white"},"elements":[{"from":[6.6800003,0.07999992,6.68],"to":[9.32,8.0,9.32],"faces":{"east":{"uv":[3.0,7.75,3.75,9.75],"tintindex":0,"rotation":0,"texture":"#0"},"south":{"uv":[7.75,6.0,8.5,8.0],"tintindex":0,"rotation":0,"texture":"#0"},"north":{"uv":[2.25,7.75,3.0,9.75],"tintindex":0,"rotation":0,"texture":"#0"},"west":{"uv":[6.5,8.0,7.25,10.0],"tintindex":0,"rotation":0,"texture":"#0"},"up":{"uv":[11.0,6.5,10.25,5.75],"tintindex":0,"rotation":0,"texture":"#0"},"down":{"uv":[11.0,9.0,10.25,9.75],"tintindex":0,"rotation":0,"texture":"#0"}}}],"display":{"gui":{"rotation":[30,225,0]}}}