{"textures":{"0":"modelengine:entity/baby_moobloom_white"},"elements":[{"from":[6.68,0.07999992,7.34],"to":[9.32,8.0,9.98],"faces":{"east":{"uv":[8.0,8.0,8.75,10.0],"tintindex":0,"rotation":0,"texture":"#0"},"south":{"uv":[8.25,3.5,9.0,5.5],"tintindex":0,"rotation":0,"texture":"#0"},"north":{"uv":[7.25,8.0,8.0,10.0],"tintindex":0,"rotation":0,"texture":"#0"},"west":{"uv":[3.75,8.25,4.5,10.25],"tintindex":0,"rotation":0,"texture":"#0"},"up":{"uv":[11.0,10.5,10.25,9.75],"tintindex":0,"rotation":0,"texture":"#0"},"down":{"uv":[9.0,10.5,8.25,11.25],"tintindex":0,"rotation":0,"texture":"#0"}}}],"display":{"gui":{"rotation":[30,225,0]}}}