{"textures":{"0":"modelengine:entity/baby_moobloom_white"},"elements":[{"from":[6.6800003,0.07999992,7.34],"to":[9.32,8.0,9.98],"faces":{"east":{"uv":[5.25,8.25,6.0,10.25],"tintindex":0,"rotation":0,"texture":"#0"},"south":{"uv":[8.5,5.5,9.25,7.5],"tintindex":0,"rotation":0,"texture":"#0"},"north":{"uv":[4.5,8.25,5.25,10.25],"tintindex":0,"rotation":0,"texture":"#0"},"west":{"uv":[8.75,7.5,9.5,9.5],"tintindex":0,"rotation":0,"texture":"#0"},"up":{"uv":[11.0,11.25,10.25,10.5],"tintindex":0,"rotation":0,"texture":"#0"},"down":{"uv":[0.75,10.75,0.0,11.5],"tintindex":0,"rotation":0,"texture":"#0"}}}],"display":{"gui":{"rotation":[30,225,0]}}}