{"textures":{"0":"modelengine:entity/2023_10_07_illager-spesjal-force-22027544"},"elements":[{"from":[4.0,8.0,4.0],"to":[12.0,18.0,12.0],"faces":{"east":{"uv":[0.0,2.0,2.0,4.0],"tintindex":0,"rotation":0,"texture":"#0"},"south":{"uv":[6.0,2.0,8.0,4.0],"tintindex":0,"rotation":0,"texture":"#0"},"north":{"uv":[2.0,2.0,4.0,4.0],"tintindex":0,"rotation":0,"texture":"#0"},"west":{"uv":[4.0,2.0,6.0,4.0],"tintindex":0,"rotation":0,"texture":"#0"},"up":{"uv":[4.0,2.0,2.0,0.0],"tintindex":0,"rotation":0,"texture":"#0"},"down":{"uv":[6.0,0.0,4.0,2.0],"tintindex":0,"rotation":0,"texture":"#0"}}}],"display":{"gui":{"rotation":[30,225,0]}}}