{"textures":{"0":"modelengine:entity/2023_10_07_illager-spesjal-force-22027544"},"elements":[{"from":[6.75,-2.25,5.75],"to":[11.25,10.25,10.25],"faces":{"east":{"uv":[10.0,9.0,11.0,12.0],"tintindex":0,"rotation":0,"texture":"#0"},"south":{"uv":[13.0,9.0,14.0,12.0],"tintindex":0,"rotation":0,"texture":"#0"},"north":{"uv":[11.0,9.0,12.0,12.0],"tintindex":0,"rotation":0,"texture":"#0"},"west":{"uv":[12.0,9.0,13.0,12.0],"tintindex":0,"rotation":0,"texture":"#0"},"up":{"uv":[12.0,9.0,11.0,8.0],"tintindex":0,"rotation":0,"texture":"#0"},"down":{"uv":[13.0,8.0,12.0,9.0],"tintindex":0,"rotation":0,"texture":"#0"}}}],"display":{"gui":{"rotation":[30,225,0]}}}