{"textures":{"0":"modelengine:entity/2023_10_07_illager-spesjal-force-22027544"},"elements":[{"from":[7.0,-2.0,6.0],"to":[11.0,10.0,10.0],"faces":{"east":{"uv":[10.0,5.0,11.0,8.0],"tintindex":0,"rotation":0,"texture":"#0"},"south":{"uv":[13.0,5.0,14.0,8.0],"tintindex":0,"rotation":0,"texture":"#0"},"north":{"uv":[11.0,5.0,12.0,8.0],"tintindex":0,"rotation":0,"texture":"#0"},"west":{"uv":[12.0,5.0,13.0,8.0],"tintindex":0,"rotation":0,"texture":"#0"},"up":{"uv":[12.0,5.0,11.0,4.0],"tintindex":0,"rotation":0,"texture":"#0"},"down":{"uv":[13.0,4.0,12.0,5.0],"tintindex":0,"rotation":0,"texture":"#0"}}}],"display":{"gui":{"rotation":[30,225,0]}}}