{"textures":{"0":"modelengine:entity/pillager_engineer"},"elements":[{"from":[7.0,7.5,3.0],"to":[9.0,11.5,5.0],"faces":{"east":{"uv":[10.5,1.875,10.75,2.375],"tintindex":0,"rotation":0,"texture":"#0"},"south":{"uv":[10.5,3.0,10.75,3.5],"tintindex":0,"rotation":0,"texture":"#0"},"north":{"uv":[7.0,9.5,7.25,10.0],"tintindex":0,"rotation":0,"texture":"#0"},"west":{"uv":[7.125,10.5,7.375,11.0],"tintindex":0,"rotation":0,"texture":"#0"},"up":{"uv":[4.5,6.75,4.25,6.5],"tintindex":0,"rotation":0,"texture":"#0"},"down":{"uv":[2.25,8.25,2.0,8.5],"tintindex":0,"rotation":0,"texture":"#0"}}},{"from":[4.5,8.5,5.0],"to":[11.5,16.5,11.0],"faces":{"east":{"uv":[2.0,8.5,2.75,9.5],"tintindex":0,"rotation":0,"texture":"#0"},"south":{"uv":[8.25,2.0,9.125,3.0],"tintindex":0,"rotation":0,"texture":"#0"},"north":{"uv":[7.0,8.125,7.875,9.125],"tintindex":0,"rotation":0,"texture":"#0"},"west":{"uv":[8.625,7.125,9.375,8.125],"tintindex":0,"rotation":0,"texture":"#0"},"up":{"uv":[5.0,9.5,4.125,8.75],"tintindex":0,"rotation":0,"texture":"#0"},"down":{"uv":[10.0,0.0,9.125,0.75],"tintindex":0,"rotation":0,"texture":"#0"}}},{"from":[3.9,10.25,4.4],"to":[12.1,14.25,11.6],"faces":{"east":{"uv":[1.25,8.75,2.0,9.25],"tintindex":0,"rotation":0,"texture":"#0"},"south":{"uv":[10.75,1.875,11.625,2.375],"tintindex":0,"rotation":0,"texture":"#0"},"north":{"uv":[10.625,6.25,11.5,6.75],"tintindex":0,"rotation":0,"texture":"#0"},"west":{"uv":[9.125,0.75,9.875,1.25],"tintindex":0,"rotation":0,"texture":"#0"},"up":{"uv":[11.5,8.75,10.625,8.0],"tintindex":0,"rotation":0,"texture":"#0"},"down":{"uv":[11.5,10.0,10.625,10.75],"tintindex":0,"rotation":0,"texture":"#0"}}},{"from":[12.1,14.25,11.6],"to":[3.9,10.25,4.4],"faces":{"east":{"uv":[9.125,1.25,9.875,0.75],"tintindex":0,"rotation":0,"texture":"#0"},"south":{"uv":[10.625,6.75,11.5,6.25],"tintindex":0,"rotation":0,"texture":"#0"},"north":{"uv":[10.75,2.375,11.625,1.875],"tintindex":0,"rotation":0,"texture":"#0"},"west":{"uv":[1.25,9.25,2.0,8.75],"tintindex":0,"rotation":0,"texture":"#0"},"up":{"uv":[10.625,10.0,11.5,10.75],"tintindex":0,"rotation":0,"texture":"#0"},"down":{"uv":[10.625,8.75,11.5,8.0],"tintindex":0,"rotation":0,"texture":"#0"}}}],"display":{"gui":{"rotation":[30,225,0]}}}