{"textures":{"0":"modelengine:entity/pillager_engineer"},"elements":[{"from":[5.0,0.5,6.5],"to":[8.0,9.5,9.5],"faces":{"east":{"uv":[1.625,9.625,2.0,10.75],"tintindex":0,"rotation":0,"texture":"#0"},"south":{"uv":[9.5,9.625,9.875,10.75],"tintindex":0,"rotation":0,"texture":"#0"},"north":{"uv":[1.25,9.625,1.625,10.75],"tintindex":0,"rotation":0,"texture":"#0"},"west":{"uv":[3.5,9.75,3.875,10.875],"tintindex":0,"rotation":0,"texture":"#0"},"up":{"uv":[8.625,6.25,8.25,5.875],"tintindex":0,"rotation":0,"texture":"#0"},"down":{"uv":[10.5,7.25,10.125,7.625],"tintindex":0,"rotation":0,"texture":"#0"}}}],"display":{"gui":{"rotation":[30,225,0]}}}