{"textures":{"0":"modelengine:entity/pillager_engineer"},"elements":[{"from":[6.5,1.0,6.0],"to":[9.5,8.0,10.0],"faces":{"east":{"uv":[8.625,10.125,9.5,9.625],"tintindex":0,"rotation":90,"texture":"#0"},"south":{"uv":[9.5,2.5,9.875,1.625],"tintindex":0,"rotation":0,"texture":"#0"},"north":{"uv":[5.375,9.125,5.75,10.0],"tintindex":0,"rotation":180,"texture":"#0"},"west":{"uv":[7.75,10.125,8.625,9.625],"tintindex":0,"rotation":270,"texture":"#0"},"up":{"uv":[3.5,10.125,2.75,10.625],"tintindex":0,"rotation":180,"texture":"#0"},"down":{"uv":[10.875,3.75,10.125,4.25],"tintindex":0,"rotation":0,"texture":"#0"}}}],"display":{"gui":{"rotation":[30,225,0]}}}