{"textures":{"0":"modelengine:entity/pillager_engineer"},"elements":[{"from":[5.0,6.5,6.0],"to":[11.0,14.5,10.0],"faces":{"east":{"uv":[4.875,10.625,5.375,11.625],"tintindex":0,"rotation":0,"texture":"#0"},"south":{"uv":[2.75,10.625,3.5,11.625],"tintindex":0,"rotation":0,"texture":"#0"},"north":{"uv":[2.0,10.625,2.75,11.625],"tintindex":0,"rotation":0,"texture":"#0"},"west":{"uv":[10.625,5.25,11.125,6.25],"tintindex":0,"rotation":0,"texture":"#0"},"up":{"uv":[11.375,1.75,10.625,1.25],"tintindex":0,"rotation":0,"texture":"#0"},"down":{"uv":[11.375,2.375,10.625,2.875],"tintindex":0,"rotation":0,"texture":"#0"}}}],"display":{"gui":{"rotation":[30,225,0]}}}