{"textures":{"0":"modelengine:entity/sorcerertexture"},"elements":[{"from":[3.75,1.75,4.75],"to":[12.25,20.25,11.25],"faces":{"east":{"uv":[0.0,11.0,1.5,15.5],"tintindex":0,"rotation":0,"texture":"#0"},"south":{"uv":[5.0,11.0,7.0,15.5],"tintindex":0,"rotation":0,"texture":"#0"},"north":{"uv":[1.5,11.0,3.5,15.5],"tintindex":0,"rotation":0,"texture":"#0"},"west":{"uv":[3.5,11.0,5.0,15.5],"tintindex":0,"rotation":0,"texture":"#0"},"up":{"uv":[3.5,11.0,1.5,9.5],"tintindex":0,"rotation":0,"texture":"#0"},"down":{"uv":[5.5,9.5,3.5,11.0],"tintindex":0,"rotation":0,"texture":"#0"}}},{"from":[4.0,8.0,5.0],"to":[12.0,20.0,11.0],"faces":{"east":{"uv":[4.0,6.5,5.5,9.5],"tintindex":0,"rotation":0,"texture":"#0"},"south":{"uv":[9.0,6.5,11.0,9.5],"tintindex":0,"rotation":0,"texture":"#0"},"north":{"uv":[5.5,6.5,7.5,9.5],"tintindex":0,"rotation":0,"texture":"#0"},"west":{"uv":[7.5,6.5,9.0,9.5],"tintindex":0,"rotation":0,"texture":"#0"},"up":{"uv":[7.5,6.5,5.5,5.0],"tintindex":0,"rotation":0,"texture":"#0"},"down":{"uv":[9.5,5.0,7.5,6.5],"tintindex":0,"rotation":0,"texture":"#0"}}}],"display":{"gui":{"rotation":[30,225,0]}}}