{"textures":{"0":"modelengine:entity/sorcerertexture"},"elements":[{"from":[7.0,-2.0,6.0],"to":[11.0,10.0,10.0],"faces":{"east":{"uv":[10.0,12.5,11.0,15.5],"tintindex":0,"rotation":0,"texture":"#0"},"south":{"uv":[13.0,12.5,14.0,15.5],"tintindex":0,"rotation":0,"texture":"#0"},"north":{"uv":[11.0,12.5,12.0,15.5],"tintindex":0,"rotation":0,"texture":"#0"},"west":{"uv":[12.0,12.5,13.0,15.5],"tintindex":0,"rotation":0,"texture":"#0"},"up":{"uv":[12.0,12.5,11.0,11.5],"tintindex":0,"rotation":0,"texture":"#0"},"down":{"uv":[13.0,11.5,12.0,12.5],"tintindex":0,"rotation":0,"texture":"#0"}}}],"display":{"gui":{"rotation":[30,225,0]}}}