{"textures":{"0":"modelengine:entity/sorcerertexture"},"elements":[{"from":[7.5,7.501398,-10.23934],"to":[8.5,8.501398,14.76066],"faces":{"east":{"uv":[16.0,9.5,9.75,9.75],"tintindex":0,"rotation":0,"texture":"#0"},"south":{"uv":[15.5,9.75,15.75,10.0],"tintindex":0,"rotation":0,"texture":"#0"},"north":{"uv":[15.5,9.75,15.75,10.0],"tintindex":0,"rotation":0,"texture":"#0"},"west":{"uv":[9.75,9.5,16.0,9.75],"tintindex":0,"rotation":0,"texture":"#0"},"up":{"uv":[15.75,9.75,16.0,16.0],"tintindex":0,"rotation":0,"texture":"#0"},"down":{"uv":[15.75,16.0,16.0,9.75],"tintindex":0,"rotation":0,"texture":"#0"}},"rotation":{"origin":[8.0,6.956854,10.465291],"angle":0.0,"axis":"x"}},{"from":[6.5,4.706854,16.169922],"to":[9.5,6.706854,20.169922],"faces":{"east":{"uv":[13.25,10.25,14.25,9.75],"tintindex":0,"rotation":0,"texture":"#0"},"south":{"uv":[13.5,10.25,14.25,10.75],"tintindex":0,"rotation":0,"texture":"#0"},"north":{"uv":[12.5,10.25,13.25,9.75],"tintindex":0,"rotation":0,"texture":"#0"},"west":{"uv":[14.25,10.25,13.25,9.75],"tintindex":0,"rotation":0,"texture":"#0"},"up":{"uv":[13.5,10.75,14.25,11.75],"tintindex":0,"rotation":0,"texture":"#0"},"down":{"uv":[14.25,9.75,15.0,10.75],"tintindex":0,"rotation":0,"texture":"#0"}},"rotation":{"origin":[8.0,6.956854,10.465291],"angle":0.0,"axis":"x"}},{"from":[7.0,2.0117273,13.594732],"to":[9.0,5.0117264,14.594732],"faces":{"east":{"uv":[15.5,10.75,15.75,10.0],"tintindex":0,"rotation":0,"texture":"#0"},"south":{"uv":[15.0,10.75,15.5,10.0],"tintindex":0,"rotation":0,"texture":"#0"},"north":{"uv":[15.0,10.75,15.5,10.0],"tintindex":0,"rotation":0,"texture":"#0"},"west":{"uv":[15.5,10.75,15.75,10.0],"tintindex":0,"rotation":0,"texture":"#0"},"up":{"uv":[15.0,9.75,15.5,10.0],"tintindex":0,"rotation":0,"texture":"#0"},"down":{"uv":[15.5,9.75,15.0,10.0],"tintindex":0,"rotation":0,"texture":"#0"}},"rotation":{"origin":[8.0,6.956854,10.465291],"angle":-45.0,"axis":"x"}},{"from":[6.5,6.706854,17.169922],"to":[9.5,9.706854,20.169922],"faces":{"east":{"uv":[15.0,12.25,15.75,11.5],"tintindex":0,"rotation":0,"texture":"#0"},"south":{"uv":[14.25,10.75,15.0,11.5],"tintindex":0,"rotation":0,"texture":"#0"},"north":{"uv":[14.25,11.5,15.0,12.25],"tintindex":0,"rotation":0,"texture":"#0"},"west":{"uv":[15.75,12.25,15.0,11.5],"tintindex":0,"rotation":0,"texture":"#0"},"up":{"uv":[15.0,10.75,15.75,11.5],"tintindex":0,"rotation":0,"texture":"#0"},"down":{"uv":[15.0,11.5,15.75,10.75],"tintindex":0,"rotation":0,"texture":"#0"}},"rotation":{"origin":[8.0,6.956854,10.465291],"angle":0.0,"axis":"x"}}],"display":{"gui":{"rotation":[30,225,0]}}}