{"textures":{"0":"modelengine:entity/nameless_king"},"elements":[{"from":[4.0,8.0,6.0],"to":[12.0,20.0,10.0],"faces":{"east":{"uv":[0.0,4.25,0.5,5.75],"tintindex":0,"rotation":0,"texture":"#0"},"south":{"uv":[2.0,4.25,3.0,5.75],"tintindex":0,"rotation":0,"texture":"#0"},"north":{"uv":[0.5,4.25,1.5,5.75],"tintindex":0,"rotation":0,"texture":"#0"},"west":{"uv":[1.5,4.25,2.0,5.75],"tintindex":0,"rotation":0,"texture":"#0"},"up":{"uv":[1.5,4.25,0.5,3.75],"tintindex":0,"rotation":0,"texture":"#0"},"down":{"uv":[2.5,3.75,1.5,4.25],"tintindex":0,"rotation":0,"texture":"#0"}}},{"from":[3.75,13.0,5.75],"to":[12.25,20.25,10.25],"faces":{"east":{"uv":[3.0,4.25,3.5,5.125],"tintindex":0,"rotation":0,"texture":"#0"},"south":{"uv":[5.0,4.25,6.0,5.125],"tintindex":0,"rotation":0,"texture":"#0"},"north":{"uv":[3.5,4.25,4.5,5.125],"tintindex":0,"rotation":0,"texture":"#0"},"west":{"uv":[4.5,4.25,5.0,5.125],"tintindex":0,"rotation":0,"texture":"#0"},"up":{"uv":[4.5,4.25,3.5,3.75],"tintindex":0,"rotation":0,"texture":"#0"},"down":{"uv":[5.5,3.75,4.5,4.25],"tintindex":0,"rotation":0,"texture":"#0"}}}],"display":{"gui":{"rotation":[30,225,0]}}}