{"textures":{"0":"modelengine:entity/nameless_king"},"elements":[{"from":[0.0,-14.0,5.75],"to":[16.0,8.0,9.75],"faces":{"east":{"uv":[2.5,13.125,3.0,15.875],"tintindex":0,"rotation":0,"texture":"#0"},"south":{"uv":[0.5,13.125,2.5,15.875],"tintindex":0,"rotation":0,"texture":"#0"},"north":{"uv":[3.0,13.125,5.0,15.875],"tintindex":0,"rotation":0,"texture":"#0"},"west":{"uv":[0.0,13.125,0.5,15.875],"tintindex":0,"rotation":0,"texture":"#0"},"up":{"uv":[2.5,13.125,0.5,12.625],"tintindex":0,"rotation":180,"texture":"#0"},"down":{"uv":[4.5,12.625,2.5,13.125],"tintindex":0,"rotation":180,"texture":"#0"}}}],"display":{"gui":{"rotation":[30,225,0]}}}