{"textures":{"0":"modelengine:entity/nameless_king"},"elements":[{"from":[3.625,7.5,3.625],"to":[12.375,13.5,12.375],"faces":{"east":{"uv":[0.0,3.0,1.0,3.75],"tintindex":0,"rotation":0,"texture":"#0"},"south":{"uv":[3.0,3.0,4.0,3.75],"tintindex":0,"rotation":0,"texture":"#0"},"north":{"uv":[1.0,3.0,2.0,3.75],"tintindex":0,"rotation":0,"texture":"#0"},"west":{"uv":[2.0,3.0,3.0,3.75],"tintindex":0,"rotation":0,"texture":"#0"},"up":{"uv":[2.0,3.0,1.0,2.0],"tintindex":0,"rotation":0,"texture":"#0"},"down":{"uv":[3.0,2.0,2.0,3.0],"tintindex":0,"rotation":0,"texture":"#0"}}}],"display":{"gui":{"rotation":[30,225,0]}}}