{"textures":{"0":"modelengine:entity/nameless_king"},"elements":[{"from":[8.05,-2.0,7.0],"to":[10.05,10.0,9.0],"faces":{"east":{"uv":[0.0,6.0,0.25,7.5],"tintindex":0,"rotation":0,"texture":"#0"},"south":{"uv":[0.75,6.0,1.0,7.5],"tintindex":0,"rotation":0,"texture":"#0"},"north":{"uv":[0.25,6.0,0.5,7.5],"tintindex":0,"rotation":0,"texture":"#0"},"west":{"uv":[0.5,6.0,0.75,7.5],"tintindex":0,"rotation":0,"texture":"#0"},"up":{"uv":[0.5,6.0,0.25,5.75],"tintindex":0,"rotation":0,"texture":"#0"},"down":{"uv":[0.75,5.75,0.5,6.0],"tintindex":0,"rotation":0,"texture":"#0"}}}],"display":{"gui":{"rotation":[30,225,0]}}}