{"textures":{"0":"modelengine:entity/nameless_king"},"elements":[{"from":[3.75,7.75,3.75],"to":[12.25,16.25,12.25],"faces":{"east":{"uv":[0.0,1.0,1.0,2.0],"tintindex":0,"rotation":0,"texture":"#0"},"south":{"uv":[3.0,1.0,4.0,2.0],"tintindex":0,"rotation":0,"texture":"#0"},"north":{"uv":[1.0,1.0,2.0,2.0],"tintindex":0,"rotation":0,"texture":"#0"},"west":{"uv":[2.0,1.0,3.0,2.0],"tintindex":0,"rotation":0,"texture":"#0"},"up":{"uv":[2.0,1.0,1.0,0.0],"tintindex":0,"rotation":0,"texture":"#0"},"down":{"uv":[3.0,0.0,2.0,1.0],"tintindex":0,"rotation":0,"texture":"#0"}}},{"from":[4.0,8.0,4.0],"to":[12.0,16.0,12.0],"faces":{"east":{"uv":[4.0,1.0,5.0,2.0],"tintindex":0,"rotation":0,"texture":"#0"},"south":{"uv":[7.0,1.0,8.0,2.0],"tintindex":0,"rotation":0,"texture":"#0"},"north":{"uv":[5.0,1.0,6.0,2.0],"tintindex":0,"rotation":0,"texture":"#0"},"west":{"uv":[6.0,1.0,7.0,2.0],"tintindex":0,"rotation":0,"texture":"#0"},"up":{"uv":[6.0,1.0,5.0,0.0],"tintindex":0,"rotation":0,"texture":"#0"},"down":{"uv":[7.0,0.0,6.0,1.0],"tintindex":0,"rotation":0,"texture":"#0"}}}],"display":{"gui":{"rotation":[30,225,0]}}}