{"textures":{"0":"modelengine:entity/nameless_king"},"elements":[{"from":[5.75,5.75,5.75],"to":[10.25,10.25,10.25],"faces":{"east":{"uv":[9.5,1.0,9.0,1.5],"tintindex":0,"rotation":270,"texture":"#0"},"south":{"uv":[9.5,1.5,10.0,2.0],"tintindex":0,"rotation":270,"texture":"#0"},"north":{"uv":[8.5,1.5,9.0,2.0],"tintindex":0,"rotation":90,"texture":"#0"},"west":{"uv":[9.0,1.5,8.5,1.0],"tintindex":0,"rotation":270,"texture":"#0"},"up":{"uv":[8.0,1.5,8.5,2.0],"tintindex":0,"rotation":270,"texture":"#0"},"down":{"uv":[9.0,1.5,9.5,2.0],"tintindex":0,"rotation":270,"texture":"#0"}}}],"display":{"gui":{"rotation":[30,225,0]}}}