{"textures":{"0":"modelengine:entity/nameless_king"},"elements":[{"from":[3.75,-2.0,5.75],"to":[12.25,12.0,10.25],"faces":{"east":{"uv":[3.0,6.625,3.5,8.375],"tintindex":0,"rotation":0,"texture":"#0"},"south":{"uv":[5.0,6.625,6.0,8.375],"tintindex":0,"rotation":0,"texture":"#0"},"north":{"uv":[3.5,6.625,4.5,8.375],"tintindex":0,"rotation":0,"texture":"#0"},"west":{"uv":[4.5,6.625,5.0,8.375],"tintindex":0,"rotation":0,"texture":"#0"},"up":{"uv":[4.5,6.625,3.5,6.125],"tintindex":0,"rotation":0,"texture":"#0"},"down":{"uv":[5.5,6.125,4.5,6.625],"tintindex":0,"rotation":0,"texture":"#0"}}}],"display":{"gui":{"rotation":[30,225,0]}}}