{"textures":{"0":"modelengine:entity/nameless_king"},"elements":[{"from":[8.0,4.5,4.0],"to":[13.0,9.5,10.0],"faces":{"east":{"uv":[4.125,9.625,4.875,10.25],"tintindex":0,"rotation":0,"texture":"#0"},"south":{"uv":[3.5,9.625,4.125,10.25],"tintindex":0,"rotation":0,"texture":"#0"},"north":{"uv":[4.875,9.625,5.5,10.25],"tintindex":0,"rotation":0,"texture":"#0"},"west":{"uv":[5.5,9.625,6.25,10.25],"tintindex":0,"rotation":0,"texture":"#0"},"up":{"uv":[4.875,9.625,4.125,9.0],"tintindex":0,"rotation":90,"texture":"#0"},"down":{"uv":[5.625,9.0,4.875,9.625],"tintindex":0,"rotation":270,"texture":"#0"}}}],"display":{"gui":{"rotation":[30,225,0]}}}