{"textures":{"0":"modelengine:entity/nameless_king"},"elements":[{"from":[6.41667,6.58333,-4.125],"to":[9.41667,9.58333,-3.125],"faces":{"east":{"uv":[0.5,9.625,0.875,9.75],"tintindex":0,"rotation":90,"texture":"#0"},"south":{"uv":[1.625,9.25,1.25,9.625],"tintindex":0,"rotation":0,"texture":"#0"},"north":{"uv":[1.25,9.625,0.875,9.25],"tintindex":0,"rotation":180,"texture":"#0"},"west":{"uv":[1.25,9.625,1.625,9.75],"tintindex":0,"rotation":270,"texture":"#0"},"up":{"uv":[1.625,9.625,2.0,9.75],"tintindex":0,"rotation":0,"texture":"#0"},"down":{"uv":[0.875,9.625,1.25,9.75],"tintindex":0,"rotation":180,"texture":"#0"}}},{"from":[7.41667,7.58333,-3.375],"to":[8.41667,8.58333,22.625],"faces":{"east":{"uv":[0.0,9.375,0.125,12.625],"tintindex":0,"rotation":90,"texture":"#0"},"south":{"uv":[0.375,9.25,0.25,9.375],"tintindex":0,"rotation":0,"texture":"#0"},"north":{"uv":[0.25,9.375,0.125,9.25],"tintindex":0,"rotation":180,"texture":"#0"},"west":{"uv":[0.25,9.375,0.375,12.625],"tintindex":0,"rotation":270,"texture":"#0"},"up":{"uv":[0.375,9.375,0.5,12.625],"tintindex":0,"rotation":0,"texture":"#0"},"down":{"uv":[0.125,9.375,0.25,12.625],"tintindex":0,"rotation":180,"texture":"#0"}}}],"display":{"gui":{"rotation":[30,225,0]}}}