{"textures":{"0":"modelengine:entity/cauldron_slime"},"elements":[{"from":[8.0,10.0,3.5],"to":[9.0,11.0,4.5],"faces":{"east":{"uv":[8.75,4.5,8.5,5.0],"tintindex":0,"rotation":0,"texture":"#0"},"south":{"uv":[9.0,4.5,8.75,5.0],"tintindex":0,"rotation":0,"texture":"#0"},"north":{"uv":[8.5,4.5,8.25,5.0],"tintindex":0,"rotation":0,"texture":"#0"},"west":{"uv":[8.25,4.5,8.0,5.0],"tintindex":0,"rotation":0,"texture":"#0"},"up":{"uv":[8.25,4.5,8.5,4.0],"tintindex":0,"rotation":0,"texture":"#0"},"down":{"uv":[8.5,4.0,8.75,4.5],"tintindex":0,"rotation":0,"texture":"#0"}}},{"from":[4.7,12.0,3.5],"to":[6.7,14.0,5.5],"faces":{"east":{"uv":[9.5,1.0,9.0,2.0],"tintindex":0,"rotation":0,"texture":"#0"},"south":{"uv":[10.0,1.0,9.5,2.0],"tintindex":0,"rotation":0,"texture":"#0"},"north":{"uv":[9.0,1.0,8.5,2.0],"tintindex":0,"rotation":0,"texture":"#0"},"west":{"uv":[8.5,1.0,8.0,2.0],"tintindex":0,"rotation":0,"texture":"#0"},"up":{"uv":[8.5,1.0,9.0,0.0],"tintindex":0,"rotation":0,"texture":"#0"},"down":{"uv":[9.0,0.0,9.5,1.0],"tintindex":0,"rotation":0,"texture":"#0"}}},{"from":[9.3,12.0,3.5],"to":[11.3,14.0,5.5],"faces":{"east":{"uv":[9.5,3.0,9.0,4.0],"tintindex":0,"rotation":0,"texture":"#0"},"south":{"uv":[10.0,3.0,9.5,4.0],"tintindex":0,"rotation":0,"texture":"#0"},"north":{"uv":[9.0,3.0,8.5,4.0],"tintindex":0,"rotation":0,"texture":"#0"},"west":{"uv":[8.5,3.0,8.0,4.0],"tintindex":0,"rotation":0,"texture":"#0"},"up":{"uv":[8.5,3.0,9.0,2.0],"tintindex":0,"rotation":0,"texture":"#0"},"down":{"uv":[9.0,2.0,9.5,3.0],"tintindex":0,"rotation":0,"texture":"#0"}}},{"from":[4.0,8.0,4.0],"to":[12.0,16.0,12.0],"faces":{"east":{"uv":[6.0,4.0,4.0,8.0],"tintindex":0,"rotation":0,"texture":"#0"},"south":{"uv":[8.0,4.0,6.0,8.0],"tintindex":0,"rotation":0,"texture":"#0"},"north":{"uv":[4.0,4.0,2.0,8.0],"tintindex":0,"rotation":0,"texture":"#0"},"west":{"uv":[2.0,4.0,0.0,8.0],"tintindex":0,"rotation":0,"texture":"#0"},"up":{"uv":[2.0,4.0,4.0,0.0],"tintindex":0,"rotation":0,"texture":"#0"},"down":{"uv":[4.0,0.0,6.0,4.0],"tintindex":0,"rotation":0,"texture":"#0"}}},{"from":[4.7,12.0,3.5],"to":[6.7,14.0,5.5],"faces":{"east":{"uv":[9.5,1.0,9.0,2.0],"tintindex":0,"rotation":0,"texture":"#0"},"south":{"uv":[10.0,1.0,9.5,2.0],"tintindex":0,"rotation":0,"texture":"#0"},"north":{"uv":[9.0,1.0,8.5,2.0],"tintindex":0,"rotation":0,"texture":"#0"},"west":{"uv":[8.5,1.0,8.0,2.0],"tintindex":0,"rotation":0,"texture":"#0"},"up":{"uv":[8.5,1.0,9.0,0.0],"tintindex":0,"rotation":0,"texture":"#0"},"down":{"uv":[9.0,0.0,9.5,1.0],"tintindex":0,"rotation":0,"texture":"#0"}}},{"from":[8.0,10.0,3.5],"to":[9.0,11.0,4.5],"faces":{"east":{"uv":[8.75,4.5,8.5,5.0],"tintindex":0,"rotation":0,"texture":"#0"},"south":{"uv":[9.0,4.5,8.75,5.0],"tintindex":0,"rotation":0,"texture":"#0"},"north":{"uv":[8.5,4.5,8.25,5.0],"tintindex":0,"rotation":0,"texture":"#0"},"west":{"uv":[8.25,4.5,8.0,5.0],"tintindex":0,"rotation":0,"texture":"#0"},"up":{"uv":[8.25,4.5,8.5,4.0],"tintindex":0,"rotation":0,"texture":"#0"},"down":{"uv":[8.5,4.0,8.75,4.5],"tintindex":0,"rotation":0,"texture":"#0"}}},{"from":[5.0,9.0,5.0],"to":[11.0,15.0,11.0],"faces":{"east":{"uv":[4.5,11.0,3.0,14.0],"tintindex":0,"rotation":0,"texture":"#0"},"south":{"uv":[6.0,11.0,4.5,14.0],"tintindex":0,"rotation":0,"texture":"#0"},"north":{"uv":[3.0,11.0,1.5,14.0],"tintindex":0,"rotation":0,"texture":"#0"},"west":{"uv":[1.5,11.0,0.0,14.0],"tintindex":0,"rotation":0,"texture":"#0"},"up":{"uv":[1.5,11.0,3.0,8.0],"tintindex":0,"rotation":0,"texture":"#0"},"down":{"uv":[3.0,8.0,4.5,11.0],"tintindex":0,"rotation":0,"texture":"#0"}}},{"from":[9.3,12.0,3.5],"to":[11.3,14.0,5.5],"faces":{"east":{"uv":[9.5,3.0,9.0,4.0],"tintindex":0,"rotation":0,"texture":"#0"},"south":{"uv":[10.0,3.0,9.5,4.0],"tintindex":0,"rotation":0,"texture":"#0"},"north":{"uv":[9.0,3.0,8.5,4.0],"tintindex":0,"rotation":0,"texture":"#0"},"west":{"uv":[8.5,3.0,8.0,4.0],"tintindex":0,"rotation":0,"texture":"#0"},"up":{"uv":[8.5,3.0,9.0,2.0],"tintindex":0,"rotation":0,"texture":"#0"},"down":{"uv":[9.0,2.0,9.5,3.0],"tintindex":0,"rotation":0,"texture":"#0"}}}],"display":{"gui":{"rotation":[30,225,0]}}}