{
  "samus.cod_attack": {
    "category": "master",
    "sounds": [
      "samus/cod/cod_attack"
    ]
  },
  "samus.cod_erupt": {
    "category": "master",
    "sounds": [
      "samus/cod/cod_erupt"
    ]
  },
  "samus.cod_idle": {
    "category": "master",
    "sounds": [
      "samus/cod/cod_idle"
    ]
  },
  "samus.cod_jump": {
    "category": "master",
    "sounds": [
      "samus/cod/cod_jump"
    ]
  },
  "samus.cod_magic": {
    "category": "master",
    "sounds": [
      "samus/cod/cod_magic"
    ]
  },
  "samus.cod_poison": {
    "category": "master",
    "sounds": [
      "samus/cod/cod_poison"
    ]
  },
  "samus.cod_slam": {
    "category": "master",
    "sounds": [
      "samus/cod/cod_slam"
    ]
  }
}