{
 "custom.eliteocean.whalefeedme": {
  "sounds": [
   "custom/eliteocean/whalefeedme"
  ]
 },
 "custom.eliteocean.smallwhalerandom": {
  "sounds": [
   "custom/eliteocean/smallwhalerandom"
  ]
 },
 "custom.eliteocean.smallwhalerandom2": {
  "sounds": [
   "custom/eliteocean/smallwhalerandom2"
  ]
 },
 "custom.eliteocean.swim1": {
  "sounds": [
   "custom/eliteocean/swim1"
  ]
 },
 "custom.eliteocean.swim2": {
  "sounds": [
   "custom/eliteocean/swim2"
  ]
 },
 "custom.eliteocean.whalesplash": {
  "sounds": [
   "custom/eliteocean/whalesplash"
  ]
 },
 "custom.eliteocean.sharkbite": {
  "sounds": [
   "custom/eliteocean/sharkbite"
  ]
 },
 "custom.eliteocean.smallcreaturebubble": {
  "sounds": [
   "custom/eliteocean/smallcreaturebubble"
  ]
 },
 "custom.eliteocean.seabedcreature": {
  "sounds": [
   "custom/eliteocean/seabedcreature"
  ]
 },
 "custom.eliteocean.jellyfishsting": {
  "sounds": [
   "custom/eliteocean/jellyfishsting"
  ]
 },
 "custom.eliteocean.greatwhalesong1": {
  "sounds": [
   "custom/eliteocean/greatwhalesong1"
  ]
 },
 "custom.eliteocean.greatwhalesong2": {
  "sounds": [
   "custom/eliteocean/greatwhalesong2"
  ]
 },
 "custom.eliteocean.pincersnap": {
  "sounds": [
   "custom/eliteocean/pincersnap"
  ]
 },
 "custom.eliteocean.crabwalk": {
  "sounds": [
   "custom/eliteocean/crabwalk"
  ]
 },
 "custom.eliteocean.spermwhalesong1": {
  "sounds": [
   "custom/eliteocean/spermwhalesong1"
  ]
 },
 "custom.eliteocean.spermwhalesong2": {
  "sounds": [
   "custom/eliteocean/spermwhalesong2"
  ]
 },
 "custom.eliteocean.spermwhaleclick": {
  "sounds": [
   "custom/eliteocean/spermwhaleclick"
  ]
 },
 "custom.eliteocean.smallcreaturebite": {
  "sounds": [
   "custom/eliteocean/smallcreaturebite"
  ]
 },
 "custom.eliteocean.smallwhalebite": {
  "sounds": [
   "custom/eliteocean/smallwhalebite"
  ]
 }
}