{"textures":{"0":"modelengine:entity/mso_orca"},"elements":[{"from":[7.5,14.956709,9.440301],"to":[8.5,26.456709,17.4403],"faces":{"east":{"uv":[4.8125,6.125,5.8125,7.5625],"tintindex":0,"rotation":0,"texture":"#0"},"south":{"uv":[1.375,7.25,1.5,8.6875],"tintindex":0,"rotation":0,"texture":"#0"},"north":{"uv":[1.25,7.25,1.375,8.6875],"tintindex":0,"rotation":0,"texture":"#0"},"west":{"uv":[5.8125,6.125,6.8125,7.5625],"tintindex":0,"rotation":0,"texture":"#0"},"up":{"uv":[2.125,3.625,2.0,2.625],"tintindex":0,"rotation":0,"texture":"#0"},"down":{"uv":[2.25,2.625,2.125,3.625],"tintindex":0,"rotation":0,"texture":"#0"}},"rotation":{"origin":[8.0,20.706709,8.440301],"angle":22.5,"axis":"x"}},{"from":[2.0,3.4567084,-5.059699],"to":[14.0,14.956709,10.940301],"faces":{"east":{"uv":[0.0,2.625,2.0,4.0625],"tintindex":0,"rotation":0,"texture":"#0"},"south":{"uv":[1.9375,5.3125,3.4375,6.75],"tintindex":0,"rotation":0,"texture":"#0"},"north":{"uv":[5.3125,1.4375,6.8125,2.875],"tintindex":0,"rotation":0,"texture":"#0"},"west":{"uv":[3.9375,0.0,5.9375,1.4375],"tintindex":0,"rotation":0,"texture":"#0"},"up":{"uv":[3.9375,2.0,2.4375,0.0],"tintindex":0,"rotation":0,"texture":"#0"},"down":{"uv":[3.9375,2.0,2.4375,4.0],"tintindex":0,"rotation":0,"texture":"#0"}}}],"display":{"gui":{"rotation":[30,225,0]}}}