{"textures":{"0":"modelengine:entity/mso_orca"},"elements":[{"from":[-4.035965,7.5,7.5555224],"to":[8.964035,8.5,14.055523],"faces":{"east":{"uv":[5.3125,5.0,6.125,5.125],"tintindex":0,"rotation":0,"texture":"#0"},"south":{"uv":[7.125,4.875,8.75,5.0],"tintindex":0,"rotation":0,"texture":"#0"},"north":{"uv":[6.8125,2.6875,8.4375,2.8125],"tintindex":0,"rotation":0,"texture":"#0"},"west":{"uv":[5.3125,5.125,6.125,5.25],"tintindex":0,"rotation":0,"texture":"#0"},"up":{"uv":[1.625,7.25,0.0,6.4375],"tintindex":0,"rotation":0,"texture":"#0"},"down":{"uv":[1.625,6.4375,0.0,7.25],"tintindex":0,"rotation":0,"texture":"#0"}},"rotation":{"origin":[1.964035,8.0,9.305523],"angle":22.5,"axis":"y"}}],"display":{"gui":{"rotation":[30,225,0]}}}