{"textures":{"0":"modelengine:entity/mso_orca"},"elements":[{"from":[2.5,1.75,8.25],"to":[13.5,12.25,23.75],"faces":{"east":{"uv":[2.0,4.0,3.9375,5.3125],"tintindex":0,"rotation":0,"texture":"#0"},"south":{"uv":[3.4375,5.3125,4.8125,6.625],"tintindex":0,"rotation":0,"texture":"#0"},"north":{"uv":[5.3125,2.875,6.6875,4.1875],"tintindex":0,"rotation":0,"texture":"#0"},"west":{"uv":[0.0,4.0625,1.9375,5.375],"tintindex":0,"rotation":0,"texture":"#0"},"up":{"uv":[5.3125,3.375,3.9375,1.4375],"tintindex":0,"rotation":0,"texture":"#0"},"down":{"uv":[5.3125,3.375,3.9375,5.3125],"tintindex":0,"rotation":0,"texture":"#0"}}}],"display":{"gui":{"rotation":[30,225,0]}}}