{"textures":{"0":"modelengine:entity/mso_orca"},"elements":[{"from":[-2.0,1.0,-1.5],"to":[18.0,9.0,9.5],"faces":{"east":{"uv":[7.3125,0.5,8.0,1.0],"tintindex":0,"rotation":0,"texture":"#0"},"south":{"uv":[7.3125,0.0,8.5625,0.5],"tintindex":0,"rotation":0,"texture":"#0"},"north":{"uv":[7.125,4.375,8.375,4.875],"tintindex":0,"rotation":0,"texture":"#0"},"west":{"uv":[6.8125,7.4375,7.5,7.9375],"tintindex":0,"rotation":0,"texture":"#0"},"up":{"uv":[8.375,4.375,7.125,3.6875],"tintindex":0,"rotation":0,"texture":"#0"},"down":{"uv":[1.25,7.25,0.0,7.9375],"tintindex":0,"rotation":0,"texture":"#0"}}}],"display":{"gui":{"rotation":[30,225,0]}}}