{"textures":{"0":"modelengine:entity/mso_orca"},"elements":[{"from":[7.035965,7.5,7.5555224],"to":[20.035965,8.5,14.055523],"faces":{"east":{"uv":[6.125,5.125,5.3125,5.25],"tintindex":0,"rotation":0,"texture":"#0"},"south":{"uv":[8.75,4.875,7.125,5.0],"tintindex":0,"rotation":0,"texture":"#0"},"north":{"uv":[8.4375,2.6875,6.8125,2.8125],"tintindex":0,"rotation":0,"texture":"#0"},"west":{"uv":[6.125,5.0,5.3125,5.125],"tintindex":0,"rotation":0,"texture":"#0"},"up":{"uv":[0.0,7.25,1.625,6.4375],"tintindex":0,"rotation":0,"texture":"#0"},"down":{"uv":[0.0,6.4375,1.625,7.25],"tintindex":0,"rotation":0,"texture":"#0"}},"rotation":{"origin":[14.035965,8.0,9.305523],"angle":-22.5,"axis":"y"}}],"display":{"gui":{"rotation":[30,225,0]}}}