{"textures":{"0":"modelengine:entity/mso_orca"},"elements":[{"from":[2.0,-1.5,7.5],"to":[14.0,9.5,30.5],"faces":{"east":{"uv":[6.8125,1.0625,8.25,1.75],"tintindex":0,"rotation":0,"texture":"#0"},"south":{"uv":[3.875,7.4375,4.625,8.125],"tintindex":0,"rotation":0,"texture":"#0"},"north":{"uv":[3.125,7.4375,3.875,8.125],"tintindex":0,"rotation":0,"texture":"#0"},"west":{"uv":[6.8125,1.75,8.25,2.4375],"tintindex":0,"rotation":0,"texture":"#0"},"up":{"uv":[2.375,8.1875,1.625,6.75],"tintindex":0,"rotation":0,"texture":"#0"},"down":{"uv":[3.125,6.75,2.375,8.1875],"tintindex":0,"rotation":0,"texture":"#0"}}}],"display":{"gui":{"rotation":[30,225,0]}}}