{"textures":{"0":"modelengine:entity/mso_orca"},"elements":[{"from":[-11.5,8.0,8.0],"to":[27.5,8.0,29.0],"faces":{"up":{"uv":[2.4375,1.3125,0.0,0.0],"tintindex":0,"rotation":0,"texture":"#0"},"down":{"uv":[0.0,1.3125,2.4375,2.625],"tintindex":0,"rotation":0,"texture":"#0"}}},{"from":[-6.5,7.0,3.0],"to":[22.5,9.0,16.0],"faces":{"east":{"uv":[5.9375,1.0625,6.75,1.1875],"tintindex":0,"rotation":0,"texture":"#0"},"south":{"uv":[6.8125,2.5625,8.625,2.6875],"tintindex":0,"rotation":0,"texture":"#0"},"north":{"uv":[6.8125,2.4375,8.625,2.5625],"tintindex":0,"rotation":0,"texture":"#0"},"west":{"uv":[5.9375,1.1875,6.75,1.3125],"tintindex":0,"rotation":0,"texture":"#0"},"up":{"uv":[7.125,5.0,5.3125,4.1875],"tintindex":0,"rotation":0,"texture":"#0"},"down":{"uv":[6.625,5.3125,4.8125,6.125],"tintindex":0,"rotation":0,"texture":"#0"}}}],"display":{"gui":{"rotation":[30,225,0]}}}