{"textures":{"0":"modelengine:entity/mso_orca"},"elements":[{"from":[-3.0,10.64114,-5.544389],"to":[19.0,23.64114,11.455611],"faces":{"east":{"uv":[6.8125,5.8125,7.875,6.625],"tintindex":0,"rotation":0,"texture":"#0"},"south":{"uv":[6.6875,2.875,8.0625,3.6875],"tintindex":0,"rotation":0,"texture":"#0"},"north":{"uv":[3.4375,6.625,4.8125,7.4375],"tintindex":0,"rotation":0,"texture":"#0"},"west":{"uv":[6.8125,6.625,7.875,7.4375],"tintindex":0,"rotation":0,"texture":"#0"},"up":{"uv":[1.375,6.4375,0.0,5.375],"tintindex":0,"rotation":0,"texture":"#0"},"down":{"uv":[7.3125,0.0,5.9375,1.0625],"tintindex":0,"rotation":0,"texture":"#0"}},"rotation":{"origin":[9.0,5.141139,24.455612],"angle":-22.5,"axis":"x"}}],"display":{"gui":{"rotation":[30,225,0]}}}