{
    "bacteria_passive": {
        "sounds": [
            "littleroom_witherstorm:bacteria_passive"
        ]
    },
    "bacteria": {
        "sounds": [
            "littleroom_witherstorm:bacteria1",
            "littleroom_witherstorm:bacteria2",
            "littleroom_witherstorm:bacteria3"
        ]
    },
    "bite": {
        "sounds": [
            "littleroom_witherstorm:bite1",
            "littleroom_witherstorm:bite2"
        ]
    },
    "death": {
        "sounds": [
            "littleroom_witherstorm:death"
        ]
    },
    "death_spike": {
        "sounds": [
            "littleroom_witherstorm:death_spike"
        ]
    },
    "growl": {
        "sounds": [
            "littleroom_witherstorm:growl"
        ]
    },
    "hurt": {
        "sounds": [
            "littleroom_witherstorm:hurt1",
            "littleroom_witherstorm:hurt2",
            "littleroom_witherstorm:hurt3"
        ]
    },
    "tractorbeam": {
        "sounds": [
            "littleroom_witherstorm:tractorbeam1",
            "littleroom_witherstorm:tractorbeam2",
            "littleroom_witherstorm:tractorbeam3"
        ]
    }
}