{"textures":{"0":"modelengine:entity/ender_witch"},"elements":[{"from":[2.5,6.0,-1.0],"to":[13.5,18.0,9.0],"faces":{"east":{"uv":[8.0,0.0,9.25,1.5],"tintindex":0,"rotation":0,"texture":"#0"},"south":{"uv":[7.25,6.75,8.625,8.25],"tintindex":0,"rotation":0,"texture":"#0"},"north":{"uv":[7.25,5.125,8.625,6.625],"tintindex":0,"rotation":0,"texture":"#0"},"west":{"uv":[0.0,8.125,1.25,9.625],"tintindex":0,"rotation":0,"texture":"#0"},"up":{"uv":[9.375,2.875,8.0,1.625],"tintindex":0,"rotation":0,"texture":"#0"},"down":{"uv":[2.75,8.125,1.375,9.375],"tintindex":0,"rotation":0,"texture":"#0"}}}],"display":{"gui":{"rotation":[30,225,0]}}}