{"textures":{"0":"modelengine:entity/ender_witch"},"elements":[{"from":[2.25,6.5,-13.237499],"to":[8.25,9.5,10.7625],"faces":{"east":{"uv":[2.25,9.5,2.625,12.5],"tintindex":0,"rotation":270,"texture":"#0"},"south":{"uv":[8.0,12.375,7.625,11.625],"tintindex":0,"rotation":90,"texture":"#0"},"north":{"uv":[12.0,11.375,11.625,12.125],"tintindex":0,"rotation":90,"texture":"#0"},"west":{"uv":[2.25,9.5,2.625,12.5],"tintindex":0,"rotation":90,"texture":"#0"},"up":{"uv":[3.0,6.25,3.75,9.25],"tintindex":0,"rotation":180,"texture":"#0"},"down":{"uv":[3.0,6.25,3.75,9.25],"tintindex":0,"rotation":0,"texture":"#0"}}}],"display":{"gui":{"rotation":[30,225,0]}}}