{"textures":{"0":"modelengine:entity/ender_witch"},"elements":[{"from":[-2.9608994,7.3034286,-4.0],"to":[15.039101,16.303429,20.0],"faces":{"east":{"uv":[3.125,3.125,6.125,4.25],"tintindex":0,"rotation":0,"texture":"#0"},"south":{"uv":[7.0,1.5,4.75,2.625],"tintindex":0,"rotation":0,"texture":"#0"},"north":{"uv":[4.75,1.5,7.0,2.625],"tintindex":0,"rotation":0,"texture":"#0"},"west":{"uv":[3.125,3.125,6.125,4.25],"tintindex":0,"rotation":0,"texture":"#0"},"up":{"uv":[2.25,3.0,0.0,0.0],"tintindex":0,"rotation":0,"texture":"#0"},"down":{"uv":[4.625,0.0,2.375,3.0],"tintindex":0,"rotation":0,"texture":"#0"}},"rotation":{"origin":[8.039101,11.303429,7.0],"angle":22.5,"axis":"z"}}],"display":{"gui":{"rotation":[30,225,0]}}}