{"textures":{"0":"modelengine:entity/ender_witch"},"elements":[{"from":[0.5,6.0,2.5],"to":[15.5,20.0,13.5],"faces":{"east":{"uv":[0.0,6.25,1.375,8.0],"tintindex":0,"rotation":0,"texture":"#0"},"south":{"uv":[2.0,4.375,3.875,6.125],"tintindex":0,"rotation":0,"texture":"#0"},"north":{"uv":[0.0,4.375,1.875,6.125],"tintindex":0,"rotation":0,"texture":"#0"},"west":{"uv":[1.5,6.25,2.875,8.0],"tintindex":0,"rotation":0,"texture":"#0"},"up":{"uv":[5.875,5.75,4.0,4.375],"tintindex":0,"rotation":0,"texture":"#0"},"down":{"uv":[6.625,0.0,4.75,1.375],"tintindex":0,"rotation":0,"texture":"#0"}}}],"display":{"gui":{"rotation":[30,225,0]}}}