{"textures":{"0":"modelengine:entity/mso_giant_squid"},"elements":[{"from":[7.0,7.0,8.0],"to":[9.0,9.0,22.0],"faces":{"east":{"uv":[8.375,0.5,10.125,0.75],"tintindex":0,"rotation":0,"texture":"#0"},"south":{"uv":[9.125,7.5,9.375,7.75],"tintindex":0,"rotation":0,"texture":"#0"},"north":{"uv":[4.875,9.125,5.125,9.375],"tintindex":0,"rotation":0,"texture":"#0"},"west":{"uv":[8.375,0.75,10.125,1.0],"tintindex":0,"rotation":0,"texture":"#0"},"up":{"uv":[3.875,10.0,3.625,8.25],"tintindex":0,"rotation":0,"texture":"#0"},"down":{"uv":[4.125,8.25,3.875,10.0],"tintindex":0,"rotation":0,"texture":"#0"}}}],"display":{"gui":{"rotation":[30,225,0]}}}