{"textures":{"0":"modelengine:entity/mso_giant_squid"},"elements":[{"from":[7.0,7.0,8.5],"to":[9.0,9.0,27.5],"faces":{"east":{"uv":[7.25,7.0,9.625,7.25],"tintindex":0,"rotation":0,"texture":"#0"},"south":{"uv":[4.625,9.125,4.875,9.375],"tintindex":0,"rotation":0,"texture":"#0"},"north":{"uv":[9.0,9.0,9.25,9.25],"tintindex":0,"rotation":0,"texture":"#0"},"west":{"uv":[6.25,7.5,8.625,7.75],"tintindex":0,"rotation":0,"texture":"#0"},"up":{"uv":[1.25,10.125,1.0,7.75],"tintindex":0,"rotation":0,"texture":"#0"},"down":{"uv":[1.5,7.75,1.25,10.125],"tintindex":0,"rotation":0,"texture":"#0"}}}],"display":{"gui":{"rotation":[30,225,0]}}}