{"textures":{"0":"modelengine:entity/mso_giant_squid"},"elements":[{"from":[13.5,6.0,11.666667],"to":[14.5,10.0,15.666667],"faces":{"east":{"uv":[1.5,8.875,2.0,9.375],"tintindex":0,"rotation":0,"texture":"#0"},"south":{"uv":[5.125,8.625,5.25,9.125],"tintindex":0,"rotation":0,"texture":"#0"},"north":{"uv":[1.5,8.375,1.625,8.875],"tintindex":0,"rotation":0,"texture":"#0"},"west":{"uv":[2.0,8.875,2.5,9.375],"tintindex":0,"rotation":0,"texture":"#0"},"up":{"uv":[2.625,9.375,2.5,8.875],"tintindex":0,"rotation":0,"texture":"#0"},"down":{"uv":[5.25,9.125,5.125,9.625],"tintindex":0,"rotation":0,"texture":"#0"}}},{"from":[1.5,6.0,11.666667],"to":[2.5,10.0,15.666667],"faces":{"east":{"uv":[4.625,8.625,5.125,9.125],"tintindex":0,"rotation":0,"texture":"#0"},"south":{"uv":[1.5,6.875,1.625,7.375],"tintindex":0,"rotation":0,"texture":"#0"},"north":{"uv":[1.5,6.375,1.625,6.875],"tintindex":0,"rotation":0,"texture":"#0"},"west":{"uv":[8.75,8.5,9.25,9.0],"tintindex":0,"rotation":0,"texture":"#0"},"up":{"uv":[1.625,7.875,1.5,7.375],"tintindex":0,"rotation":0,"texture":"#0"},"down":{"uv":[1.625,7.875,1.5,8.375],"tintindex":0,"rotation":0,"texture":"#0"}}},{"from":[2.5,4.5,8.666667],"to":[13.5,11.5,20.666668],"faces":{"east":{"uv":[5.625,2.25,7.125,3.125],"tintindex":0,"rotation":0,"texture":"#0"},"south":{"uv":[5.875,4.875,7.25,5.75],"tintindex":0,"rotation":0,"texture":"#0"},"north":{"uv":[5.625,4.0,7.0,4.875],"tintindex":0,"rotation":0,"texture":"#0"},"west":{"uv":[5.625,3.125,7.125,4.0],"tintindex":0,"rotation":0,"texture":"#0"},"up":{"uv":[5.625,3.75,4.25,2.25],"tintindex":0,"rotation":0,"texture":"#0"},"down":{"uv":[5.625,2.25,4.25,3.75],"tintindex":0,"rotation":0,"texture":"#0"}}}],"display":{"gui":{"rotation":[30,225,0]}}}