{"textures":{"0":"modelengine:entity/mso_giant_squid"},"elements":[{"from":[7.5,7.5,8.0],"to":[8.5,8.5,22.5],"faces":{"east":{"uv":[5.875,5.75,9.5,6.0],"tintindex":0,"rotation":0,"texture":"#0"},"south":{"uv":[9.25,9.25,9.5,9.5],"tintindex":0,"rotation":0,"texture":"#0"},"north":{"uv":[9.25,9.0,9.5,9.25],"tintindex":0,"rotation":0,"texture":"#0"},"west":{"uv":[5.875,6.0,9.5,6.25],"tintindex":0,"rotation":0,"texture":"#0"},"up":{"uv":[1.875,8.875,1.625,5.25],"tintindex":0,"rotation":0,"texture":"#0"},"down":{"uv":[2.125,5.25,1.875,8.875],"tintindex":0,"rotation":0,"texture":"#0"}}},{"from":[7.0,7.75,21.5],"to":[9.0,8.25,27.0],"faces":{"east":{"uv":[4.25,6.375,5.625,6.5],"tintindex":0,"rotation":0,"texture":"#0"},"south":{"uv":[8.5,3.875,9.0,4.0],"tintindex":0,"rotation":0,"texture":"#0"},"north":{"uv":[8.375,2.125,8.875,2.25],"tintindex":0,"rotation":0,"texture":"#0"},"west":{"uv":[7.125,3.875,8.5,4.0],"tintindex":0,"rotation":0,"texture":"#0"},"up":{"uv":[1.5,7.75,1.0,6.375],"tintindex":0,"rotation":0,"texture":"#0"},"down":{"uv":[1.5,6.375,1.0,7.75],"tintindex":0,"rotation":0,"texture":"#0"}}}],"display":{"gui":{"rotation":[30,225,0]}}}