{"textures":{"0":"modelengine:entity/mso_giant_squid"},"elements":[{"from":[7.0,7.0,8.0],"to":[9.0,9.0,23.0],"faces":{"east":{"uv":[10.125,8.25,8.25,8.5],"tintindex":0,"rotation":0,"texture":"#0"},"south":{"uv":[5.125,9.375,4.875,9.625],"tintindex":0,"rotation":0,"texture":"#0"},"north":{"uv":[4.875,9.375,4.625,9.625],"tintindex":0,"rotation":0,"texture":"#0"},"west":{"uv":[10.125,8.0,8.25,8.25],"tintindex":0,"rotation":0,"texture":"#0"},"up":{"uv":[2.625,10.125,2.875,8.25],"tintindex":0,"rotation":0,"texture":"#0"},"down":{"uv":[2.875,8.25,3.125,10.125],"tintindex":0,"rotation":0,"texture":"#0"}}}],"display":{"gui":{"rotation":[30,225,0]}}}