{"textures":{"0":"modelengine:entity/mso_giant_squid"},"elements":[{"from":[7.0,7.0,8.5],"to":[9.0,9.0,25.5],"faces":{"east":{"uv":[10.0,6.5,7.875,6.75],"tintindex":0,"rotation":0,"texture":"#0"},"south":{"uv":[7.875,6.5,8.125,6.75],"tintindex":0,"rotation":0,"texture":"#0"},"north":{"uv":[7.875,6.5,10.0,6.75],"tintindex":0,"rotation":0,"texture":"#0"},"west":{"uv":[7.875,6.5,10.0,6.75],"tintindex":0,"rotation":0,"texture":"#0"},"up":{"uv":[7.875,6.5,10.0,6.75],"tintindex":0,"rotation":90,"texture":"#0"},"down":{"uv":[7.875,6.5,10.0,6.75],"tintindex":0,"rotation":270,"texture":"#0"}}}],"display":{"gui":{"rotation":[30,225,0]}}}