{"textures":{"0":"modelengine:entity/mso_giant_squid"},"elements":[{"from":[7.5,7.5,8.25],"to":[8.5,8.5,20.25],"faces":{"east":{"uv":[4.25,6.75,7.25,7.0],"tintindex":0,"rotation":0,"texture":"#0"},"south":{"uv":[0.25,9.375,0.5,9.625],"tintindex":0,"rotation":0,"texture":"#0"},"north":{"uv":[0.0,9.375,0.25,9.625],"tintindex":0,"rotation":0,"texture":"#0"},"west":{"uv":[7.0,4.0,10.0,4.25],"tintindex":0,"rotation":0,"texture":"#0"},"up":{"uv":[0.25,9.375,0.0,6.375],"tintindex":0,"rotation":0,"texture":"#0"},"down":{"uv":[0.5,6.375,0.25,9.375],"tintindex":0,"rotation":0,"texture":"#0"}}}],"display":{"gui":{"rotation":[30,225,0]}}}