{"textures":{"0":"modelengine:entity/mso_giant_squid"},"elements":[{"from":[7.0,7.0,8.0],"to":[9.0,9.0,27.0],"faces":{"east":{"uv":[9.625,6.75,7.25,7.0],"tintindex":0,"rotation":0,"texture":"#0"},"south":{"uv":[9.0,9.0,8.75,9.25],"tintindex":0,"rotation":0,"texture":"#0"},"north":{"uv":[9.125,7.5,8.875,7.75],"tintindex":0,"rotation":0,"texture":"#0"},"west":{"uv":[9.625,5.5,7.25,5.75],"tintindex":0,"rotation":0,"texture":"#0"},"up":{"uv":[5.75,9.875,6.0,7.5],"tintindex":0,"rotation":0,"texture":"#0"},"down":{"uv":[6.0,7.5,6.25,9.875],"tintindex":0,"rotation":0,"texture":"#0"}}}],"display":{"gui":{"rotation":[30,225,0]}}}