{"textures":{"0":"modelengine:entity/mso_giant_squid"},"elements":[{"from":[-2.2320719,6.9818707,-9.146446],"to":[18.76793,8.981871,11.853554],"faces":{"east":{"uv":[7.125,3.625,9.75,3.875],"tintindex":0,"rotation":0,"texture":"#0"},"south":{"uv":[7.25,4.75,9.875,5.0],"tintindex":0,"rotation":0,"texture":"#0"},"north":{"uv":[7.0,4.5,9.625,4.75],"tintindex":0,"rotation":0,"texture":"#0"},"west":{"uv":[7.25,5.0,9.875,5.25],"tintindex":0,"rotation":0,"texture":"#0"},"up":{"uv":[2.625,2.625,0.0,0.0],"tintindex":0,"rotation":0,"texture":"#0"},"down":{"uv":[2.625,0.0,0.0,2.625],"tintindex":0,"rotation":0,"texture":"#0"}},"rotation":{"origin":[7.267928,8.981871,1.3535538],"angle":45.0,"axis":"y"}},{"from":[1.4750347,3.4818711,-1.1464462],"to":[14.475035,12.481871,31.853554],"faces":{"east":{"uv":[4.25,0.0,8.375,1.125],"tintindex":0,"rotation":0,"texture":"#0"},"south":{"uv":[4.25,5.25,5.875,6.375],"tintindex":0,"rotation":0,"texture":"#0"},"north":{"uv":[0.0,5.25,1.625,6.375],"tintindex":0,"rotation":0,"texture":"#0"},"west":{"uv":[4.25,1.125,8.375,2.25],"tintindex":0,"rotation":0,"texture":"#0"},"up":{"uv":[4.25,4.125,2.625,0.0],"tintindex":0,"rotation":0,"texture":"#0"},"down":{"uv":[4.25,0.0,2.625,4.125],"tintindex":0,"rotation":0,"texture":"#0"}}}],"display":{"gui":{"rotation":[30,225,0]}}}