{"textures":{"0":"modelengine:entity/mso_giant_squid"},"elements":[{"from":[7.0,7.75,21.5],"to":[9.0,8.25,27.0],"faces":{"east":{"uv":[7.625,3.5,9.0,3.625],"tintindex":0,"rotation":0,"texture":"#0"},"south":{"uv":[9.0,3.5,9.5,3.625],"tintindex":0,"rotation":0,"texture":"#0"},"north":{"uv":[8.875,2.125,9.375,2.25],"tintindex":0,"rotation":0,"texture":"#0"},"west":{"uv":[8.375,2.0,9.75,2.125],"tintindex":0,"rotation":0,"texture":"#0"},"up":{"uv":[4.75,8.625,4.25,7.25],"tintindex":0,"rotation":0,"texture":"#0"},"down":{"uv":[1.5,6.375,1.0,7.75],"tintindex":0,"rotation":0,"texture":"#0"}}},{"from":[7.5,7.5,8.0],"to":[8.5,8.5,22.5],"faces":{"east":{"uv":[5.875,6.25,9.5,6.5],"tintindex":0,"rotation":0,"texture":"#0"},"south":{"uv":[0.75,9.375,1.0,9.625],"tintindex":0,"rotation":0,"texture":"#0"},"north":{"uv":[0.5,9.375,0.75,9.625],"tintindex":0,"rotation":0,"texture":"#0"},"west":{"uv":[4.25,6.5,7.875,6.75],"tintindex":0,"rotation":0,"texture":"#0"},"up":{"uv":[2.375,8.875,2.125,5.25],"tintindex":0,"rotation":0,"texture":"#0"},"down":{"uv":[2.625,5.25,2.375,8.875],"tintindex":0,"rotation":0,"texture":"#0"}}}],"display":{"gui":{"rotation":[30,225,0]}}}