{"textures":{"0":"modelengine:entity/mso_giant_squid"},"elements":[{"from":[7.0,7.0,8.0],"to":[9.0,9.0,27.0],"faces":{"east":{"uv":[7.25,5.5,9.625,5.75],"tintindex":0,"rotation":0,"texture":"#0"},"south":{"uv":[8.75,9.0,9.0,9.25],"tintindex":0,"rotation":0,"texture":"#0"},"north":{"uv":[8.875,7.5,9.125,7.75],"tintindex":0,"rotation":0,"texture":"#0"},"west":{"uv":[7.25,6.75,9.625,7.0],"tintindex":0,"rotation":0,"texture":"#0"},"up":{"uv":[6.0,9.875,5.75,7.5],"tintindex":0,"rotation":0,"texture":"#0"},"down":{"uv":[6.25,7.5,6.0,9.875],"tintindex":0,"rotation":0,"texture":"#0"}}}],"display":{"gui":{"rotation":[30,225,0]}}}