{"textures":{"0":"modelengine:entity/mso_giant_squid"},"elements":[{"from":[7.0,7.0,8.5],"to":[9.0,9.0,27.5],"faces":{"east":{"uv":[5.25,7.25,7.625,7.5],"tintindex":0,"rotation":0,"texture":"#0"},"south":{"uv":[8.625,7.5,8.875,7.75],"tintindex":0,"rotation":0,"texture":"#0"},"north":{"uv":[5.625,4.875,5.875,5.125],"tintindex":0,"rotation":0,"texture":"#0"},"west":{"uv":[7.25,5.25,9.625,5.5],"tintindex":0,"rotation":0,"texture":"#0"},"up":{"uv":[5.5,9.875,5.25,7.5],"tintindex":0,"rotation":0,"texture":"#0"},"down":{"uv":[5.75,7.5,5.5,9.875],"tintindex":0,"rotation":0,"texture":"#0"}}}],"display":{"gui":{"rotation":[30,225,0]}}}