{"textures":{"0":"modelengine:entity/mso_giant_squid"},"elements":[{"from":[7.0,7.0,8.5],"to":[9.0,9.0,25.5],"faces":{"east":{"uv":[7.625,3.25,9.75,3.5],"tintindex":0,"rotation":0,"texture":"#0"},"south":{"uv":[2.25,9.375,2.5,9.625],"tintindex":0,"rotation":0,"texture":"#0"},"north":{"uv":[2.0,9.375,2.25,9.625],"tintindex":0,"rotation":0,"texture":"#0"},"west":{"uv":[7.625,7.25,9.75,7.5],"tintindex":0,"rotation":0,"texture":"#0"},"up":{"uv":[7.5,9.875,7.25,7.75],"tintindex":0,"rotation":0,"texture":"#0"},"down":{"uv":[7.75,7.75,7.5,9.875],"tintindex":0,"rotation":0,"texture":"#0"}}}],"display":{"gui":{"rotation":[30,225,0]}}}