{"textures":{"0":"modelengine:entity/mso_giant_squid"},"elements":[{"from":[7.0,7.0,8.0],"to":[9.0,9.0,22.0],"faces":{"east":{"uv":[8.375,1.0,10.125,1.25],"tintindex":0,"rotation":0,"texture":"#0"},"south":{"uv":[9.0,9.25,9.25,9.5],"tintindex":0,"rotation":0,"texture":"#0"},"north":{"uv":[9.25,8.75,9.5,9.0],"tintindex":0,"rotation":0,"texture":"#0"},"west":{"uv":[8.375,1.25,10.125,1.5],"tintindex":0,"rotation":0,"texture":"#0"},"up":{"uv":[8.5,10.25,8.25,8.5],"tintindex":0,"rotation":0,"texture":"#0"},"down":{"uv":[8.75,8.5,8.5,10.25],"tintindex":0,"rotation":0,"texture":"#0"}}}],"display":{"gui":{"rotation":[30,225,0]}}}