{"textures":{"0":"modelengine:entity/mso_giant_squid"},"elements":[{"from":[7.0,7.0,8.5],"to":[9.0,9.0,21.5],"faces":{"east":{"uv":[8.375,1.5,10.0,1.75],"tintindex":0,"rotation":0,"texture":"#0"},"south":{"uv":[8.75,9.25,9.0,9.5],"tintindex":0,"rotation":0,"texture":"#0"},"north":{"uv":[9.25,8.5,9.5,8.75],"tintindex":0,"rotation":0,"texture":"#0"},"west":{"uv":[8.375,1.75,10.0,2.0],"tintindex":0,"rotation":0,"texture":"#0"},"up":{"uv":[4.375,10.25,4.125,8.625],"tintindex":0,"rotation":0,"texture":"#0"},"down":{"uv":[4.625,8.625,4.375,10.25],"tintindex":0,"rotation":0,"texture":"#0"}}}],"display":{"gui":{"rotation":[30,225,0]}}}