{"textures":{"0":"modelengine:entity/beluga"},"elements":[{"from":[4.7606206,6.9231873,-10.694462],"to":[11.672804,14.323187,-7.509348],"faces":{"east":{"uv":[6.5,3.625,6.375,4.3125],"tintindex":0,"rotation":0,"texture":"#0"},"south":{"uv":[7.625,3.5,8.5,4.1875],"tintindex":0,"rotation":0,"texture":"#0"},"north":{"uv":[7.625,2.75,8.5,3.4375],"tintindex":0,"rotation":0,"texture":"#0"},"west":{"uv":[6.375,3.625,6.5,4.3125],"tintindex":0,"rotation":0,"texture":"#0"},"up":{"uv":[9.5,0.75,8.625,0.625],"tintindex":0,"rotation":0,"texture":"#0"},"down":{"uv":[9.5,8.375,8.625,8.5],"tintindex":0,"rotation":0,"texture":"#0"}}},{"from":[5.4190664,7.10219,-11.66148],"to":[10.981232,14.32559,-8.672188],"faces":{"east":{"uv":[7.75,4.25,7.625,4.875],"tintindex":0,"rotation":0,"texture":"#0"},"south":{"uv":[7.875,8.125,8.5625,8.75],"tintindex":0,"rotation":0,"texture":"#0"},"north":{"uv":[7.125,8.125,7.8125,8.75],"tintindex":0,"rotation":0,"texture":"#0"},"west":{"uv":[7.625,4.25,7.75,4.875],"tintindex":0,"rotation":0,"texture":"#0"},"up":{"uv":[9.5625,9.0,8.875,8.875],"tintindex":0,"rotation":0,"texture":"#0"},"down":{"uv":[2.9375,9.0,2.25,9.125],"tintindex":0,"rotation":0,"texture":"#0"}}},{"from":[1.9320993,3.0244908,-3.958991],"to":[14.31864,14.134232,7.1678524],"faces":{"east":{"uv":[5.875,6.0,4.5,7.375],"tintindex":0,"rotation":0,"texture":"#0"},"south":{"uv":[3.25,4.625,4.8125,6.0],"tintindex":0,"rotation":0,"texture":"#0"},"north":{"uv":[1.625,3.75,3.1875,5.125],"tintindex":0,"rotation":0,"texture":"#0"},"west":{"uv":[4.5,6.0,5.875,7.375],"tintindex":0,"rotation":0,"texture":"#0"},"up":{"uv":[1.5625,6.25,0.0,4.875],"tintindex":0,"rotation":0,"texture":"#0"},"down":{"uv":[6.4375,4.625,4.875,6.0],"tintindex":0,"rotation":0,"texture":"#0"}}},{"from":[5.9542885,7.163972,-12.933001],"to":[10.460356,13.691817,-9.648817],"faces":{"east":{"uv":[6.9375,8.625,6.75,9.1875],"tintindex":0,"rotation":0,"texture":"#0"},"south":{"uv":[1.125,8.5,1.6875,9.0625],"tintindex":0,"rotation":0,"texture":"#0"},"north":{"uv":[0.5,8.5,1.0625,9.0625],"tintindex":0,"rotation":0,"texture":"#0"},"west":{"uv":[6.75,8.625,6.9375,9.1875],"tintindex":0,"rotation":0,"texture":"#0"},"up":{"uv":[6.3125,8.9375,5.75,8.75],"tintindex":0,"rotation":0,"texture":"#0"},"down":{"uv":[7.5625,8.75,7.0,8.9375],"tintindex":0,"rotation":0,"texture":"#0"}}},{"from":[3.766158,3.5844908,-7.960352],"to":[12.3103695,14.544491,-4.722496],"faces":{"east":{"uv":[3.375,8.125,3.0,9.375],"tintindex":0,"rotation":0,"texture":"#0"},"south":{"uv":[6.5,3.625,7.5625,4.875],"tintindex":0,"rotation":0,"texture":"#0"},"north":{"uv":[1.375,6.5,2.4375,7.75],"tintindex":0,"rotation":0,"texture":"#0"},"west":{"uv":[3.0,8.125,3.375,9.375],"tintindex":0,"rotation":0,"texture":"#0"},"up":{"uv":[9.3125,6.125,8.25,5.75],"tintindex":0,"rotation":0,"texture":"#0"},"down":{"uv":[9.3125,6.125,8.25,6.5],"tintindex":0,"rotation":0,"texture":"#0"}}},{"from":[5.9531507,7.324495,-13.976402],"to":[10.453151,11.024494,-10.933001],"faces":{"east":{"uv":[0.5,9.25,0.375,9.4375],"tintindex":0,"rotation":0,"texture":"#0"},"south":{"uv":[8.75,7.25,9.3125,7.4375],"tintindex":0,"rotation":0,"texture":"#0"},"north":{"uv":[8.75,7.0,9.3125,7.1875],"tintindex":0,"rotation":0,"texture":"#0"},"west":{"uv":[0.375,9.25,0.5,9.4375],"tintindex":0,"rotation":0,"texture":"#0"},"up":{"uv":[9.5625,4.125,9.0,4.0],"tintindex":0,"rotation":0,"texture":"#0"},"down":{"uv":[6.0625,9.0,5.5,9.125],"tintindex":0,"rotation":0,"texture":"#0"}}},{"from":[2.7635384,3.5521903,-4.8237267],"to":[13.240156,14.65219,-3.8476572],"faces":{"east":{"uv":[6.75,8.25,6.625,9.5625],"tintindex":0,"rotation":0,"texture":"#0"},"south":{"uv":[0.0,6.25,1.3125,7.5625],"tintindex":0,"rotation":0,"texture":"#0"},"north":{"uv":[5.875,6.0,7.1875,7.3125],"tintindex":0,"rotation":0,"texture":"#0"},"west":{"uv":[6.625,8.25,6.75,9.5625],"tintindex":0,"rotation":0,"texture":"#0"},"up":{"uv":[9.8125,5.75,8.5,5.625],"tintindex":0,"rotation":0,"texture":"#0"},"down":{"uv":[9.9375,0.5,8.625,0.625],"tintindex":0,"rotation":0,"texture":"#0"}}}],"display":{"gui":{"rotation":[30,225,0]}}}