{"textures":{"0":"modelengine:entity/beluga"},"elements":[{"from":[9.533436,7.576139,3.2810073],"to":[15.353764,8.740205,9.587271],"faces":{"east":{"uv":[8.875,1.0,9.6875,1.125],"tintindex":0,"rotation":0,"texture":"#0"},"south":{"uv":[8.875,2.0,9.625,2.125],"tintindex":0,"rotation":0,"texture":"#0"},"north":{"uv":[8.875,1.875,9.625,2.0],"tintindex":0,"rotation":0,"texture":"#0"},"west":{"uv":[8.875,1.125,9.6875,1.25],"tintindex":0,"rotation":0,"texture":"#0"},"up":{"uv":[6.75,8.1875,6.0,7.375],"tintindex":0,"rotation":0,"texture":"#0"},"down":{"uv":[0.75,7.625,0.0,8.4375],"tintindex":0,"rotation":0,"texture":"#0"}},"rotation":{"origin":[13.513198,11.868013,20.790138],"angle":22.5,"axis":"y"}},{"from":[-3.365158,7.537337,17.077953],"to":[-1.000309,8.701403,19.018063],"faces":{"east":{"uv":[1.375,6.375,1.625,6.5],"tintindex":0,"rotation":0,"texture":"#0"},"south":{"uv":[9.125,8.25,9.4375,8.375],"tintindex":0,"rotation":0,"texture":"#0"},"north":{"uv":[9.125,8.125,9.4375,8.25],"tintindex":0,"rotation":0,"texture":"#0"},"west":{"uv":[5.75,8.125,6.0,8.25],"tintindex":0,"rotation":0,"texture":"#0"},"up":{"uv":[3.6875,9.25,3.375,9.0],"tintindex":0,"rotation":0,"texture":"#0"},"down":{"uv":[9.3125,3.5,9.0,3.75],"tintindex":0,"rotation":0,"texture":"#0"}},"rotation":{"origin":[13.513198,11.868013,20.790138],"angle":-22.5,"axis":"y"}},{"from":[-4.6794147,7.576139,22.100533],"to":[-0.73799896,8.740205,23.991688],"faces":{"east":{"uv":[6.125,1.5,6.375,1.625],"tintindex":0,"rotation":0,"texture":"#0"},"south":{"uv":[1.0,9.125,1.5,9.25],"tintindex":0,"rotation":0,"texture":"#0"},"north":{"uv":[0.5,9.125,1.0,9.25],"tintindex":0,"rotation":0,"texture":"#0"},"west":{"uv":[1.375,6.25,1.625,6.375],"tintindex":0,"rotation":0,"texture":"#0"},"up":{"uv":[5.625,1.625,5.125,1.375],"tintindex":0,"rotation":0,"texture":"#0"},"down":{"uv":[6.125,1.375,5.625,1.625],"tintindex":0,"rotation":0,"texture":"#0"}},"rotation":{"origin":[13.513198,11.868013,20.790138],"angle":-45.0,"axis":"y"}},{"from":[5.653217,7.614941,3.683341],"to":[9.533436,8.779007,9.201321],"faces":{"east":{"uv":[9.0,2.25,9.6875,2.375],"tintindex":0,"rotation":0,"texture":"#0"},"south":{"uv":[9.0,9.0,9.5,9.125],"tintindex":0,"rotation":0,"texture":"#0"},"north":{"uv":[8.5,9.0,9.0,9.125],"tintindex":0,"rotation":0,"texture":"#0"},"west":{"uv":[9.0,2.375,9.6875,2.5],"tintindex":0,"rotation":0,"texture":"#0"},"up":{"uv":[8.75,7.6875,8.25,7.0],"tintindex":0,"rotation":0,"texture":"#0"},"down":{"uv":[8.875,0.75,8.375,1.4375],"tintindex":0,"rotation":0,"texture":"#0"}},"rotation":{"origin":[13.513198,11.868013,20.790138],"angle":22.5,"axis":"y"}}],"display":{"gui":{"rotation":[30,225,0]}}}