{"textures":{"0":"modelengine:entity/beluga"},"elements":[{"from":[5.0542793,6.6851864,1.920897],"to":[9.554279,8.085186,4.8413663],"faces":{"east":{"uv":[0.75,9.25,0.625,9.4375],"tintindex":0,"rotation":0,"texture":"#0"},"south":{"uv":[7.625,8.75,8.1875,8.9375],"tintindex":0,"rotation":0,"texture":"#0"},"north":{"uv":[8.75,7.5,9.3125,7.6875],"tintindex":0,"rotation":0,"texture":"#0"},"west":{"uv":[0.625,9.25,0.75,9.4375],"tintindex":0,"rotation":0,"texture":"#0"},"up":{"uv":[9.5625,6.625,9.0,6.5],"tintindex":0,"rotation":0,"texture":"#0"},"down":{"uv":[9.5625,6.625,9.0,6.75],"tintindex":0,"rotation":0,"texture":"#0"}}},{"from":[3.84935,4.9806333,4.6300483],"to":[10.761534,8.180634,7.8151617],"faces":{"east":{"uv":[6.5,8.75,6.375,9.25],"tintindex":0,"rotation":0,"texture":"#0"},"south":{"uv":[4.25,8.125,5.125,8.625],"tintindex":0,"rotation":0,"texture":"#0"},"north":{"uv":[3.375,8.125,4.25,8.625],"tintindex":0,"rotation":0,"texture":"#0"},"west":{"uv":[6.375,8.75,6.5,9.25],"tintindex":0,"rotation":0,"texture":"#0"},"up":{"uv":[9.5,8.625,8.625,8.5],"tintindex":0,"rotation":0,"texture":"#0"},"down":{"uv":[9.5,8.625,8.625,8.75],"tintindex":0,"rotation":0,"texture":"#0"}}},{"from":[4.5152407,4.790586,4.2419934],"to":[10.077406,7.8808937,6.6962113],"faces":{"east":{"uv":[9.3125,0.0,9.25,0.5],"tintindex":0,"rotation":0,"texture":"#0"},"south":{"uv":[8.25,6.5,8.9375,7.0],"tintindex":0,"rotation":0,"texture":"#0"},"north":{"uv":[5.75,8.25,6.4375,8.75],"tintindex":0,"rotation":0,"texture":"#0"},"west":{"uv":[9.25,0.0,9.3125,0.5],"tintindex":0,"rotation":0,"texture":"#0"},"up":{"uv":[9.8125,5.5625,9.125,5.5],"tintindex":0,"rotation":0,"texture":"#0"},"down":{"uv":[6.3125,9.125,5.625,9.1875],"tintindex":0,"rotation":0,"texture":"#0"}}},{"from":[5.1101847,5.8549523,2.786447],"to":[9.616252,8.035629,6.2419934],"faces":{"east":{"uv":[2.4375,7.75,2.25,8.125],"tintindex":0,"rotation":0,"texture":"#0"},"south":{"uv":[8.25,7.75,8.8125,8.125],"tintindex":0,"rotation":0,"texture":"#0"},"north":{"uv":[6.625,1.0,7.1875,1.375],"tintindex":0,"rotation":0,"texture":"#0"},"west":{"uv":[2.25,7.75,2.4375,8.125],"tintindex":0,"rotation":0,"texture":"#0"},"up":{"uv":[8.8125,8.9375,8.25,8.75],"tintindex":0,"rotation":0,"texture":"#0"},"down":{"uv":[9.4375,0.75,8.875,0.9375],"tintindex":0,"rotation":0,"texture":"#0"}}}],"display":{"gui":{"rotation":[30,225,0]}}}