{"textures":{"0":"modelengine:entity/beluga"},"elements":[{"from":[5.4884567,5.848397,12.377258],"to":[10.540284,9.511424,17.935238],"faces":{"east":{"uv":[9.1875,4.625,8.5,5.0625],"tintindex":0,"rotation":0,"texture":"#0"},"south":{"uv":[8.625,0.0,9.25,0.4375],"tintindex":0,"rotation":0,"texture":"#0"},"north":{"uv":[8.5,5.125,9.125,5.5625],"tintindex":0,"rotation":0,"texture":"#0"},"west":{"uv":[8.5,4.625,9.1875,5.0625],"tintindex":0,"rotation":0,"texture":"#0"},"up":{"uv":[3.125,7.1875,2.5,6.5],"tintindex":0,"rotation":0,"texture":"#0"},"down":{"uv":[5.75,8.125,5.125,8.8125],"tintindex":0,"rotation":0,"texture":"#0"}}},{"from":[4.5984907,5.056862,7.2664757],"to":[11.766491,11.171735,13.448479],"faces":{"east":{"uv":[2.25,7.75,1.5,8.5],"tintindex":0,"rotation":0,"texture":"#0"},"south":{"uv":[3.375,7.375,4.25,8.125],"tintindex":0,"rotation":0,"texture":"#0"},"north":{"uv":[2.5,7.375,3.375,8.125],"tintindex":0,"rotation":0,"texture":"#0"},"west":{"uv":[1.5,7.75,2.25,8.5],"tintindex":0,"rotation":0,"texture":"#0"},"up":{"uv":[5.125,8.125,4.25,7.375],"tintindex":0,"rotation":0,"texture":"#0"},"down":{"uv":[6.0,7.375,5.125,8.125],"tintindex":0,"rotation":0,"texture":"#0"}}}],"display":{"gui":{"rotation":[30,225,0]}}}