{"textures":{"0":"modelengine:entity/beluga"},"elements":[{"from":[6.3943863,7.601117,3.3022609],"to":[10.274605,8.7651825,8.820241],"faces":{"east":{"uv":[9.0,2.5,9.6875,2.625],"tintindex":0,"rotation":0,"texture":"#0"},"south":{"uv":[2.0,9.125,2.5,9.25],"tintindex":0,"rotation":0,"texture":"#0"},"north":{"uv":[1.5,9.125,2.0,9.25],"tintindex":0,"rotation":0,"texture":"#0"},"west":{"uv":[9.0,2.625,9.6875,2.75],"tintindex":0,"rotation":0,"texture":"#0"},"up":{"uv":[8.875,2.1875,8.375,1.5],"tintindex":0,"rotation":0,"texture":"#0"},"down":{"uv":[0.5,8.5,0.0,9.1875],"tintindex":0,"rotation":0,"texture":"#0"}},"rotation":{"origin":[2.0090065,11.85419,20.244537],"angle":-22.5,"axis":"y"}},{"from":[17.002728,7.523513,16.938438],"to":[19.367577,8.687578,18.878548],"faces":{"east":{"uv":[6.125,9.0,6.375,9.125],"tintindex":0,"rotation":0,"texture":"#0"},"south":{"uv":[8.875,9.125,9.1875,9.25],"tintindex":0,"rotation":0,"texture":"#0"},"north":{"uv":[8.5,9.125,8.8125,9.25],"tintindex":0,"rotation":0,"texture":"#0"},"west":{"uv":[0.125,9.25,0.375,9.375],"tintindex":0,"rotation":0,"texture":"#0"},"up":{"uv":[4.0625,9.25,3.75,9.0],"tintindex":0,"rotation":0,"texture":"#0"},"down":{"uv":[9.3125,3.75,9.0,4.0],"tintindex":0,"rotation":0,"texture":"#0"}},"rotation":{"origin":[2.0090065,11.85419,20.244537],"angle":22.5,"axis":"y"}},{"from":[16.376926,7.562315,22.05819],"to":[20.318344,8.72638,23.94934],"faces":{"east":{"uv":[5.5,8.875,5.75,9.0],"tintindex":0,"rotation":0,"texture":"#0"},"south":{"uv":[4.125,9.125,4.625,9.25],"tintindex":0,"rotation":0,"texture":"#0"},"north":{"uv":[2.5,9.125,3.0,9.25],"tintindex":0,"rotation":0,"texture":"#0"},"west":{"uv":[4.125,9.0,4.375,9.125],"tintindex":0,"rotation":0,"texture":"#0"},"up":{"uv":[8.375,1.0,7.875,0.75],"tintindex":0,"rotation":0,"texture":"#0"},"down":{"uv":[9.125,8.125,8.625,8.375],"tintindex":0,"rotation":0,"texture":"#0"}},"rotation":{"origin":[2.0090065,11.85419,20.244537],"angle":45.0,"axis":"y"}},{"from":[0.75522804,7.562315,2.7688107],"to":[6.575556,8.72638,9.075073],"faces":{"east":{"uv":[8.875,1.25,9.6875,1.375],"tintindex":0,"rotation":0,"texture":"#0"},"south":{"uv":[2.25,8.875,3.0,9.0],"tintindex":0,"rotation":0,"texture":"#0"},"north":{"uv":[8.875,2.125,9.625,2.25],"tintindex":0,"rotation":0,"texture":"#0"},"west":{"uv":[8.875,1.375,9.6875,1.5],"tintindex":0,"rotation":0,"texture":"#0"},"up":{"uv":[8.375,1.8125,7.625,1.0],"tintindex":0,"rotation":0,"texture":"#0"},"down":{"uv":[8.375,1.875,7.625,2.6875],"tintindex":0,"rotation":0,"texture":"#0"}},"rotation":{"origin":[2.0090065,11.85419,20.244537],"angle":-22.5,"axis":"y"}}],"display":{"gui":{"rotation":[30,225,0]}}}