{"textures":{"0":"modelengine:entity/beluga"},"elements":[{"from":[1.7747335,2.7185254,7.4153023],"to":[13.474388,14.686976,18.428062],"faces":{"east":{"uv":[6.375,3.125,5.0,4.625],"tintindex":0,"rotation":0,"texture":"#0"},"south":{"uv":[3.5,3.125,4.9375,4.625],"tintindex":0,"rotation":0,"texture":"#0"},"north":{"uv":[3.5,1.625,4.9375,3.125],"tintindex":0,"rotation":0,"texture":"#0"},"west":{"uv":[5.0,3.125,6.375,4.625],"tintindex":0,"rotation":0,"texture":"#0"},"up":{"uv":[6.5625,1.375,5.125,0.0],"tintindex":0,"rotation":0,"texture":"#0"},"down":{"uv":[3.0625,5.125,1.625,6.5],"tintindex":0,"rotation":0,"texture":"#0"}}},{"from":[2.6333456,3.151537,16.453257],"to":[12.61577,12.103631,24.352486],"faces":{"east":{"uv":[8.25,7.0,7.25,8.125],"tintindex":0,"rotation":0,"texture":"#0"},"south":{"uv":[6.375,2.5,7.625,3.625],"tintindex":0,"rotation":0,"texture":"#0"},"north":{"uv":[6.375,1.375,7.625,2.5],"tintindex":0,"rotation":0,"texture":"#0"},"west":{"uv":[7.25,7.0,8.25,8.125],"tintindex":0,"rotation":0,"texture":"#0"},"up":{"uv":[7.75,5.875,6.5,4.875],"tintindex":0,"rotation":0,"texture":"#0"},"down":{"uv":[7.875,0.0,6.625,1.0],"tintindex":0,"rotation":0,"texture":"#0"}}}],"display":{"gui":{"rotation":[30,225,0]}}}