{"textures":{"0":"modelengine:entity/beluga"},"elements":[{"from":[17.25732,7.4897766,8.964085],"to":[19.285278,8.098165,10.383656],"faces":{"east":{"uv":[9.125,5.25,9.5,5.375],"tintindex":0,"rotation":0,"texture":"#0"},"south":{"uv":[8.0,9.0,8.5,9.125],"tintindex":0,"rotation":0,"texture":"#0"},"north":{"uv":[7.5,9.0,8.0,9.125],"tintindex":0,"rotation":0,"texture":"#0"},"west":{"uv":[9.125,5.375,9.5,5.5],"tintindex":0,"rotation":0,"texture":"#0"},"up":{"uv":[3.875,9.0,3.375,8.625],"tintindex":0,"rotation":0,"texture":"#0"},"down":{"uv":[4.375,8.625,3.875,9.0],"tintindex":0,"rotation":0,"texture":"#0"}},"rotation":{"origin":[7.9284525,9.169211,-7.282133],"angle":-45.0,"axis":"y"}},{"from":[24.152382,7.4897766,2.27182],"to":[25.774748,8.098165,4.096983],"faces":{"east":{"uv":[4.625,9.125,5.0625,9.25],"tintindex":0,"rotation":0,"texture":"#0"},"south":{"uv":[9.125,5.125,9.5,5.25],"tintindex":0,"rotation":0,"texture":"#0"},"north":{"uv":[7.25,1.25,7.625,1.375],"tintindex":0,"rotation":0,"texture":"#0"},"west":{"uv":[5.125,9.125,5.5625,9.25],"tintindex":0,"rotation":0,"texture":"#0"},"up":{"uv":[4.75,9.0625,4.375,8.625],"tintindex":0,"rotation":0,"texture":"#0"},"down":{"uv":[5.125,8.625,4.75,9.0625],"tintindex":0,"rotation":0,"texture":"#0"}},"rotation":{"origin":[7.9284525,9.169211,-7.282133],"angle":-45.0,"axis":"y"}},{"from":[17.100151,7.5100565,7.3322105],"to":[19.128109,8.118444,9.867159],"faces":{"east":{"uv":[2.5,7.25,3.125,7.375],"tintindex":0,"rotation":0,"texture":"#0"},"south":{"uv":[9.0,6.75,9.5,6.875],"tintindex":0,"rotation":0,"texture":"#0"},"north":{"uv":[7.75,5.75,8.25,5.875],"tintindex":0,"rotation":0,"texture":"#0"},"west":{"uv":[0.75,7.625,1.375,7.75],"tintindex":0,"rotation":0,"texture":"#0"},"up":{"uv":[2.25,9.125,1.75,8.5],"tintindex":0,"rotation":0,"texture":"#0"},"down":{"uv":[9.0,2.25,8.5,2.875],"tintindex":0,"rotation":0,"texture":"#0"}},"rotation":{"origin":[7.9284525,9.169211,-7.282133],"angle":-22.5,"axis":"y"}},{"from":[-1.1810379,7.5100565,7.0519924],"to":[1.8609014,8.118444,9.891134],"faces":{"east":{"uv":[8.875,7.75,9.5625,7.875],"tintindex":0,"rotation":0,"texture":"#0"},"south":{"uv":[8.875,1.5,9.625,1.625],"tintindex":0,"rotation":0,"texture":"#0"},"north":{"uv":[6.5,5.875,7.25,6.0],"tintindex":0,"rotation":0,"texture":"#0"},"west":{"uv":[8.875,7.875,9.5625,8.0],"tintindex":0,"rotation":0,"texture":"#0"},"up":{"uv":[8.5,4.9375,7.75,4.25],"tintindex":0,"rotation":0,"texture":"#0"},"down":{"uv":[8.5,5.0,7.75,5.6875],"tintindex":0,"rotation":0,"texture":"#0"}},"rotation":{"origin":[7.9284525,9.169211,-7.282133],"angle":22.5,"axis":"y"}},{"from":[4.517809,7.469497,13.05475],"to":[5.734584,8.077885,14.068729],"faces":{"east":{"uv":[1.625,3.625,1.875,3.75],"tintindex":0,"rotation":0,"texture":"#0"},"south":{"uv":[7.375,9.125,7.6875,9.25],"tintindex":0,"rotation":0,"texture":"#0"},"north":{"uv":[7.0,9.125,7.3125,9.25],"tintindex":0,"rotation":0,"texture":"#0"},"west":{"uv":[3.25,4.375,3.5,4.5],"tintindex":0,"rotation":0,"texture":"#0"},"up":{"uv":[7.5625,1.25,7.25,1.0],"tintindex":0,"rotation":0,"texture":"#0"},"down":{"uv":[5.4375,8.875,5.125,9.125],"tintindex":0,"rotation":0,"texture":"#0"}},"rotation":{"origin":[7.9284525,9.169211,-7.282133],"angle":22.5,"axis":"y"}},{"from":[14.058211,7.4897766,7.1294136],"to":[17.100151,8.098165,9.968557],"faces":{"east":{"uv":[8.875,8.0,9.5625,8.125],"tintindex":0,"rotation":0,"texture":"#0"},"south":{"uv":[8.875,1.75,9.625,1.875],"tintindex":0,"rotation":0,"texture":"#0"},"north":{"uv":[8.875,1.625,9.625,1.75],"tintindex":0,"rotation":0,"texture":"#0"},"west":{"uv":[8.875,8.75,9.5625,8.875],"tintindex":0,"rotation":0,"texture":"#0"},"up":{"uv":[8.625,0.6875,7.875,0.0],"tintindex":0,"rotation":0,"texture":"#0"},"down":{"uv":[3.0,8.125,2.25,8.8125],"tintindex":0,"rotation":0,"texture":"#0"}},"rotation":{"origin":[7.9284525,9.169211,-7.282133],"angle":-22.5,"axis":"y"}},{"from":[-3.2089968,7.5100565,7.356186],"to":[-1.1810379,8.118444,9.891134],"faces":{"east":{"uv":[9.0,2.75,9.625,2.875],"tintindex":0,"rotation":0,"texture":"#0"},"south":{"uv":[7.0,9.0,7.5,9.125],"tintindex":0,"rotation":0,"texture":"#0"},"north":{"uv":[9.0,6.875,9.5,7.0],"tintindex":0,"rotation":0,"texture":"#0"},"west":{"uv":[9.0,2.875,9.625,3.0],"tintindex":0,"rotation":0,"texture":"#0"},"up":{"uv":[9.0,3.5,8.5,2.875],"tintindex":0,"rotation":0,"texture":"#0"},"down":{"uv":[9.0,3.5,8.5,4.125],"tintindex":0,"rotation":0,"texture":"#0"}},"rotation":{"origin":[7.9284525,9.169211,-7.282133],"angle":22.5,"axis":"y"}},{"from":[10.119249,7.469497,12.830498],"to":[11.336025,8.077885,13.844477],"faces":{"east":{"uv":[3.25,4.5,3.5,4.625],"tintindex":0,"rotation":0,"texture":"#0"},"south":{"uv":[8.125,9.125,8.4375,9.25],"tintindex":0,"rotation":0,"texture":"#0"},"north":{"uv":[7.75,9.125,8.0625,9.25],"tintindex":0,"rotation":0,"texture":"#0"},"west":{"uv":[6.125,1.375,6.375,1.5],"tintindex":0,"rotation":0,"texture":"#0"},"up":{"uv":[9.3125,3.25,9.0,3.0],"tintindex":0,"rotation":0,"texture":"#0"},"down":{"uv":[9.3125,3.25,9.0,3.5],"tintindex":0,"rotation":0,"texture":"#0"}},"rotation":{"origin":[7.9284525,9.169211,-7.282133],"angle":-22.5,"axis":"y"}}],"display":{"gui":{"rotation":[30,225,0]}}}