{"textures":{"0":"modelengine:entity/beluga"},"elements":[{"from":[1.4087481,2.7380753,0.33486414],"to":[13.795288,15.662216,14.64506],"faces":{"east":{"uv":[1.8125,1.625,0.0,3.25],"tintindex":0,"rotation":0,"texture":"#0"},"south":{"uv":[3.5,0.0,5.0625,1.625],"tintindex":0,"rotation":0,"texture":"#0"},"north":{"uv":[0.0,3.25,1.5625,4.875],"tintindex":0,"rotation":0,"texture":"#0"},"west":{"uv":[0.0,1.625,1.8125,3.25],"tintindex":0,"rotation":0,"texture":"#0"},"up":{"uv":[3.4375,1.8125,1.875,0.0],"tintindex":0,"rotation":0,"texture":"#0"},"down":{"uv":[3.4375,1.875,1.875,3.6875],"tintindex":0,"rotation":0,"texture":"#0"}}}],"display":{"gui":{"rotation":[30,225,0]}}}