{"textures":{"0":"modelengine:entity/redstone_monstrosity"},"elements":[{"from":[3.333333,22.666668,13.0],"to":[12.666667,28.0,16.666668],"faces":{"east":{"uv":[11.71875,0.875,12.0625,1.875],"tintindex":0,"rotation":0,"texture":"#0"},"south":{"uv":[13.28125,0.875,14.15625,1.875],"tintindex":0,"rotation":0,"texture":"#0"},"north":{"uv":[12.0625,0.875,12.9375,1.875],"tintindex":0,"rotation":0,"texture":"#0"},"west":{"uv":[12.9375,0.875,13.28125,1.875],"tintindex":0,"rotation":0,"texture":"#0"},"up":{"uv":[12.9375,0.875,12.0625,0.1875],"tintindex":0,"rotation":0,"texture":"#0"},"down":{"uv":[13.8125,0.1875,12.9375,0.875],"tintindex":0,"rotation":0,"texture":"#0"}}},{"from":[-4.333334,11.0,3.0],"to":[20.333334,30.0,13.0],"faces":{"east":{"uv":[6.15625,1.875,7.09375,5.4375],"tintindex":0,"rotation":0,"texture":"#0"},"south":{"uv":[10.34375,1.875,12.65625,5.4375],"tintindex":0,"rotation":0,"texture":"#0"},"north":{"uv":[7.09375,1.875,9.40625,5.4375],"tintindex":0,"rotation":0,"texture":"#0"},"west":{"uv":[9.40625,1.875,10.34375,5.4375],"tintindex":0,"rotation":0,"texture":"#0"},"up":{"uv":[9.40625,1.875,7.09375,0.0],"tintindex":0,"rotation":0,"texture":"#0"},"down":{"uv":[11.71875,0.0,9.40625,1.875],"tintindex":0,"rotation":0,"texture":"#0"}}}],"display":{"gui":{"rotation":[30,225,0]}}}