{"textures":{"0":"modelengine:entity/redstone_monstrosity"},"elements":[{"from":[20.5,15.5,-0.25],"to":[25.0,23.0,6.25],"faces":{"east":{"uv":[7.9375,9.25,8.34375,10.1875],"tintindex":0,"rotation":0,"texture":"#0"},"south":{"uv":[9.03125,9.25,9.3125,10.1875],"tintindex":0,"rotation":0,"texture":"#0"},"north":{"uv":[8.34375,9.25,8.625,10.1875],"tintindex":0,"rotation":0,"texture":"#0"},"west":{"uv":[8.625,9.25,9.03125,10.1875],"tintindex":0,"rotation":0,"texture":"#0"},"up":{"uv":[8.625,9.25,8.34375,8.4375],"tintindex":0,"rotation":0,"texture":"#0"},"down":{"uv":[8.90625,8.4375,8.625,9.25],"tintindex":0,"rotation":0,"texture":"#0"}}},{"from":[15.0,9.0,-0.25],"to":[25.0,15.5,6.25],"faces":{"east":{"uv":[5.875,9.25,6.28125,10.0625],"tintindex":0,"rotation":0,"texture":"#0"},"south":{"uv":[7.3125,9.25,7.9375,10.0625],"tintindex":0,"rotation":0,"texture":"#0"},"north":{"uv":[6.28125,9.25,6.90625,10.0625],"tintindex":0,"rotation":0,"texture":"#0"},"west":{"uv":[6.90625,9.25,7.3125,10.0625],"tintindex":0,"rotation":0,"texture":"#0"},"up":{"uv":[6.90625,9.25,6.28125,8.4375],"tintindex":0,"rotation":0,"texture":"#0"},"down":{"uv":[7.53125,8.4375,6.90625,9.25],"tintindex":0,"rotation":0,"texture":"#0"}}},{"from":[0.9949999,2.995,-2.755],"to":[15.005,18.505001,7.755],"faces":{"east":{"uv":[3.0625,1.3125,3.71875,3.25],"tintindex":0,"rotation":0,"texture":"#0"},"south":{"uv":[5.25,1.3125,6.125,3.25],"tintindex":0,"rotation":0,"texture":"#0"},"north":{"uv":[3.71875,1.3125,4.59375,3.25],"tintindex":0,"rotation":0,"texture":"#0"},"west":{"uv":[4.59375,1.3125,5.25,3.25],"tintindex":0,"rotation":0,"texture":"#0"},"up":{"uv":[4.59375,1.3125,3.71875,0.0],"tintindex":0,"rotation":0,"texture":"#0"},"down":{"uv":[5.46875,0.0,4.59375,1.3125],"tintindex":0,"rotation":0,"texture":"#0"}}},{"from":[-9.0,9.0,-0.25],"to":[1.0,15.5,6.25],"faces":{"east":{"uv":[5.875,10.875,6.28125,11.6875],"tintindex":0,"rotation":0,"texture":"#0"},"south":{"uv":[7.3125,10.875,7.9375,11.6875],"tintindex":0,"rotation":0,"texture":"#0"},"north":{"uv":[6.28125,10.875,6.90625,11.6875],"tintindex":0,"rotation":0,"texture":"#0"},"west":{"uv":[6.90625,10.875,7.3125,11.6875],"tintindex":0,"rotation":0,"texture":"#0"},"up":{"uv":[6.90625,10.875,6.28125,10.0625],"tintindex":0,"rotation":0,"texture":"#0"},"down":{"uv":[7.53125,10.0625,6.90625,10.875],"tintindex":0,"rotation":0,"texture":"#0"}}},{"from":[-9.0,15.5,-0.25],"to":[-4.5,23.0,6.25],"faces":{"east":{"uv":[7.9375,11.0,8.34375,11.9375],"tintindex":0,"rotation":0,"texture":"#0"},"south":{"uv":[9.03125,11.0,9.3125,11.9375],"tintindex":0,"rotation":0,"texture":"#0"},"north":{"uv":[8.34375,11.0,8.625,11.9375],"tintindex":0,"rotation":0,"texture":"#0"},"west":{"uv":[8.625,11.0,9.03125,11.9375],"tintindex":0,"rotation":0,"texture":"#0"},"up":{"uv":[8.625,11.0,8.34375,10.1875],"tintindex":0,"rotation":0,"texture":"#0"},"down":{"uv":[8.90625,10.1875,8.625,11.0],"tintindex":0,"rotation":0,"texture":"#0"}}}],"display":{"gui":{"rotation":[30,225,0]}}}