{"textures":{"0":"modelengine:entity/redstone_monstrosity"},"elements":[{"from":[-6.0,-12.0,-6.5],"to":[23.0,8.0,22.5],"faces":{"east":{"uv":[9.3125,10.3125,10.21875,11.5625],"tintindex":0,"rotation":0,"texture":"#0"},"south":{"uv":[12.03125,10.3125,12.9375,11.5625],"tintindex":0,"rotation":0,"texture":"#0"},"north":{"uv":[10.21875,10.3125,11.125,11.5625],"tintindex":0,"rotation":0,"texture":"#0"},"west":{"uv":[11.125,10.3125,12.03125,11.5625],"tintindex":0,"rotation":0,"texture":"#0"},"up":{"uv":[11.125,10.3125,10.21875,8.5],"tintindex":0,"rotation":0,"texture":"#0"},"down":{"uv":[12.03125,8.5,11.125,10.3125],"tintindex":0,"rotation":0,"texture":"#0"}}}],"display":{"gui":{"rotation":[30,225,0]}}}