{"textures":{"0":"modelengine:entity/redstone_monstrosity"},"elements":[{"from":[2.0,-6.5,3.25],"to":[14.0,8.0,12.75],"faces":{"east":{"uv":[8.09375,6.625,7.5,8.4375],"tintindex":0,"rotation":0,"texture":"#0"},"south":{"uv":[8.84375,6.625,8.09375,8.4375],"tintindex":0,"rotation":0,"texture":"#0"},"north":{"uv":[7.5,6.625,6.75,8.4375],"tintindex":0,"rotation":0,"texture":"#0"},"west":{"uv":[6.75,6.625,6.15625,8.4375],"tintindex":0,"rotation":0,"texture":"#0"},"up":{"uv":[6.75,6.625,7.5,5.4375],"tintindex":0,"rotation":0,"texture":"#0"},"down":{"uv":[7.5,5.4375,8.25,6.625],"tintindex":0,"rotation":0,"texture":"#0"}}}],"display":{"gui":{"rotation":[30,225,0]}}}