{"textures":{"0":"modelengine:entity/redstone_monstrosity"},"elements":[{"from":[-6.25,2.5,1.25],"to":[12.25,14.0,14.75],"faces":{"east":{"uv":[0.0,10.0625,0.84375,11.5],"tintindex":0,"rotation":0,"texture":"#0"},"south":{"uv":[2.84375,10.0625,4.0,11.5],"tintindex":0,"rotation":0,"texture":"#0"},"north":{"uv":[0.84375,10.0625,2.0,11.5],"tintindex":0,"rotation":0,"texture":"#0"},"west":{"uv":[2.0,10.0625,2.84375,11.5],"tintindex":0,"rotation":0,"texture":"#0"},"up":{"uv":[2.0,10.0625,0.84375,8.375],"tintindex":0,"rotation":0,"texture":"#0"},"down":{"uv":[3.15625,8.375,2.0,10.0625],"tintindex":0,"rotation":0,"texture":"#0"}}},{"from":[2.25,14.0,1.25],"to":[12.25,25.5,14.75],"faces":{"east":{"uv":[0.0,6.9375,0.84375,8.375],"tintindex":0,"rotation":0,"texture":"#0"},"south":{"uv":[2.3125,6.9375,2.9375,8.375],"tintindex":0,"rotation":0,"texture":"#0"},"north":{"uv":[0.84375,6.9375,1.46875,8.375],"tintindex":0,"rotation":0,"texture":"#0"},"west":{"uv":[1.46875,6.9375,2.3125,8.375],"tintindex":0,"rotation":0,"texture":"#0"},"up":{"uv":[1.46875,6.9375,0.84375,5.25],"tintindex":0,"rotation":0,"texture":"#0"},"down":{"uv":[2.09375,5.25,1.46875,6.9375],"tintindex":0,"rotation":0,"texture":"#0"}}}],"display":{"gui":{"rotation":[30,225,0]}}}