{"textures":{"0":"modelengine:entity/redstone_monstrosity"},"elements":[{"from":[-5.5,10.0,-13.5],"to":[21.5,10.0,7.5],"faces":{"up":{"uv":[4.84375,11.3125,4.0,10.0],"tintindex":0,"rotation":0,"texture":"#0"},"down":{"uv":[5.6875,10.0,4.84375,11.3125],"tintindex":0,"rotation":0,"texture":"#0"}}},{"from":[-5.5,8.0,-13.5],"to":[21.5,18.0,7.5],"faces":{"east":{"uv":[0.0,1.3125,0.65625,1.9375],"tintindex":0,"rotation":0,"texture":"#0"},"south":{"uv":[2.15625,1.3125,3.0,1.9375],"tintindex":0,"rotation":0,"texture":"#0"},"north":{"uv":[0.65625,1.3125,1.5,1.9375],"tintindex":0,"rotation":0,"texture":"#0"},"west":{"uv":[1.5,1.3125,2.15625,1.9375],"tintindex":0,"rotation":0,"texture":"#0"},"up":{"uv":[1.5,1.3125,0.65625,0.0],"tintindex":0,"rotation":0,"texture":"#0"},"down":{"uv":[2.34375,0.0,1.5,1.3125],"tintindex":0,"rotation":0,"texture":"#0"}}}],"display":{"gui":{"rotation":[30,225,0]}}}