{"textures":{"0":"modelengine:entity/redstone_monstrosity"},"elements":[{"from":[-6.0,8.0,-2.5],"to":[22.0,19.0,18.5],"faces":{"east":{"uv":[3.09375,4.5625,3.75,5.25],"tintindex":0,"rotation":0,"texture":"#0"},"south":{"uv":[5.28125,4.5625,6.15625,5.25],"tintindex":0,"rotation":0,"texture":"#0"},"north":{"uv":[3.75,4.5625,4.625,5.25],"tintindex":0,"rotation":0,"texture":"#0"},"west":{"uv":[4.625,4.5625,5.28125,5.25],"tintindex":0,"rotation":0,"texture":"#0"},"up":{"uv":[4.625,4.5625,3.75,3.25],"tintindex":0,"rotation":0,"texture":"#0"},"down":{"uv":[5.5,3.25,4.625,4.5625],"tintindex":0,"rotation":0,"texture":"#0"}}}],"display":{"gui":{"rotation":[30,225,0]}}}