{"textures":{"0":"modelengine:entity/redstone_monstrosity"},"elements":[{"from":[7.0,-2.0,5.5],"to":[10.0,8.0,10.5],"faces":{"east":{"uv":[2.5625,2.625,2.71875,3.25],"tintindex":0,"rotation":0,"texture":"#0"},"south":{"uv":[2.96875,2.625,3.0625,3.25],"tintindex":0,"rotation":0,"texture":"#0"},"north":{"uv":[2.71875,2.625,2.8125,3.25],"tintindex":0,"rotation":0,"texture":"#0"},"west":{"uv":[2.8125,2.625,2.96875,3.25],"tintindex":0,"rotation":0,"texture":"#0"},"up":{"uv":[2.8125,2.625,2.71875,2.3125],"tintindex":0,"rotation":0,"texture":"#0"},"down":{"uv":[2.90625,2.3125,2.8125,2.625],"tintindex":0,"rotation":0,"texture":"#0"}}}],"display":{"gui":{"rotation":[30,225,0]}}}