{"textures":{"0":"modelengine:entity/redstone_monstrosity"},"elements":[{"from":[-2.5,-11.0,0.0],"to":[19.5,11.0,16.0],"faces":{"east":{"uv":[3.5,8.375,4.0,9.75],"tintindex":0,"rotation":0,"texture":"#0"},"south":{"uv":[5.1875,8.375,5.875,9.75],"tintindex":0,"rotation":0,"texture":"#0"},"north":{"uv":[4.0,8.375,4.6875,9.75],"tintindex":0,"rotation":0,"texture":"#0"},"west":{"uv":[4.6875,8.375,5.1875,9.75],"tintindex":0,"rotation":0,"texture":"#0"},"up":{"uv":[4.6875,8.375,4.0,7.375],"tintindex":0,"rotation":0,"texture":"#0"},"down":{"uv":[5.375,7.375,4.6875,8.375],"tintindex":0,"rotation":0,"texture":"#0"}}}],"display":{"gui":{"rotation":[30,225,0]}}}