{"textures":{"0":"modelengine:entity/redstone_monstrosity"},"elements":[{"from":[-6.0,-12.0,-6.5],"to":[23.0,8.0,22.5],"faces":{"east":{"uv":[8.84375,7.25,9.75,8.5],"tintindex":0,"rotation":0,"texture":"#0"},"south":{"uv":[11.5625,7.25,12.46875,8.5],"tintindex":0,"rotation":0,"texture":"#0"},"north":{"uv":[9.75,7.25,10.65625,8.5],"tintindex":0,"rotation":0,"texture":"#0"},"west":{"uv":[10.65625,7.25,11.5625,8.5],"tintindex":0,"rotation":0,"texture":"#0"},"up":{"uv":[10.65625,7.25,9.75,5.4375],"tintindex":0,"rotation":0,"texture":"#0"},"down":{"uv":[11.5625,5.4375,10.65625,7.25],"tintindex":0,"rotation":0,"texture":"#0"}}}],"display":{"gui":{"rotation":[30,225,0]}}}