{"textures":{"0":"modelengine:entity/redstone_monstrosity"},"elements":[{"from":[3.75,14.0,1.25],"to":[13.75,25.5,14.75],"faces":{"east":{"uv":[0.0,3.625,0.84375,5.0625],"tintindex":0,"rotation":0,"texture":"#0"},"south":{"uv":[2.3125,3.625,2.9375,5.0625],"tintindex":0,"rotation":0,"texture":"#0"},"north":{"uv":[0.84375,3.625,1.46875,5.0625],"tintindex":0,"rotation":0,"texture":"#0"},"west":{"uv":[1.46875,3.625,2.3125,5.0625],"tintindex":0,"rotation":0,"texture":"#0"},"up":{"uv":[1.46875,3.625,0.84375,1.9375],"tintindex":0,"rotation":0,"texture":"#0"},"down":{"uv":[2.09375,1.9375,1.46875,3.625],"tintindex":0,"rotation":0,"texture":"#0"}}},{"from":[3.75,2.5,1.25],"to":[22.25,14.0,14.75],"faces":{"east":{"uv":[0.0,13.1875,0.84375,14.625],"tintindex":0,"rotation":0,"texture":"#0"},"south":{"uv":[2.84375,13.1875,4.0,14.625],"tintindex":0,"rotation":0,"texture":"#0"},"north":{"uv":[0.84375,13.1875,2.0,14.625],"tintindex":0,"rotation":0,"texture":"#0"},"west":{"uv":[2.0,13.1875,2.84375,14.625],"tintindex":0,"rotation":0,"texture":"#0"},"up":{"uv":[2.0,13.1875,0.84375,11.5],"tintindex":0,"rotation":0,"texture":"#0"},"down":{"uv":[3.15625,11.5,2.0,13.1875],"tintindex":0,"rotation":0,"texture":"#0"}}}],"display":{"gui":{"rotation":[30,225,0]}}}