{"textures":{"0":"modelengine:entity/whaleshark"},"elements":[{"from":[0.7151427,5.859733,-5.5158987],"to":[16.865883,10.010472,-2.0565386],"faces":{"east":{"uv":[8.5,7.0,8.0625,7.5],"tintindex":0,"rotation":0,"texture":"#0"},"south":{"uv":[8.5625,7.875,10.5625,8.375],"tintindex":0,"rotation":0,"texture":"#0"},"north":{"uv":[4.0,3.5,6.0,4.0],"tintindex":0,"rotation":0,"texture":"#0"},"west":{"uv":[8.0625,7.0,8.5,7.5],"tintindex":0,"rotation":0,"texture":"#0"},"up":{"uv":[10.625,3.9375,8.625,3.5],"tintindex":0,"rotation":0,"texture":"#0"},"down":{"uv":[10.125,9.4375,8.125,9.875],"tintindex":0,"rotation":0,"texture":"#0"}}},{"from":[0.70643234,2.3597336,2.4841018],"to":[16.85717,14.510472,7.9434614],"faces":{"east":{"uv":[2.75,8.8125,2.0625,10.3125],"tintindex":0,"rotation":0,"texture":"#0"},"south":{"uv":[2.0,4.75,4.0,6.25],"tintindex":0,"rotation":0,"texture":"#0"},"north":{"uv":[0.0,4.5,2.0,6.0],"tintindex":0,"rotation":0,"texture":"#0"},"west":{"uv":[2.0625,8.8125,2.75,10.3125],"tintindex":0,"rotation":0,"texture":"#0"},"up":{"uv":[9.875,7.0,7.875,6.3125],"tintindex":0,"rotation":0,"texture":"#0"},"down":{"uv":[7.125,8.1875,5.125,8.875],"tintindex":0,"rotation":0,"texture":"#0"}}},{"from":[0.7151427,5.859733,-8.515898],"to":[16.865883,7.5104723,-5.5565386],"faces":{"east":{"uv":[7.1875,10.8125,6.75,11.1875],"tintindex":0,"rotation":0,"texture":"#0"},"south":{"uv":[8.125,9.875,10.125,10.25],"tintindex":0,"rotation":0,"texture":"#0"},"north":{"uv":[8.6875,2.25,10.6875,2.625],"tintindex":0,"rotation":0,"texture":"#0"},"west":{"uv":[6.75,10.8125,7.1875,11.1875],"tintindex":0,"rotation":0,"texture":"#0"},"up":{"uv":[11.75,4.375,9.75,3.9375],"tintindex":0,"rotation":0,"texture":"#0"},"down":{"uv":[11.75,4.375,9.75,4.8125],"tintindex":0,"rotation":0,"texture":"#0"}}},{"from":[0.71143246,2.3597336,-2.4626064],"to":[16.862171,12.010472,2.4967542],"faces":{"east":{"uv":[10.75,10.125,10.125,11.3125],"tintindex":0,"rotation":0,"texture":"#0"},"south":{"uv":[0.0,6.0,2.0,7.1875],"tintindex":0,"rotation":0,"texture":"#0"},"north":{"uv":[5.875,5.875,7.875,7.0625],"tintindex":0,"rotation":0,"texture":"#0"},"west":{"uv":[10.125,10.125,10.75,11.3125],"tintindex":0,"rotation":0,"texture":"#0"},"up":{"uv":[4.9375,9.0625,2.9375,8.4375],"tintindex":0,"rotation":0,"texture":"#0"},"down":{"uv":[10.5,0.0,8.5,0.625],"tintindex":0,"rotation":0,"texture":"#0"}}}],"display":{"gui":{"rotation":[30,225,0]}}}