{"textures":{"0":"modelengine:entity/whaleshark"},"elements":[{"from":[1.2876153,8.078619,3.2321606],"to":[7.901724,9.40144,12.464388],"faces":{"east":{"uv":[4.75,1.5625,5.875,1.75],"tintindex":0,"rotation":0,"texture":"#0"},"south":{"uv":[10.875,2.875,11.6875,3.0625],"tintindex":0,"rotation":0,"texture":"#0"},"north":{"uv":[10.875,2.6875,11.6875,2.875],"tintindex":0,"rotation":0,"texture":"#0"},"west":{"uv":[8.5625,8.375,9.6875,8.5625],"tintindex":0,"rotation":0,"texture":"#0"},"up":{"uv":[4.5625,10.1875,3.75,9.0625],"tintindex":0,"rotation":0,"texture":"#0"},"down":{"uv":[8.125,9.0625,7.3125,10.1875],"tintindex":0,"rotation":0,"texture":"#0"}}},{"from":[17.793552,8.078619,-11.686884],"to":[23.52578,9.40144,-6.159359],"faces":{"east":{"uv":[11.0625,0.0,11.75,0.1875],"tintindex":0,"rotation":0,"texture":"#0"},"south":{"uv":[11.0625,0.1875,11.75,0.375],"tintindex":0,"rotation":0,"texture":"#0"},"north":{"uv":[11.0,11.0,11.6875,11.1875],"tintindex":0,"rotation":0,"texture":"#0"},"west":{"uv":[11.0625,0.375,11.75,0.5625],"tintindex":0,"rotation":0,"texture":"#0"},"up":{"uv":[3.625,8.375,2.9375,7.6875],"tintindex":0,"rotation":0,"texture":"#0"},"down":{"uv":[10.8125,9.375,10.125,10.0625],"tintindex":0,"rotation":0,"texture":"#0"}},"rotation":{"origin":[-14.645374,11.107131,-26.64344],"angle":-45.0,"axis":"y"}},{"from":[-2.54488,8.122713,4.6271324],"to":[1.8645244,9.445534,12.697948],"faces":{"east":{"uv":[10.6875,5.5625,11.6875,5.75],"tintindex":0,"rotation":0,"texture":"#0"},"south":{"uv":[8.625,11.125,9.1875,11.3125],"tintindex":0,"rotation":0,"texture":"#0"},"north":{"uv":[5.0,11.125,5.5625,11.3125],"tintindex":0,"rotation":0,"texture":"#0"},"west":{"uv":[10.6875,7.3125,11.6875,7.5],"tintindex":0,"rotation":0,"texture":"#0"},"up":{"uv":[1.375,10.3125,0.8125,9.3125],"tintindex":0,"rotation":0,"texture":"#0"},"down":{"uv":[10.5,8.375,9.9375,9.375],"tintindex":0,"rotation":0,"texture":"#0"}},"rotation":{"origin":[-0.1453743,11.107131,5.8565617],"angle":22.5,"axis":"y"}},{"from":[10.608996,8.034525,15.817001],"to":[14.8137,9.357346,19.021702],"faces":{"east":{"uv":[11.1875,0.75,11.5625,0.9375],"tintindex":0,"rotation":0,"texture":"#0"},"south":{"uv":[0.0,11.1875,0.5,11.375],"tintindex":0,"rotation":0,"texture":"#0"},"north":{"uv":[11.125,6.625,11.625,6.8125],"tintindex":0,"rotation":0,"texture":"#0"},"west":{"uv":[11.1875,0.9375,11.5625,1.125],"tintindex":0,"rotation":0,"texture":"#0"},"up":{"uv":[11.1875,2.5,10.6875,2.125],"tintindex":0,"rotation":0,"texture":"#0"},"down":{"uv":[11.1875,6.9375,10.6875,7.3125],"tintindex":0,"rotation":0,"texture":"#0"}},"rotation":{"origin":[14.354626,11.107131,-25.64344],"angle":-22.5,"axis":"y"}}],"display":{"gui":{"rotation":[30,225,0]}}}