{"textures":{"0":"modelengine:entity/whaleshark"},"elements":[{"from":[4.3622074,7.949304,14.186676],"to":[12.279167,11.866264,21.550358],"faces":{"east":{"uv":[1.75,10.3125,0.8125,10.8125],"tintindex":0,"rotation":0,"texture":"#0"},"south":{"uv":[10.0625,1.375,11.0625,1.875],"tintindex":0,"rotation":0,"texture":"#0"},"north":{"uv":[6.625,1.0625,7.625,1.5625],"tintindex":0,"rotation":0,"texture":"#0"},"west":{"uv":[0.8125,10.3125,1.75,10.8125],"tintindex":0,"rotation":0,"texture":"#0"},"up":{"uv":[7.3125,9.8125,6.3125,8.875],"tintindex":0,"rotation":0,"texture":"#0"},"down":{"uv":[3.75,9.0625,2.75,10.0],"tintindex":0,"rotation":0,"texture":"#0"}}},{"from":[2.5502343,7.4644823,7.4154778],"to":[13.695703,13.289856,15.605923],"faces":{"east":{"uv":[10.875,2.625,9.875,3.375],"tintindex":0,"rotation":0,"texture":"#0"},"south":{"uv":[4.9375,8.875,6.3125,9.625],"tintindex":0,"rotation":0,"texture":"#0"},"north":{"uv":[8.6875,1.5,10.0625,2.25],"tintindex":0,"rotation":0,"texture":"#0"},"west":{"uv":[9.875,2.625,10.875,3.375],"tintindex":0,"rotation":0,"texture":"#0"},"up":{"uv":[1.375,9.3125,0.0,8.3125],"tintindex":0,"rotation":0,"texture":"#0"},"down":{"uv":[9.75,4.0625,8.375,5.0625],"tintindex":0,"rotation":0,"texture":"#0"}}},{"from":[6.9459124,5.996344,11.52919],"to":[8.977272,10.381945,16.269032],"faces":{"east":{"uv":[10.5,0.0,11.0625,0.5625],"tintindex":0,"rotation":0,"texture":"#0"},"south":{"uv":[7.625,10.875,7.875,11.4375],"tintindex":0,"rotation":0,"texture":"#0"},"north":{"uv":[2.0625,10.875,2.3125,11.4375],"tintindex":0,"rotation":0,"texture":"#0"},"west":{"uv":[10.5,8.375,11.0625,8.9375],"tintindex":0,"rotation":0,"texture":"#0"},"up":{"uv":[11.125,6.8125,10.875,6.25],"tintindex":0,"rotation":0,"texture":"#0"},"down":{"uv":[8.125,10.9375,7.875,11.5],"tintindex":0,"rotation":0,"texture":"#0"}},"rotation":{"origin":[-22.124,9.3448,4.562401],"angle":-22.5,"axis":"x"}},{"from":[6.9459124,9.996344,12.02919],"to":[8.977272,14.381945,16.769032],"faces":{"east":{"uv":[4.4375,10.5625,5.0,11.125],"tintindex":0,"rotation":0,"texture":"#0"},"south":{"uv":[8.375,10.9375,8.625,11.5],"tintindex":0,"rotation":0,"texture":"#0"},"north":{"uv":[8.125,10.9375,8.375,11.5],"tintindex":0,"rotation":0,"texture":"#0"},"west":{"uv":[5.0,10.5625,5.5625,11.125],"tintindex":0,"rotation":0,"texture":"#0"},"up":{"uv":[11.0,11.5,10.75,10.9375],"tintindex":0,"rotation":0,"texture":"#0"},"down":{"uv":[11.1875,0.5625,10.9375,1.125],"tintindex":0,"rotation":0,"texture":"#0"}},"rotation":{"origin":[-22.124,13.344799,5.062401],"angle":22.5,"axis":"x"}}],"display":{"gui":{"rotation":[30,225,0]}}}