{"textures":{"0":"modelengine:entity/whaleshark"},"elements":[{"from":[23.163977,7.827709,-1.843442],"to":[26.03009,8.4891205,0.9203205],"faces":{"east":{"uv":[11.0625,1.5,11.75,1.6875],"tintindex":0,"rotation":0,"texture":"#0"},"south":{"uv":[11.0625,1.6875,11.75,1.875],"tintindex":0,"rotation":0,"texture":"#0"},"north":{"uv":[11.0625,1.3125,11.75,1.5],"tintindex":0,"rotation":0,"texture":"#0"},"west":{"uv":[11.0625,8.3125,11.75,8.5],"tintindex":0,"rotation":0,"texture":"#0"},"up":{"uv":[8.0,10.875,7.3125,10.1875],"tintindex":0,"rotation":0,"texture":"#0"},"down":{"uv":[8.6875,10.25,8.0,10.9375],"tintindex":0,"rotation":0,"texture":"#0"}},"rotation":{"origin":[6.944513,9.341966,-9.32172],"angle":-45.0,"axis":"y"}},{"from":[4.821698,7.805662,11.408501],"to":[6.92405,8.467073,13.010852],"faces":{"east":{"uv":[11.1875,2.125,11.5625,2.3125],"tintindex":0,"rotation":0,"texture":"#0"},"south":{"uv":[1.0,11.1875,1.5,11.375],"tintindex":0,"rotation":0,"texture":"#0"},"north":{"uv":[0.5,11.1875,1.0,11.375],"tintindex":0,"rotation":0,"texture":"#0"},"west":{"uv":[11.1875,2.3125,11.5625,2.5],"tintindex":0,"rotation":0,"texture":"#0"},"up":{"uv":[9.1875,11.125,8.6875,10.75],"tintindex":0,"rotation":0,"texture":"#0"},"down":{"uv":[11.25,10.25,10.75,10.625],"tintindex":0,"rotation":0,"texture":"#0"}},"rotation":{"origin":[6.694513,9.341966,-9.32172],"angle":22.5,"axis":"y"}},{"from":[7.911008,7.827709,5.8660803],"to":[11.218061,8.4891205,10.482194],"faces":{"east":{"uv":[10.5625,8.125,11.6875,8.3125],"tintindex":0,"rotation":0,"texture":"#0"},"south":{"uv":[10.875,6.0625,11.6875,6.25],"tintindex":0,"rotation":0,"texture":"#0"},"north":{"uv":[10.875,3.0625,11.6875,3.25],"tintindex":0,"rotation":0,"texture":"#0"},"west":{"uv":[10.625,3.375,11.75,3.5625],"tintindex":0,"rotation":0,"texture":"#0"},"up":{"uv":[0.8125,10.4375,0.0,9.3125],"tintindex":0,"rotation":0,"texture":"#0"},"down":{"uv":[10.125,5.0625,9.3125,6.1875],"tintindex":0,"rotation":0,"texture":"#0"}}},{"from":[16.718061,7.8497562,3.3365507],"to":[18.922766,8.511168,7.3719587],"faces":{"east":{"uv":[10.75,10.75,11.75,10.9375],"tintindex":0,"rotation":0,"texture":"#0"},"south":{"uv":[11.125,6.4375,11.6875,6.625],"tintindex":0,"rotation":0,"texture":"#0"},"north":{"uv":[11.125,6.25,11.6875,6.4375],"tintindex":0,"rotation":0,"texture":"#0"},"west":{"uv":[10.75,10.0625,11.75,10.25],"tintindex":0,"rotation":0,"texture":"#0"},"up":{"uv":[10.6875,5.8125,10.125,4.8125],"tintindex":0,"rotation":0,"texture":"#0"},"down":{"uv":[3.9375,10.1875,3.375,11.1875],"tintindex":0,"rotation":0,"texture":"#0"}},"rotation":{"origin":[6.944513,9.341966,-8.82172],"angle":-22.5,"axis":"y"}}],"display":{"gui":{"rotation":[30,225,0]}}}