{"textures":{"0":"modelengine:entity/whaleshark"},"elements":[{"from":[25.503956,8.618807,4.5664654],"to":[26.712435,9.431351,7.2020645],"faces":{"east":{"uv":[0.6875,11.0,1.375,11.1875],"tintindex":0,"rotation":0,"texture":"#0"},"south":{"uv":[11.1875,7.0,11.5,7.1875],"tintindex":0,"rotation":0,"texture":"#0"},"north":{"uv":[11.1875,6.8125,11.5,7.0],"tintindex":0,"rotation":0,"texture":"#0"},"west":{"uv":[5.5625,11.0,6.25,11.1875],"tintindex":0,"rotation":0,"texture":"#0"},"up":{"uv":[7.5,5.1875,7.8125,5.875],"tintindex":0,"rotation":0,"texture":"#0"},"down":{"uv":[7.8125,5.1875,7.5,5.875],"tintindex":0,"rotation":0,"texture":"#0"}},"rotation":{"origin":[11.5616,9.5728,-9.368801],"angle":-45.0,"axis":"y"}},{"from":[26.183931,8.591722,4.414467],"to":[27.600716,9.404265,6.6020985],"faces":{"east":{"uv":[11.0625,9.0625,11.625,9.25],"tintindex":0,"rotation":0,"texture":"#0"},"south":{"uv":[6.75,11.1875,7.125,11.375],"tintindex":0,"rotation":0,"texture":"#0"},"north":{"uv":[3.5625,11.1875,3.9375,11.375],"tintindex":0,"rotation":0,"texture":"#0"},"west":{"uv":[4.4375,11.125,5.0,11.3125],"tintindex":0,"rotation":0,"texture":"#0"},"up":{"uv":[4.9375,9.625,4.5625,9.0625],"tintindex":0,"rotation":0,"texture":"#0"},"down":{"uv":[4.9375,9.0625,4.5625,9.625],"tintindex":0,"rotation":0,"texture":"#0"}},"rotation":{"origin":[11.5616,9.5728,-9.368801],"angle":-45.0,"axis":"y"}},{"from":[27.537865,8.564636,4.3855],"to":[28.912954,9.377181,5.7397404],"faces":{"east":{"uv":[1.5,11.25,1.8125,11.4375],"tintindex":0,"rotation":0,"texture":"#0"},"south":{"uv":[11.1875,0.5625,11.5625,0.75],"tintindex":0,"rotation":0,"texture":"#0"},"north":{"uv":[11.0,11.1875,11.375,11.375],"tintindex":0,"rotation":0,"texture":"#0"},"west":{"uv":[7.125,11.25,7.4375,11.4375],"tintindex":0,"rotation":0,"texture":"#0"},"up":{"uv":[2.3125,11.0625,2.6875,11.375],"tintindex":0,"rotation":0,"texture":"#0"},"down":{"uv":[2.6875,11.0625,2.3125,11.375],"tintindex":0,"rotation":0,"texture":"#0"}},"rotation":{"origin":[11.5616,9.5728,-9.368801],"angle":-45.0,"axis":"y"}},{"from":[21.481232,8.591722,4.589712],"to":[25.543951,9.404265,7.631584],"faces":{"east":{"uv":[10.9375,5.0,11.6875,5.1875],"tintindex":0,"rotation":0,"texture":"#0"},"south":{"uv":[10.625,3.75,11.625,3.9375],"tintindex":0,"rotation":0,"texture":"#0"},"north":{"uv":[10.625,3.5625,11.625,3.75],"tintindex":0,"rotation":0,"texture":"#0"},"west":{"uv":[10.9375,5.1875,11.6875,5.375],"tintindex":0,"rotation":0,"texture":"#0"},"up":{"uv":[10.9375,1.375,9.9375,0.625],"tintindex":0,"rotation":0,"texture":"#0"},"down":{"uv":[10.9375,0.625,9.9375,1.375],"tintindex":0,"rotation":0,"texture":"#0"}},"rotation":{"origin":[11.5616,9.5728,-9.368801],"angle":-45.0,"axis":"y"}}],"display":{"gui":{"rotation":[30,225,0]}}}