{"textures":{"0":"modelengine:entity/whaleshark"},"elements":[{"from":[-5.392579,-6.5605764,-15.306585],"to":[26.9089,21.740902,28.612137],"faces":{"east":{"uv":[6.75,4.0,4.0,5.75],"tintindex":0,"rotation":0,"texture":"#0"},"south":{"uv":[6.0,1.9375,4.125,3.5],"tintindex":0,"rotation":0,"texture":"#0"},"north":{"uv":[0.0,2.75,2.0,4.5],"tintindex":0,"rotation":0,"texture":"#0"},"west":{"uv":[4.0,4.0,6.75,5.75],"tintindex":0,"rotation":0,"texture":"#0"},"up":{"uv":[2.0,2.75,0.0,0.0],"tintindex":0,"rotation":0,"texture":"#0"},"down":{"uv":[4.0,2.0,2.0,4.75],"tintindex":0,"rotation":0,"texture":"#0"}}}],"display":{"gui":{"rotation":[30,225,0]}}}