{"textures":{"7":"modelengine:entity/golen_mech"},"elements":[{"from":[7.291665,-4.541664,8.291665],"to":[8.791665,7.458336,9.791665],"faces":{"east":{"uv":[6.75,11.4375,6.84375,12.1875],"tintindex":0,"rotation":0,"texture":"#7"},"south":{"uv":[11.25,11.46875,11.34375,12.21875],"tintindex":0,"rotation":0,"texture":"#7"},"north":{"uv":[9.59375,11.34375,9.6875,12.09375],"tintindex":0,"rotation":0,"texture":"#7"},"west":{"uv":[11.34375,11.46875,11.4375,12.21875],"tintindex":0,"rotation":0,"texture":"#7"},"up":{"uv":[10.09375,2.53125,10.0,2.4375],"tintindex":0,"rotation":0,"texture":"#7"},"down":{"uv":[3.78125,10.4375,3.6875,10.53125],"tintindex":0,"rotation":0,"texture":"#7"}}},{"from":[9.291665,-7.541664,5.291665],"to":[14.291665,1.9583359,12.291665],"faces":{"east":{"uv":[9.5,2.8125,9.9375,3.40625],"tintindex":0,"rotation":0,"texture":"#7"},"south":{"uv":[6.6875,10.34375,7.0,10.9375],"tintindex":0,"rotation":0,"texture":"#7"},"north":{"uv":[7.0,10.3125,7.3125,10.90625],"tintindex":0,"rotation":0,"texture":"#7"},"west":{"uv":[9.34375,9.5,9.78125,10.09375],"tintindex":0,"rotation":0,"texture":"#7"},"up":{"uv":[10.75,11.46875,10.4375,11.03125],"tintindex":0,"rotation":0,"texture":"#7"},"down":{"uv":[6.4375,11.0625,6.125,11.5],"tintindex":0,"rotation":0,"texture":"#7"}}},{"from":[6.791665,-2.0416641,5.291665],"to":[9.291665,1.9583359,10.791665],"faces":{"east":{"uv":[11.4375,0.0,11.78125,0.25],"tintindex":0,"rotation":0,"texture":"#7"},"south":{"uv":[11.875,5.65625,12.03125,5.90625],"tintindex":0,"rotation":0,"texture":"#7"},"north":{"uv":[5.5625,11.875,5.71875,12.125],"tintindex":0,"rotation":0,"texture":"#7"},"west":{"uv":[11.4375,3.34375,11.78125,3.59375],"tintindex":0,"rotation":0,"texture":"#7"},"up":{"uv":[2.3125,5.65625,2.15625,5.3125],"tintindex":0,"rotation":0,"texture":"#7"},"down":{"uv":[7.28125,11.65625,7.125,12.0],"tintindex":0,"rotation":0,"texture":"#7"}}},{"from":[7.291665,-4.541664,5.791665],"to":[8.791665,9.458336,7.291665],"faces":{"east":{"uv":[3.90625,11.125,4.0,12.0],"tintindex":0,"rotation":0,"texture":"#7"},"south":{"uv":[5.71875,11.3125,5.8125,12.1875],"tintindex":0,"rotation":0,"texture":"#7"},"north":{"uv":[7.53125,11.09375,7.625,11.96875],"tintindex":0,"rotation":0,"texture":"#7"},"west":{"uv":[3.0625,11.34375,3.15625,12.21875],"tintindex":0,"rotation":0,"texture":"#7"},"up":{"uv":[8.46875,4.71875,8.375,4.625],"tintindex":0,"rotation":0,"texture":"#7"},"down":{"uv":[9.40625,5.34375,9.3125,5.4375],"tintindex":0,"rotation":0,"texture":"#7"}}},{"from":[8.791665,-4.541664,8.291665],"to":[9.291665,-2.5416641,9.791665],"faces":{"east":{"uv":[9.3125,5.21875,9.40625,5.34375],"tintindex":0,"rotation":0,"texture":"#7"},"south":{"uv":[1.53125,3.0625,1.5625,3.1875],"tintindex":0,"rotation":0,"texture":"#7"},"north":{"uv":[1.53125,2.9375,1.5625,3.0625],"tintindex":0,"rotation":0,"texture":"#7"},"west":{"uv":[9.34375,2.03125,9.4375,2.15625],"tintindex":0,"rotation":0,"texture":"#7"},"up":{"uv":[1.5625,3.28125,1.53125,3.1875],"tintindex":0,"rotation":0,"texture":"#7"},"down":{"uv":[5.53125,4.875,5.5,4.96875],"tintindex":0,"rotation":0,"texture":"#7"}}},{"from":[8.791665,-4.541664,5.791665],"to":[9.291665,-2.5416641,7.291665],"faces":{"east":{"uv":[9.75,5.09375,9.84375,5.21875],"tintindex":0,"rotation":0,"texture":"#7"},"south":{"uv":[3.15625,5.03125,3.1875,5.15625],"tintindex":0,"rotation":0,"texture":"#7"},"north":{"uv":[3.15625,4.90625,3.1875,5.03125],"tintindex":0,"rotation":0,"texture":"#7"},"west":{"uv":[3.6875,10.3125,3.78125,10.4375],"tintindex":0,"rotation":0,"texture":"#7"},"up":{"uv":[5.53125,5.0625,5.5,4.96875],"tintindex":0,"rotation":0,"texture":"#7"},"down":{"uv":[5.53125,5.0625,5.5,5.15625],"tintindex":0,"rotation":0,"texture":"#7"}}}],"display":{"gui":{"rotation":[30,225,0]}}}