{"textures":{"5":"modelengine:entity/fire_0"},"elements":[{"from":[8.5,1.0,1.0],"to":[24.5,17.0,1.0],"faces":{"south":{"uv":[0.0,0.0,16.0,16.0],"tintindex":0,"rotation":0,"texture":"#5"},"north":{"uv":[0.0,0.0,16.0,16.0],"tintindex":0,"rotation":0,"texture":"#5"}},"rotation":{"origin":[16.5,9.0,1.0],"angle":45.0,"axis":"y"}},{"from":[-8.5,-1.0,15.0],"to":[7.5,15.0,15.0],"faces":{"south":{"uv":[0.0,0.0,16.0,16.0],"tintindex":0,"rotation":0,"texture":"#5"},"north":{"uv":[0.0,0.0,16.0,16.0],"tintindex":0,"rotation":0,"texture":"#5"}}}],"display":{"gui":{"rotation":[30,225,0]}}}