{"textures":{"7":"modelengine:entity/golen_mech"},"elements":[{"from":[-8.0,4.817398,4.0999985],"to":[24.0,11.182602,11.099998],"faces":{"east":{"uv":[11.8125,0.71875,12.03125,0.90625],"tintindex":0,"rotation":0,"texture":"#7"},"south":{"uv":[10.375,6.84375,11.375,7.03125],"tintindex":0,"rotation":0,"texture":"#7"},"north":{"uv":[10.34375,9.28125,11.34375,9.46875],"tintindex":0,"rotation":0,"texture":"#7"},"west":{"uv":[9.9375,11.8125,10.15625,12.0],"tintindex":0,"rotation":0,"texture":"#7"},"up":{"uv":[11.15625,1.0,10.15625,0.78125],"tintindex":0,"rotation":0,"texture":"#7"},"down":{"uv":[11.15625,1.0,10.15625,1.21875],"tintindex":0,"rotation":0,"texture":"#7"}},"rotation":{"origin":[8.0,8.0,9.099998],"angle":45.0,"axis":"z"}},{"from":[4.8174,-11.0,4.0999985],"to":[11.1826,27.0,11.099998],"faces":{"east":{"uv":[8.75,9.4375,8.96875,10.625],"tintindex":0,"rotation":0,"texture":"#7"},"south":{"uv":[8.1875,10.0625,8.375,11.25],"tintindex":0,"rotation":0,"texture":"#7"},"north":{"uv":[2.3125,10.03125,2.5,11.21875],"tintindex":0,"rotation":0,"texture":"#7"},"west":{"uv":[2.9375,9.46875,3.15625,10.65625],"tintindex":0,"rotation":0,"texture":"#7"},"up":{"uv":[12.0625,0.40625,11.875,0.1875],"tintindex":0,"rotation":0,"texture":"#7"},"down":{"uv":[12.0625,3.5,11.875,3.71875],"tintindex":0,"rotation":0,"texture":"#7"}},"rotation":{"origin":[8.0,8.0,9.099998],"angle":22.5,"axis":"z"}},{"from":[-8.1826,-8.0,11.199997],"to":[24.1826,24.0,11.199997],"faces":{"south":{"uv":[4.0,1.0,5.0,2.0],"tintindex":0,"rotation":0,"texture":"#7"},"north":{"uv":[3.9375,0.0,4.9375,1.0],"tintindex":0,"rotation":0,"texture":"#7"}}},{"from":[-11.0,4.817398,4.0999985],"to":[27.0,11.182602,11.099998],"faces":{"east":{"uv":[11.78125,4.6875,12.0,4.875],"tintindex":0,"rotation":0,"texture":"#7"},"south":{"uv":[9.9375,8.28125,11.125,8.46875],"tintindex":0,"rotation":0,"texture":"#7"},"north":{"uv":[9.9375,8.09375,11.125,8.28125],"tintindex":0,"rotation":0,"texture":"#7"},"west":{"uv":[11.78125,7.1875,12.0,7.375],"tintindex":0,"rotation":0,"texture":"#7"},"up":{"uv":[10.53125,3.84375,9.34375,3.625],"tintindex":0,"rotation":0,"texture":"#7"},"down":{"uv":[10.59375,5.84375,9.40625,6.0625],"tintindex":0,"rotation":0,"texture":"#7"}},"rotation":{"origin":[8.0,8.0,9.099998],"angle":22.5,"axis":"z"}},{"from":[4.8174,-11.0,4.0999985],"to":[11.1826,27.0,11.099998],"faces":{"east":{"uv":[3.5625,9.125,3.78125,10.3125],"tintindex":0,"rotation":0,"texture":"#7"},"south":{"uv":[2.125,10.03125,2.3125,11.21875],"tintindex":0,"rotation":0,"texture":"#7"},"north":{"uv":[1.9375,10.03125,2.125,11.21875],"tintindex":0,"rotation":0,"texture":"#7"},"west":{"uv":[0.0,9.1875,0.21875,10.375],"tintindex":0,"rotation":0,"texture":"#7"},"up":{"uv":[8.96875,0.71875,8.78125,0.5],"tintindex":0,"rotation":0,"texture":"#7"},"down":{"uv":[0.65625,11.84375,0.46875,12.0625],"tintindex":0,"rotation":0,"texture":"#7"}},"rotation":{"origin":[8.0,8.0,9.099998],"angle":-22.5,"axis":"z"}},{"from":[-8.0,4.817398,4.0999985],"to":[24.0,11.182602,11.099998],"faces":{"east":{"uv":[5.6875,1.8125,5.90625,2.0],"tintindex":0,"rotation":0,"texture":"#7"},"south":{"uv":[10.3125,0.40625,11.3125,0.59375],"tintindex":0,"rotation":0,"texture":"#7"},"north":{"uv":[2.875,2.125,3.875,2.3125],"tintindex":0,"rotation":0,"texture":"#7"},"west":{"uv":[11.78125,0.0,12.0,0.1875],"tintindex":0,"rotation":0,"texture":"#7"},"up":{"uv":[10.9375,8.6875,9.9375,8.46875],"tintindex":0,"rotation":0,"texture":"#7"},"down":{"uv":[11.09375,2.4375,10.09375,2.65625],"tintindex":0,"rotation":0,"texture":"#7"}},"rotation":{"origin":[8.0,8.0,9.099998],"angle":-45.0,"axis":"z"}},{"from":[-11.0,4.817398,4.0999985],"to":[27.0,11.182602,11.099998],"faces":{"east":{"uv":[11.78125,1.8125,12.0,2.0],"tintindex":0,"rotation":0,"texture":"#7"},"south":{"uv":[9.9375,7.90625,11.125,8.09375],"tintindex":0,"rotation":0,"texture":"#7"},"north":{"uv":[9.9375,0.59375,11.125,0.78125],"tintindex":0,"rotation":0,"texture":"#7"},"west":{"uv":[11.78125,2.4375,12.0,2.625],"tintindex":0,"rotation":0,"texture":"#7"},"up":{"uv":[10.53125,2.4375,9.34375,2.21875],"tintindex":0,"rotation":0,"texture":"#7"},"down":{"uv":[10.53125,3.40625,9.34375,3.625],"tintindex":0,"rotation":0,"texture":"#7"}},"rotation":{"origin":[8.0,8.0,9.099998],"angle":-22.5,"axis":"z"}},{"from":[-8.0,4.817398,4.0999985],"to":[24.0,11.182602,11.099998],"faces":{"east":{"uv":[11.78125,2.90625,12.0,3.09375],"tintindex":0,"rotation":0,"texture":"#7"},"south":{"uv":[10.34375,9.09375,11.34375,9.28125],"tintindex":0,"rotation":0,"texture":"#7"},"north":{"uv":[10.34375,8.90625,11.34375,9.09375],"tintindex":0,"rotation":0,"texture":"#7"},"west":{"uv":[11.78125,3.3125,12.0,3.5],"tintindex":0,"rotation":0,"texture":"#7"},"up":{"uv":[11.125,6.625,10.125,6.40625],"tintindex":0,"rotation":0,"texture":"#7"},"down":{"uv":[11.125,6.625,10.125,6.84375],"tintindex":0,"rotation":0,"texture":"#7"}}},{"from":[4.8174,-8.0,4.0999985],"to":[11.1826,24.0,11.099998],"faces":{"east":{"uv":[2.5,10.09375,2.71875,11.09375],"tintindex":0,"rotation":0,"texture":"#7"},"south":{"uv":[3.5,10.3125,3.6875,11.3125],"tintindex":0,"rotation":0,"texture":"#7"},"north":{"uv":[3.3125,10.28125,3.5,11.28125],"tintindex":0,"rotation":0,"texture":"#7"},"west":{"uv":[2.71875,10.09375,2.9375,11.09375],"tintindex":0,"rotation":0,"texture":"#7"},"up":{"uv":[2.65625,12.0625,2.46875,11.84375],"tintindex":0,"rotation":0,"texture":"#7"},"down":{"uv":[8.96875,11.84375,8.78125,12.0625],"tintindex":0,"rotation":0,"texture":"#7"}}}],"display":{"gui":{"rotation":[30,225,0]}}}