{"textures":{"8":"modelengine:entity/iron_golemr"},"elements":[{"from":[1.9745002,11.012749,-0.28505993],"to":[14.025499,26.0765,11.76594],"faces":{"east":{"uv":[0.0,0.9921875,0.9921875,2.2421875],"tintindex":0,"rotation":0,"texture":"#8"},"south":{"uv":[3.0234375,1.0,4.015625,2.25],"tintindex":0,"rotation":0,"texture":"#8"},"north":{"uv":[1.0078125,0.984375,1.984375,2.25],"tintindex":0,"rotation":0,"texture":"#8"},"west":{"uv":[1.984375,0.9921875,3.0,2.25],"tintindex":0,"rotation":0,"texture":"#8"},"up":{"uv":[1.984375,0.96875,1.015625,0.0],"tintindex":0,"rotation":0,"texture":"#8"},"down":{"uv":[3.0,0.0,1.9765625,0.9765625],"tintindex":0,"rotation":0,"texture":"#8"}}},{"from":[6.4936247,9.506374,-3.2978153],"to":[9.506374,15.531876,-0.28505993],"faces":{"east":{"uv":[3.0,0.25,3.25,0.7578125],"tintindex":0,"rotation":0,"texture":"#8"},"south":{"uv":[3.75,0.25,4.0,0.75],"tintindex":0,"rotation":0,"texture":"#8"},"north":{"uv":[3.25,0.25,3.4921875,0.7578125],"tintindex":0,"rotation":0,"texture":"#8"},"west":{"uv":[3.4921875,0.25,3.75,0.7578125],"tintindex":0,"rotation":0,"texture":"#8"},"up":{"uv":[3.4921875,0.25,3.25,0.0],"tintindex":0,"rotation":0,"texture":"#8"},"down":{"uv":[3.75,0.0,3.4921875,0.25],"tintindex":0,"rotation":0,"texture":"#8"}}}],"display":{"gui":{"rotation":[30,225,0]}}}