{"textures":{"7":"modelengine:entity/golen_mech"},"elements":[{"from":[3.1666665,-1.833334,1.333333],"to":[13.5,6.833333,14.333334],"faces":{"east":{"uv":[4.3125,3.125,5.53125,3.9375],"tintindex":0,"rotation":0,"texture":"#7"},"south":{"uv":[4.9375,2.0,5.90625,2.8125],"tintindex":0,"rotation":0,"texture":"#7"},"north":{"uv":[5.90625,2.0,4.9375,2.8125],"tintindex":0,"rotation":0,"texture":"#7"},"west":{"uv":[5.53125,3.125,4.3125,3.9375],"tintindex":0,"rotation":0,"texture":"#7"},"up":{"uv":[1.25,4.65625,2.21875,3.4375],"tintindex":0,"rotation":0,"texture":"#7"},"down":{"uv":[2.21875,3.4375,3.1875,4.65625],"tintindex":0,"rotation":0,"texture":"#7"}}},{"from":[9.5,-6.5,1.6666665],"to":[10.833334,-2.833334,2.6666665],"faces":{"east":{"uv":[16.0,1.875,15.90625,2.21875],"tintindex":0,"rotation":0,"texture":"#7"},"south":{"uv":[16.0,0.75,15.875,1.09375],"tintindex":0,"rotation":0,"texture":"#7"},"north":{"uv":[16.0,1.125,15.875,1.46875],"tintindex":0,"rotation":0,"texture":"#7"},"west":{"uv":[16.0,1.5,15.90625,1.84375],"tintindex":0,"rotation":0,"texture":"#7"},"up":{"uv":[10.53125,5.03125,10.65625,4.9375],"tintindex":0,"rotation":0,"texture":"#7"},"down":{"uv":[11.5,4.9375,11.625,5.03125],"tintindex":0,"rotation":0,"texture":"#7"}}},{"from":[2.833333,-6.5,1.6666665],"to":[9.5,-5.166667,5.6666665],"faces":{"east":{"uv":[13.9375,0.84375,13.5625,0.96875],"tintindex":0,"rotation":0,"texture":"#7"},"south":{"uv":[14.1875,0.03125,13.5625,0.15625],"tintindex":0,"rotation":0,"texture":"#7"},"north":{"uv":[14.875,0.0,14.25,0.125],"tintindex":0,"rotation":0,"texture":"#7"},"west":{"uv":[13.96875,0.625,13.59375,0.75],"tintindex":0,"rotation":0,"texture":"#7"},"up":{"uv":[14.21875,0.65625,14.84375,0.28125],"tintindex":0,"rotation":0,"texture":"#7"},"down":{"uv":[13.53125,0.21875,14.15625,0.59375],"tintindex":0,"rotation":0,"texture":"#7"}}},{"from":[5.5,2.1666665,5.4575267],"to":[11.166667,12.833334,9.875807],"faces":{"east":{"uv":[4.15625,7.375,3.75,8.375],"tintindex":0,"rotation":0,"texture":"#7"},"south":{"uv":[3.75,6.84375,3.21875,7.84375],"tintindex":0,"rotation":0,"texture":"#7"},"north":{"uv":[3.21875,6.84375,2.6875,7.84375],"tintindex":0,"rotation":0,"texture":"#7"},"west":{"uv":[1.6875,7.28125,1.28125,8.28125],"tintindex":0,"rotation":0,"texture":"#7"},"up":{"uv":[10.25,2.0,10.78125,1.59375],"tintindex":0,"rotation":0,"texture":"#7"},"down":{"uv":[10.15625,10.25,10.6875,10.65625],"tintindex":0,"rotation":0,"texture":"#7"}},"rotation":{"origin":[8.5,7.5,7.6666665],"angle":45.0,"axis":"x"}},{"from":[5.5,2.1666665,5.4575267],"to":[11.166667,12.833334,9.875807],"faces":{"east":{"uv":[8.03125,3.59375,7.625,4.59375],"tintindex":0,"rotation":0,"texture":"#7"},"south":{"uv":[7.46875,4.78125,6.9375,5.78125],"tintindex":0,"rotation":0,"texture":"#7"},"north":{"uv":[7.4375,1.28125,6.90625,2.28125],"tintindex":0,"rotation":0,"texture":"#7"},"west":{"uv":[5.1875,7.40625,4.78125,8.40625],"tintindex":0,"rotation":0,"texture":"#7"},"up":{"uv":[10.3125,0.40625,10.84375,0.0],"tintindex":0,"rotation":0,"texture":"#7"},"down":{"uv":[10.3125,2.65625,10.84375,3.0625],"tintindex":0,"rotation":0,"texture":"#7"}}},{"from":[3.833333,-9.166668,2.6666665],"to":[12.833334,-1.833334,13.333334],"faces":{"east":{"uv":[5.53125,3.8125,6.53125,4.5],"tintindex":0,"rotation":0,"texture":"#7"},"south":{"uv":[7.125,3.09375,6.28125,3.78125],"tintindex":0,"rotation":0,"texture":"#7"},"north":{"uv":[6.28125,3.09375,7.125,3.78125],"tintindex":0,"rotation":0,"texture":"#7"},"west":{"uv":[6.53125,3.8125,5.53125,4.5],"tintindex":0,"rotation":0,"texture":"#7"},"up":{"uv":[2.3125,5.65625,3.15625,4.65625],"tintindex":0,"rotation":0,"texture":"#7"},"down":{"uv":[4.9375,0.0,5.78125,1.0],"tintindex":0,"rotation":0,"texture":"#7"}}},{"from":[9.5,-2.833334,0.33333302],"to":[10.833334,4.5,2.6666665],"faces":{"east":{"uv":[15.46875,0.0,15.25,0.6875],"tintindex":0,"rotation":0,"texture":"#7"},"south":{"uv":[15.875,0.0,15.75,0.6875],"tintindex":0,"rotation":0,"texture":"#7"},"north":{"uv":[16.0,0.0,15.875,0.6875],"tintindex":0,"rotation":0,"texture":"#7"},"west":{"uv":[15.71875,0.0,15.5,0.6875],"tintindex":0,"rotation":0,"texture":"#7"},"up":{"uv":[10.53125,5.15625,10.65625,4.9375],"tintindex":0,"rotation":0,"texture":"#7"},"down":{"uv":[11.5,4.9375,11.625,5.15625],"tintindex":0,"rotation":0,"texture":"#7"}}},{"from":[5.5,5.29086,2.333333],"to":[11.166667,9.70914,13.0],"faces":{"east":{"uv":[8.46875,4.71875,7.46875,5.125],"tintindex":0,"rotation":0,"texture":"#7"},"south":{"uv":[10.75,5.0,10.21875,5.40625],"tintindex":0,"rotation":0,"texture":"#7"},"north":{"uv":[10.75,4.59375,10.21875,5.0],"tintindex":0,"rotation":0,"texture":"#7"},"west":{"uv":[8.4375,1.65625,7.4375,2.0625],"tintindex":0,"rotation":0,"texture":"#7"},"up":{"uv":[5.03125,7.40625,5.5625,6.40625],"tintindex":0,"rotation":0,"texture":"#7"},"down":{"uv":[6.53125,3.78125,7.0625,4.78125],"tintindex":0,"rotation":0,"texture":"#7"}},"rotation":{"origin":[8.5,7.5,7.6666665],"angle":45.0,"axis":"x"}},{"from":[5.5,5.29086,2.333333],"to":[11.166667,9.70914,13.0],"faces":{"east":{"uv":[8.53125,0.0,7.53125,0.40625],"tintindex":0,"rotation":0,"texture":"#7"},"south":{"uv":[1.5625,10.25,1.03125,10.65625],"tintindex":0,"rotation":0,"texture":"#7"},"north":{"uv":[10.75,5.40625,10.21875,5.8125],"tintindex":0,"rotation":0,"texture":"#7"},"west":{"uv":[8.46875,5.125,7.46875,5.53125],"tintindex":0,"rotation":0,"texture":"#7"},"up":{"uv":[6.5625,7.3125,7.09375,6.3125],"tintindex":0,"rotation":0,"texture":"#7"},"down":{"uv":[0.75,6.75,1.28125,7.75],"tintindex":0,"rotation":0,"texture":"#7"}}}],"display":{"gui":{"rotation":[30,225,0]}}}