{"textures":{"7":"modelengine:entity/golen_mech"},"elements":[{"from":[4.5,2.0,5.9289303],"to":[11.5,12.0,10.07107],"faces":{"east":{"uv":[8.96875,10.65625,8.71875,11.28125],"tintindex":0,"rotation":0,"texture":"#7"},"south":{"uv":[9.875,1.59375,9.4375,2.21875],"tintindex":0,"rotation":0,"texture":"#7"},"north":{"uv":[9.84375,5.21875,9.40625,5.84375],"tintindex":0,"rotation":0,"texture":"#7"},"west":{"uv":[1.9375,7.28125,1.6875,7.90625],"tintindex":0,"rotation":0,"texture":"#7"},"up":{"uv":[1.09375,11.5625,1.53125,11.3125],"tintindex":0,"rotation":0,"texture":"#7"},"down":{"uv":[11.3125,1.125,11.75,1.375],"tintindex":0,"rotation":0,"texture":"#7"}},"rotation":{"origin":[8.0,7.0,8.0],"angle":45.0,"axis":"x"}},{"from":[-1.0,-3.0,11.5],"to":[2.0,-1.5,13.0],"faces":{"east":{"uv":[12.09375,6.0,12.0,6.09375],"tintindex":0,"rotation":0,"texture":"#7"},"south":{"uv":[11.71875,10.96875,11.53125,11.0625],"tintindex":0,"rotation":0,"texture":"#7"},"north":{"uv":[10.6875,4.5,10.5,4.59375],"tintindex":0,"rotation":0,"texture":"#7"},"west":{"uv":[12.09375,5.90625,12.0,6.0],"tintindex":0,"rotation":0,"texture":"#7"},"up":{"uv":[11.5625,4.5,11.75,4.40625],"tintindex":0,"rotation":0,"texture":"#7"},"down":{"uv":[11.90625,10.625,12.09375,10.71875],"tintindex":0,"rotation":0,"texture":"#7"}}},{"from":[4.5,4.9289303,3.0],"to":[11.5,9.07107,13.0],"faces":{"east":{"uv":[11.34375,7.1875,10.71875,7.4375],"tintindex":0,"rotation":0,"texture":"#7"},"south":{"uv":[11.71875,5.8125,11.28125,6.0625],"tintindex":0,"rotation":0,"texture":"#7"},"north":{"uv":[6.5625,7.0625,6.125,7.3125],"tintindex":0,"rotation":0,"texture":"#7"},"west":{"uv":[11.3125,10.25,10.6875,10.5],"tintindex":0,"rotation":0,"texture":"#7"},"up":{"uv":[9.3125,5.21875,9.75,4.59375],"tintindex":0,"rotation":0,"texture":"#7"},"down":{"uv":[4.625,9.3125,5.0625,9.9375],"tintindex":0,"rotation":0,"texture":"#7"}},"rotation":{"origin":[8.0,7.0,8.0],"angle":45.0,"axis":"x"}},{"from":[-1.0,-3.0,4.5],"to":[0.5,-1.5,11.5],"faces":{"east":{"uv":[12.25,0.90625,11.8125,1.0],"tintindex":0,"rotation":0,"texture":"#7"},"south":{"uv":[7.21875,12.0,7.125,12.09375],"tintindex":0,"rotation":0,"texture":"#7"},"north":{"uv":[12.09375,6.09375,12.0,6.1875],"tintindex":0,"rotation":0,"texture":"#7"},"west":{"uv":[12.21875,1.46875,11.78125,1.5625],"tintindex":0,"rotation":0,"texture":"#7"},"up":{"uv":[10.15625,12.25,10.25,11.8125],"tintindex":0,"rotation":0,"texture":"#7"},"down":{"uv":[0.65625,11.84375,0.75,12.28125],"tintindex":0,"rotation":0,"texture":"#7"}}},{"from":[2.0,-8.0,2.0],"to":[14.0,8.0,14.0],"faces":{"east":{"uv":[4.3125,5.40625,5.0625,6.40625],"tintindex":0,"rotation":0,"texture":"#7"},"south":{"uv":[0.0,5.40625,0.75,6.40625],"tintindex":0,"rotation":0,"texture":"#7"},"north":{"uv":[0.75,5.40625,0.0,6.40625],"tintindex":0,"rotation":0,"texture":"#7"},"west":{"uv":[5.0625,5.40625,4.3125,6.40625],"tintindex":0,"rotation":0,"texture":"#7"},"up":{"uv":[0.0,7.15625,0.75,6.40625],"tintindex":0,"rotation":0,"texture":"#7"},"down":{"uv":[4.28125,6.40625,5.03125,7.15625],"tintindex":0,"rotation":0,"texture":"#7"}}},{"from":[4.5,4.9289303,3.0],"to":[11.5,9.07107,13.0],"faces":{"east":{"uv":[11.375,4.75,10.75,5.0],"tintindex":0,"rotation":0,"texture":"#7"},"south":{"uv":[8.8125,11.28125,8.375,11.53125],"tintindex":0,"rotation":0,"texture":"#7"},"north":{"uv":[11.71875,6.0625,11.28125,6.3125],"tintindex":0,"rotation":0,"texture":"#7"},"west":{"uv":[11.375,4.5,10.75,4.75],"tintindex":0,"rotation":0,"texture":"#7"},"up":{"uv":[9.34375,9.5,9.78125,8.875],"tintindex":0,"rotation":0,"texture":"#7"},"down":{"uv":[2.0625,9.40625,2.5,10.03125],"tintindex":0,"rotation":0,"texture":"#7"}}},{"from":[4.450001,2.0,2.9289303],"to":[4.450001,12.0,13.07107],"faces":{"east":{"uv":[2.3125,8.0,1.6875,8.625],"tintindex":0,"rotation":0,"texture":"#7"},"west":{"uv":[7.0625,7.8125,6.4375,8.4375],"tintindex":0,"rotation":0,"texture":"#7"}}},{"from":[-1.0,-3.0,3.0],"to":[2.0,-1.5,4.5],"faces":{"east":{"uv":[12.09375,4.78125,12.0,4.875],"tintindex":0,"rotation":0,"texture":"#7"},"south":{"uv":[8.0625,8.71875,7.875,8.8125],"tintindex":0,"rotation":0,"texture":"#7"},"north":{"uv":[1.875,7.90625,1.6875,8.0],"tintindex":0,"rotation":0,"texture":"#7"},"west":{"uv":[12.09375,4.6875,12.0,4.78125],"tintindex":0,"rotation":0,"texture":"#7"},"up":{"uv":[9.8125,2.53125,10.0,2.4375],"tintindex":0,"rotation":0,"texture":"#7"},"down":{"uv":[0.0,10.375,0.1875,10.46875],"tintindex":0,"rotation":0,"texture":"#7"}}},{"from":[4.5,2.0,5.9289303],"to":[11.5,12.0,10.07107],"faces":{"east":{"uv":[11.0,5.0,10.75,5.625],"tintindex":0,"rotation":0,"texture":"#7"},"south":{"uv":[2.9375,9.46875,2.5,10.09375],"tintindex":0,"rotation":0,"texture":"#7"},"north":{"uv":[8.75,9.4375,8.3125,10.0625],"tintindex":0,"rotation":0,"texture":"#7"},"west":{"uv":[3.1875,10.71875,2.9375,11.34375],"tintindex":0,"rotation":0,"texture":"#7"},"up":{"uv":[3.1875,11.5625,3.625,11.3125],"tintindex":0,"rotation":0,"texture":"#7"},"down":{"uv":[11.3125,10.03125,11.75,10.28125],"tintindex":0,"rotation":0,"texture":"#7"}}},{"from":[4.5,-11.0,4.0],"to":[12.0,-8.0,12.0],"faces":{"east":{"uv":[7.625,3.59375,7.125,3.78125],"tintindex":0,"rotation":0,"texture":"#7"},"south":{"uv":[7.59375,3.59375,7.125,3.78125],"tintindex":0,"rotation":0,"texture":"#7"},"north":{"uv":[7.59375,3.59375,7.125,3.78125],"tintindex":0,"rotation":0,"texture":"#7"},"west":{"uv":[7.625,3.59375,7.125,3.78125],"tintindex":0,"rotation":0,"texture":"#7"},"up":{"uv":[1.03125,10.25,1.5,9.75],"tintindex":0,"rotation":0,"texture":"#7"},"down":{"uv":[9.75,4.59375,10.21875,5.09375],"tintindex":0,"rotation":0,"texture":"#7"}}}],"display":{"gui":{"rotation":[30,225,0]}}}