{"textures":{"7":"modelengine:entity/golen_mech"},"elements":[{"from":[0.0,-1.0,-6.5],"to":[16.0,17.0,22.5],"faces":{"east":{"uv":[7.09375,6.8125,8.0,7.375],"tintindex":0,"rotation":0,"texture":"#7"},"south":{"uv":[1.59375,9.1875,1.09375,9.75],"tintindex":0,"rotation":0,"texture":"#7"},"north":{"uv":[1.09375,9.1875,1.59375,9.75],"tintindex":0,"rotation":0,"texture":"#7"},"west":{"uv":[8.0,6.8125,7.09375,7.375],"tintindex":0,"rotation":0,"texture":"#7"},"up":{"uv":[0.5,8.0625,0.0,7.15625],"tintindex":0,"rotation":0,"texture":"#7"},"down":{"uv":[4.78125,7.15625,4.28125,8.0625],"tintindex":0,"rotation":0,"texture":"#7"}}}],"display":{"gui":{"rotation":[30,225,0]}}}