{"textures":{"7":"modelengine:entity/golen_mech"},"elements":[{"from":[18.0,10.666667,0.0],"to":[22.666668,19.333334,1.6666665],"faces":{"east":{"uv":[1.78125,10.84375,1.9375,11.65625],"tintindex":0,"rotation":0,"texture":"#7"},"south":{"uv":[7.875,8.8125,8.3125,9.625],"tintindex":0,"rotation":0,"texture":"#7"},"north":{"uv":[7.0,8.75,7.4375,9.5625],"tintindex":0,"rotation":0,"texture":"#7"},"west":{"uv":[6.84375,10.9375,7.0,11.75],"tintindex":0,"rotation":0,"texture":"#7"},"up":{"uv":[11.9375,2.21875,11.5,2.0625],"tintindex":0,"rotation":0,"texture":"#7"},"down":{"uv":[11.9375,7.03125,11.5,7.1875],"tintindex":0,"rotation":0,"texture":"#7"}}},{"from":[7.3333335,9.333333,4.0],"to":[23.666668,13.0,6.0],"faces":{"east":{"uv":[1.9375,5.96875,2.125,6.3125],"tintindex":0,"rotation":0,"texture":"#7"},"south":{"uv":[8.46875,5.78125,6.9375,6.125],"tintindex":0,"rotation":0,"texture":"#7"},"north":{"uv":[6.9375,5.78125,8.46875,6.125],"tintindex":0,"rotation":0,"texture":"#7"},"west":{"uv":[11.53125,10.46875,11.71875,10.8125],"tintindex":0,"rotation":0,"texture":"#7"},"up":{"uv":[10.5,4.59375,8.96875,4.40625],"tintindex":0,"rotation":0,"texture":"#7"},"down":{"uv":[10.5625,6.21875,9.03125,6.40625],"tintindex":0,"rotation":0,"texture":"#7"}},"rotation":{"origin":[15.0,11.166667,5.0],"angle":22.5,"axis":"z"}},{"from":[7.3333335,9.333333,9.666667],"to":[23.666668,13.0,11.666667],"faces":{"east":{"uv":[2.125,5.96875,1.9375,6.3125],"tintindex":0,"rotation":0,"texture":"#7"},"south":{"uv":[8.46875,5.78125,6.9375,6.125],"tintindex":0,"rotation":0,"texture":"#7"},"north":{"uv":[6.9375,5.78125,8.46875,6.125],"tintindex":0,"rotation":0,"texture":"#7"},"west":{"uv":[11.71875,10.46875,11.53125,10.8125],"tintindex":0,"rotation":0,"texture":"#7"},"up":{"uv":[10.5,4.40625,8.96875,4.59375],"tintindex":0,"rotation":0,"texture":"#7"},"down":{"uv":[10.5625,6.40625,9.03125,6.21875],"tintindex":0,"rotation":0,"texture":"#7"}},"rotation":{"origin":[15.0,11.166667,10.666667],"angle":22.5,"axis":"z"}},{"from":[27.666668,14.333334,12.0],"to":[28.333334,16.333334,14.0],"faces":{"east":{"uv":[12.0625,10.28125,11.875,10.46875],"tintindex":0,"rotation":0,"texture":"#7"},"south":{"uv":[5.0,10.8125,4.9375,11.0],"tintindex":0,"rotation":0,"texture":"#7"},"north":{"uv":[0.3125,11.09375,0.25,11.28125],"tintindex":0,"rotation":0,"texture":"#7"},"west":{"uv":[12.0625,11.40625,11.875,11.59375],"tintindex":0,"rotation":0,"texture":"#7"},"up":{"uv":[3.6875,11.3125,3.625,11.5],"tintindex":0,"rotation":0,"texture":"#7"},"down":{"uv":[10.28125,11.78125,10.21875,11.59375],"tintindex":0,"rotation":0,"texture":"#7"}}},{"from":[18.0,10.666667,14.0],"to":[22.666668,19.333334,15.666667],"faces":{"east":{"uv":[1.9375,10.84375,1.78125,11.65625],"tintindex":0,"rotation":0,"texture":"#7"},"south":{"uv":[7.4375,8.75,7.0,9.5625],"tintindex":0,"rotation":0,"texture":"#7"},"north":{"uv":[8.3125,8.8125,7.875,9.625],"tintindex":0,"rotation":0,"texture":"#7"},"west":{"uv":[7.0,10.9375,6.84375,11.75],"tintindex":0,"rotation":0,"texture":"#7"},"up":{"uv":[11.9375,2.0625,11.5,2.21875],"tintindex":0,"rotation":0,"texture":"#7"},"down":{"uv":[11.9375,7.1875,11.5,7.03125],"tintindex":0,"rotation":0,"texture":"#7"}}},{"from":[12.666667,11.333334,4.6666665],"to":[15.333334,18.333334,11.0],"faces":{"east":{"uv":[4.15625,8.0625,4.75,8.71875],"tintindex":0,"rotation":0,"texture":"#7"},"south":{"uv":[6.71875,0.0,6.96875,0.65625],"tintindex":0,"rotation":0,"texture":"#7"},"north":{"uv":[5.5625,6.40625,5.8125,7.0625],"tintindex":0,"rotation":0,"texture":"#7"},"west":{"uv":[7.46875,8.0625,8.0625,8.71875],"tintindex":0,"rotation":0,"texture":"#7"},"up":{"uv":[0.75,7.75,0.5,7.15625],"tintindex":0,"rotation":0,"texture":"#7"},"down":{"uv":[11.125,10.5,10.875,11.09375],"tintindex":0,"rotation":0,"texture":"#7"}}},{"from":[27.666668,14.333334,6.6666665],"to":[28.333334,16.333334,9.0],"faces":{"east":{"uv":[11.875,11.59375,12.0625,11.78125],"tintindex":0,"rotation":0,"texture":"#7"},"south":{"uv":[8.96875,11.84375,9.03125,12.03125],"tintindex":0,"rotation":0,"texture":"#7"},"north":{"uv":[0.75,11.84375,0.8125,12.03125],"tintindex":0,"rotation":0,"texture":"#7"},"west":{"uv":[11.875,11.78125,12.0625,11.96875],"tintindex":0,"rotation":0,"texture":"#7"},"up":{"uv":[6.0,12.0625,5.9375,11.875],"tintindex":0,"rotation":0,"texture":"#7"},"down":{"uv":[1.40625,11.90625,1.34375,12.09375],"tintindex":0,"rotation":0,"texture":"#7"}}},{"from":[25.0,14.333334,1.6666665],"to":[27.666668,16.333334,14.0],"faces":{"east":{"uv":[10.1875,9.5,11.34375,9.6875],"tintindex":0,"rotation":0,"texture":"#7"},"south":{"uv":[11.71875,11.21875,11.96875,11.40625],"tintindex":0,"rotation":0,"texture":"#7"},"north":{"uv":[11.71875,11.21875,11.96875,11.40625],"tintindex":0,"rotation":0,"texture":"#7"},"west":{"uv":[10.1875,9.6875,11.34375,9.875],"tintindex":0,"rotation":0,"texture":"#7"},"up":{"uv":[6.15625,10.1875,5.90625,9.03125],"tintindex":0,"rotation":0,"texture":"#7"},"down":{"uv":[3.5625,9.125,3.3125,10.28125],"tintindex":0,"rotation":0,"texture":"#7"}}},{"from":[19.333334,11.0,1.6666665],"to":[21.333334,13.0,14.0],"faces":{"east":{"uv":[10.15625,1.21875,11.3125,1.40625],"tintindex":0,"rotation":0,"texture":"#7"},"south":{"uv":[11.84375,6.84375,12.03125,7.03125],"tintindex":0,"rotation":0,"texture":"#7"},"north":{"uv":[9.59375,8.6875,9.78125,8.875],"tintindex":0,"rotation":0,"texture":"#7"},"west":{"uv":[10.15625,10.0625,11.3125,10.25],"tintindex":0,"rotation":0,"texture":"#7"},"up":{"uv":[1.25,4.65625,1.0625,3.5],"tintindex":0,"rotation":0,"texture":"#7"},"down":{"uv":[9.53125,10.09375,9.34375,11.25],"tintindex":0,"rotation":0,"texture":"#7"}}},{"from":[14.333334,16.333334,1.6666665],"to":[28.333334,23.333334,14.0],"faces":{"east":{"uv":[1.0,5.3125,2.15625,5.96875],"tintindex":0,"rotation":0,"texture":"#7"},"south":{"uv":[2.3125,4.65625,1.0,5.3125],"tintindex":0,"rotation":0,"texture":"#7"},"north":{"uv":[1.0,4.65625,2.3125,5.3125],"tintindex":0,"rotation":0,"texture":"#7"},"west":{"uv":[3.15625,5.40625,4.3125,6.0625],"tintindex":0,"rotation":0,"texture":"#7"},"up":{"uv":[2.875,1.15625,1.5625,0.0],"tintindex":0,"rotation":0,"texture":"#7"},"down":{"uv":[2.875,1.15625,1.5625,2.3125],"tintindex":0,"rotation":0,"texture":"#7"}}},{"from":[14.333334,12.333334,6.0],"to":[25.0,16.333334,9.666667],"faces":{"east":{"uv":[4.34375,11.09375,4.6875,11.46875],"tintindex":0,"rotation":0,"texture":"#7"},"south":{"uv":[8.4375,1.65625,9.4375,2.03125],"tintindex":0,"rotation":0,"texture":"#7"},"north":{"uv":[8.1875,7.21875,9.1875,7.59375],"tintindex":0,"rotation":0,"texture":"#7"},"west":{"uv":[10.75,11.09375,11.09375,11.46875],"tintindex":0,"rotation":0,"texture":"#7"},"up":{"uv":[9.625,6.78125,8.625,6.4375],"tintindex":0,"rotation":0,"texture":"#7"},"down":{"uv":[9.71875,7.59375,8.71875,7.9375],"tintindex":0,"rotation":0,"texture":"#7"}}},{"from":[13.333334,13.0,0.6666665],"to":[18.0,17.0,14.666667],"faces":{"east":{"uv":[7.125,2.84375,8.4375,3.21875],"tintindex":0,"rotation":0,"texture":"#7"},"south":{"uv":[6.125,10.6875,6.5625,11.0625],"tintindex":0,"rotation":0,"texture":"#7"},"north":{"uv":[6.5625,10.6875,6.125,11.0625],"tintindex":0,"rotation":0,"texture":"#7"},"west":{"uv":[7.125,3.21875,8.4375,3.59375],"tintindex":0,"rotation":0,"texture":"#7"},"up":{"uv":[1.9375,7.28125,1.5,5.96875],"tintindex":0,"rotation":0,"texture":"#7"},"down":{"uv":[4.28125,6.0625,3.84375,7.375],"tintindex":0,"rotation":0,"texture":"#7"}}},{"from":[27.666668,14.333334,1.6666665],"to":[28.333334,16.333334,3.6666665],"faces":{"east":{"uv":[11.875,10.28125,12.0625,10.46875],"tintindex":0,"rotation":0,"texture":"#7"},"south":{"uv":[0.25,11.09375,0.3125,11.28125],"tintindex":0,"rotation":0,"texture":"#7"},"north":{"uv":[4.9375,10.8125,5.0,11.0],"tintindex":0,"rotation":0,"texture":"#7"},"west":{"uv":[11.875,11.40625,12.0625,11.59375],"tintindex":0,"rotation":0,"texture":"#7"},"up":{"uv":[3.6875,11.5,3.625,11.3125],"tintindex":0,"rotation":0,"texture":"#7"},"down":{"uv":[10.28125,11.59375,10.21875,11.78125],"tintindex":0,"rotation":0,"texture":"#7"}}},{"from":[25.0,12.666667,9.0],"to":[28.333334,14.333334,14.0],"faces":{"east":{"uv":[8.65625,3.9375,9.125,4.09375],"tintindex":0,"rotation":0,"texture":"#7"},"south":{"uv":[5.53125,11.40625,5.21875,11.5625],"tintindex":0,"rotation":0,"texture":"#7"},"north":{"uv":[5.21875,11.40625,5.53125,11.5625],"tintindex":0,"rotation":0,"texture":"#7"},"west":{"uv":[8.9375,2.53125,9.40625,2.6875],"tintindex":0,"rotation":0,"texture":"#7"},"up":{"uv":[7.0,8.90625,6.6875,8.4375],"tintindex":0,"rotation":0,"texture":"#7"},"down":{"uv":[0.65625,8.75,0.34375,9.21875],"tintindex":0,"rotation":0,"texture":"#7"}}},{"from":[25.0,12.666667,1.6666665],"to":[28.333334,14.333334,6.6666665],"faces":{"east":{"uv":[9.125,3.9375,8.65625,4.09375],"tintindex":0,"rotation":0,"texture":"#7"},"south":{"uv":[5.53125,11.40625,5.21875,11.5625],"tintindex":0,"rotation":0,"texture":"#7"},"north":{"uv":[5.21875,11.40625,5.53125,11.5625],"tintindex":0,"rotation":0,"texture":"#7"},"west":{"uv":[9.40625,2.53125,8.9375,2.6875],"tintindex":0,"rotation":0,"texture":"#7"},"up":{"uv":[7.0,8.4375,6.6875,8.90625],"tintindex":0,"rotation":0,"texture":"#7"},"down":{"uv":[0.65625,9.21875,0.34375,8.75],"tintindex":0,"rotation":0,"texture":"#7"}}}],"display":{"gui":{"rotation":[30,225,0]}}}