{"textures":{"7":"modelengine:entity/golen_mech"},"elements":[{"from":[3.1666665,-9.166668,2.6666665],"to":[12.166667,-1.833334,13.333334],"faces":{"east":{"uv":[5.53125,3.8125,6.53125,4.5],"tintindex":0,"rotation":0,"texture":"#7"},"south":{"uv":[6.28125,3.09375,7.125,3.78125],"tintindex":0,"rotation":0,"texture":"#7"},"north":{"uv":[7.125,3.09375,6.28125,3.78125],"tintindex":0,"rotation":0,"texture":"#7"},"west":{"uv":[6.53125,3.8125,5.53125,4.5],"tintindex":0,"rotation":0,"texture":"#7"},"up":{"uv":[3.15625,5.65625,2.3125,4.65625],"tintindex":0,"rotation":0,"texture":"#7"},"down":{"uv":[5.78125,0.0,4.9375,1.0],"tintindex":0,"rotation":0,"texture":"#7"}}},{"from":[5.1666665,-2.833334,0.33333302],"to":[6.5,4.5,2.6666665],"faces":{"east":{"uv":[15.5,0.0,15.71875,0.6875],"tintindex":0,"rotation":0,"texture":"#7"},"south":{"uv":[15.75,0.0,15.875,0.6875],"tintindex":0,"rotation":0,"texture":"#7"},"north":{"uv":[15.875,0.0,16.0,0.6875],"tintindex":0,"rotation":0,"texture":"#7"},"west":{"uv":[15.25,0.0,15.46875,0.6875],"tintindex":0,"rotation":0,"texture":"#7"},"up":{"uv":[10.65625,5.15625,10.53125,4.9375],"tintindex":0,"rotation":0,"texture":"#7"},"down":{"uv":[11.625,4.9375,11.5,5.15625],"tintindex":0,"rotation":0,"texture":"#7"}}},{"from":[4.833333,5.29086,2.333333],"to":[10.5,9.70914,13.0],"faces":{"east":{"uv":[7.46875,5.125,8.46875,5.53125],"tintindex":0,"rotation":0,"texture":"#7"},"south":{"uv":[1.03125,10.25,1.5625,10.65625],"tintindex":0,"rotation":0,"texture":"#7"},"north":{"uv":[10.21875,5.40625,10.75,5.8125],"tintindex":0,"rotation":0,"texture":"#7"},"west":{"uv":[7.53125,0.0,8.53125,0.40625],"tintindex":0,"rotation":0,"texture":"#7"},"up":{"uv":[7.09375,7.3125,6.5625,6.3125],"tintindex":0,"rotation":0,"texture":"#7"},"down":{"uv":[1.28125,6.75,0.75,7.75],"tintindex":0,"rotation":0,"texture":"#7"}}},{"from":[6.5,-6.5,1.6666665],"to":[13.166667,-5.166667,5.6666665],"faces":{"east":{"uv":[13.59375,0.625,13.96875,0.75],"tintindex":0,"rotation":0,"texture":"#7"},"south":{"uv":[13.5625,0.03125,14.1875,0.15625],"tintindex":0,"rotation":0,"texture":"#7"},"north":{"uv":[14.25,0.0,14.875,0.125],"tintindex":0,"rotation":0,"texture":"#7"},"west":{"uv":[13.5625,0.84375,13.9375,0.96875],"tintindex":0,"rotation":0,"texture":"#7"},"up":{"uv":[14.84375,0.65625,14.21875,0.28125],"tintindex":0,"rotation":0,"texture":"#7"},"down":{"uv":[14.15625,0.21875,13.53125,0.59375],"tintindex":0,"rotation":0,"texture":"#7"}}},{"from":[4.833333,2.1666665,5.4575267],"to":[10.5,12.833334,9.875807],"faces":{"east":{"uv":[1.28125,7.28125,1.6875,8.28125],"tintindex":0,"rotation":0,"texture":"#7"},"south":{"uv":[3.21875,6.84375,3.75,7.84375],"tintindex":0,"rotation":0,"texture":"#7"},"north":{"uv":[2.6875,6.84375,3.21875,7.84375],"tintindex":0,"rotation":0,"texture":"#7"},"west":{"uv":[3.75,7.375,4.15625,8.375],"tintindex":0,"rotation":0,"texture":"#7"},"up":{"uv":[10.78125,2.0,10.25,1.59375],"tintindex":0,"rotation":0,"texture":"#7"},"down":{"uv":[10.6875,10.25,10.15625,10.65625],"tintindex":0,"rotation":0,"texture":"#7"}},"rotation":{"origin":[7.5,7.5,7.6666665],"angle":45.0,"axis":"x"}},{"from":[2.5,-1.833334,1.333333],"to":[12.833334,6.833333,14.333334],"faces":{"east":{"uv":[4.3125,3.125,5.53125,3.9375],"tintindex":0,"rotation":0,"texture":"#7"},"south":{"uv":[5.90625,2.0,4.9375,2.8125],"tintindex":0,"rotation":0,"texture":"#7"},"north":{"uv":[4.9375,2.0,5.90625,2.8125],"tintindex":0,"rotation":0,"texture":"#7"},"west":{"uv":[5.53125,3.125,4.3125,3.9375],"tintindex":0,"rotation":0,"texture":"#7"},"up":{"uv":[2.21875,4.65625,1.25,3.4375],"tintindex":0,"rotation":0,"texture":"#7"},"down":{"uv":[3.1875,3.4375,2.21875,4.65625],"tintindex":0,"rotation":0,"texture":"#7"}}},{"from":[5.1666665,-6.5,1.6666665],"to":[6.5,-2.833334,2.6666665],"faces":{"east":{"uv":[15.90625,1.5,16.0,1.84375],"tintindex":0,"rotation":0,"texture":"#7"},"south":{"uv":[15.875,0.75,16.0,1.09375],"tintindex":0,"rotation":0,"texture":"#7"},"north":{"uv":[15.875,1.125,16.0,1.46875],"tintindex":0,"rotation":0,"texture":"#7"},"west":{"uv":[15.90625,1.875,16.0,2.21875],"tintindex":0,"rotation":0,"texture":"#7"},"up":{"uv":[10.65625,5.03125,10.53125,4.9375],"tintindex":0,"rotation":0,"texture":"#7"},"down":{"uv":[11.625,4.9375,11.5,5.03125],"tintindex":0,"rotation":0,"texture":"#7"}}},{"from":[4.833333,5.29086,2.333333],"to":[10.5,9.70914,13.0],"faces":{"east":{"uv":[7.4375,1.65625,8.4375,2.0625],"tintindex":0,"rotation":0,"texture":"#7"},"south":{"uv":[10.21875,5.0,10.75,5.40625],"tintindex":0,"rotation":0,"texture":"#7"},"north":{"uv":[10.21875,4.59375,10.75,5.0],"tintindex":0,"rotation":0,"texture":"#7"},"west":{"uv":[7.46875,4.71875,8.46875,5.125],"tintindex":0,"rotation":0,"texture":"#7"},"up":{"uv":[5.5625,7.40625,5.03125,6.40625],"tintindex":0,"rotation":0,"texture":"#7"},"down":{"uv":[7.0625,3.78125,6.53125,4.78125],"tintindex":0,"rotation":0,"texture":"#7"}},"rotation":{"origin":[7.5,7.5,7.6666665],"angle":45.0,"axis":"x"}},{"from":[4.833333,2.1666665,5.4575267],"to":[10.5,12.833334,9.875807],"faces":{"east":{"uv":[4.78125,7.40625,5.1875,8.40625],"tintindex":0,"rotation":0,"texture":"#7"},"south":{"uv":[6.9375,4.78125,7.46875,5.78125],"tintindex":0,"rotation":0,"texture":"#7"},"north":{"uv":[6.90625,1.28125,7.4375,2.28125],"tintindex":0,"rotation":0,"texture":"#7"},"west":{"uv":[7.625,3.59375,8.03125,4.59375],"tintindex":0,"rotation":0,"texture":"#7"},"up":{"uv":[10.84375,0.40625,10.3125,0.0],"tintindex":0,"rotation":0,"texture":"#7"},"down":{"uv":[10.84375,2.65625,10.3125,3.0625],"tintindex":0,"rotation":0,"texture":"#7"}}}],"display":{"gui":{"rotation":[30,225,0]}}}