{"textures":{"7":"modelengine:entity/golen_mech"},"elements":[{"from":[10.333334,-13.0,5.6666665],"to":[14.0,-5.0,11.0],"faces":{"east":{"uv":[6.6875,8.4375,6.1875,9.1875],"tintindex":0,"rotation":0,"texture":"#7"},"south":{"uv":[6.65625,9.59375,7.0,10.34375],"tintindex":0,"rotation":0,"texture":"#7"},"north":{"uv":[7.0,9.59375,6.65625,10.34375],"tintindex":0,"rotation":0,"texture":"#7"},"west":{"uv":[8.9375,2.6875,8.4375,3.4375],"tintindex":0,"rotation":0,"texture":"#7"},"up":{"uv":[8.375,11.15625,8.71875,10.65625],"tintindex":0,"rotation":0,"texture":"#7"},"down":{"uv":[9.6875,10.65625,10.03125,11.15625],"tintindex":0,"rotation":0,"texture":"#7"}}},{"from":[2.0,-8.666668,2.0],"to":[13.333334,2.0,14.0],"faces":{"east":{"uv":[3.1875,3.4375,4.3125,4.4375],"tintindex":0,"rotation":0,"texture":"#7"},"south":{"uv":[0.0,3.5,1.0625,4.5],"tintindex":0,"rotation":0,"texture":"#7"},"north":{"uv":[0.0,3.5,1.0625,4.5],"tintindex":0,"rotation":0,"texture":"#7"},"west":{"uv":[3.1875,3.4375,4.3125,4.4375],"tintindex":0,"rotation":0,"texture":"#7"},"up":{"uv":[3.875,3.4375,2.8125,2.3125],"tintindex":0,"rotation":0,"texture":"#7"},"down":{"uv":[3.9375,0.0,2.875,1.125],"tintindex":0,"rotation":0,"texture":"#7"}}},{"from":[5.6666665,2.0,6.0],"to":[9.666667,8.0,9.666667],"faces":{"east":{"uv":[8.96875,10.28125,9.3125,10.84375],"tintindex":0,"rotation":0,"texture":"#7"},"south":{"uv":[1.5625,10.28125,1.9375,10.84375],"tintindex":0,"rotation":0,"texture":"#7"},"north":{"uv":[1.9375,10.28125,1.5625,10.84375],"tintindex":0,"rotation":0,"texture":"#7"},"west":{"uv":[8.96875,10.28125,9.3125,10.84375],"tintindex":0,"rotation":0,"texture":"#7"},"up":{"uv":[11.5,2.21875,11.125,1.875],"tintindex":0,"rotation":0,"texture":"#7"},"down":{"uv":[11.5,7.75,11.125,8.09375],"tintindex":0,"rotation":0,"texture":"#7"}}},{"from":[1.333333,-13.0,5.6666665],"to":[5.0,-5.0,11.0],"faces":{"east":{"uv":[8.4375,2.6875,8.9375,3.4375],"tintindex":0,"rotation":0,"texture":"#7"},"south":{"uv":[7.0,9.59375,6.65625,10.34375],"tintindex":0,"rotation":0,"texture":"#7"},"north":{"uv":[6.65625,9.59375,7.0,10.34375],"tintindex":0,"rotation":0,"texture":"#7"},"west":{"uv":[6.1875,8.4375,6.6875,9.1875],"tintindex":0,"rotation":0,"texture":"#7"},"up":{"uv":[8.71875,11.15625,8.375,10.65625],"tintindex":0,"rotation":0,"texture":"#7"},"down":{"uv":[10.03125,10.65625,9.6875,11.15625],"tintindex":0,"rotation":0,"texture":"#7"}}}],"display":{"gui":{"rotation":[30,225,0]}}}