{"textures":{"7":"modelengine:entity/golen_mech"},"elements":[{"from":[6.0,7.0,8.0],"to":[11.0,12.0,12.0],"faces":{"east":{"uv":[11.9375,7.71875,12.0625,7.875],"tintindex":0,"rotation":0,"texture":"#7"},"south":{"uv":[11.90625,10.96875,12.0625,11.125],"tintindex":0,"rotation":0,"texture":"#7"},"north":{"uv":[11.9375,2.0,12.09375,2.15625],"tintindex":0,"rotation":0,"texture":"#7"},"west":{"uv":[11.9375,7.03125,12.0625,7.1875],"tintindex":0,"rotation":0,"texture":"#7"},"up":{"uv":[6.90625,2.28125,7.0625,2.40625],"tintindex":0,"rotation":0,"texture":"#7"},"down":{"uv":[9.9375,0.90625,10.09375,0.78125],"tintindex":0,"rotation":0,"texture":"#7"}}},{"from":[3.0,7.0,17.0],"to":[14.0,12.0,29.0],"faces":{"east":{"uv":[11.625,8.40625,12.0,8.5625],"tintindex":0,"rotation":0,"texture":"#7"},"south":{"uv":[11.65625,9.3125,12.0,9.46875],"tintindex":0,"rotation":0,"texture":"#7"},"north":{"uv":[11.6875,5.125,12.03125,5.28125],"tintindex":0,"rotation":0,"texture":"#7"},"west":{"uv":[11.59375,7.5625,11.96875,7.71875],"tintindex":0,"rotation":0,"texture":"#7"},"up":{"uv":[11.09375,3.34375,11.4375,3.71875],"tintindex":0,"rotation":0,"texture":"#7"},"down":{"uv":[4.0,11.46875,4.34375,11.09375],"tintindex":0,"rotation":0,"texture":"#7"}}},{"from":[2.0,7.0,12.0],"to":[15.0,14.0,17.0],"faces":{"east":{"uv":[2.75,11.90625,2.90625,12.125],"tintindex":0,"rotation":0,"texture":"#7"},"south":{"uv":[11.375,4.6875,11.78125,4.90625],"tintindex":0,"rotation":0,"texture":"#7"},"north":{"uv":[8.8125,11.375,9.21875,11.59375],"tintindex":0,"rotation":0,"texture":"#7"},"west":{"uv":[11.90625,2.625,12.0625,2.84375],"tintindex":0,"rotation":0,"texture":"#7"},"up":{"uv":[8.03125,2.6875,8.4375,2.84375],"tintindex":0,"rotation":0,"texture":"#7"},"down":{"uv":[11.53125,10.96875,11.9375,10.8125],"tintindex":0,"rotation":0,"texture":"#7"}}}],"display":{"gui":{"rotation":[30,225,0]}}}