{"textures":{"7":"modelengine:entity/golen_mech"},"elements":[{"from":[10.25,11.3125,9.8125],"to":[13.5,18.5625,12.0625],"faces":{"east":{"uv":[4.0625,9.625,4.34375,10.53125],"tintindex":0,"rotation":0,"texture":"#7"},"south":{"uv":[8.5625,0.71875,8.96875,1.625],"tintindex":0,"rotation":0,"texture":"#7"},"north":{"uv":[8.46875,4.625,8.875,5.53125],"tintindex":0,"rotation":0,"texture":"#7"},"west":{"uv":[4.34375,9.625,4.625,10.53125],"tintindex":0,"rotation":0,"texture":"#7"},"up":{"uv":[11.5625,1.0,11.15625,0.71875],"tintindex":0,"rotation":0,"texture":"#7"},"down":{"uv":[11.5625,4.21875,11.15625,4.5],"tintindex":0,"rotation":0,"texture":"#7"}}},{"from":[1.75,9.8125,2.5625],"to":[14.25,11.3125,12.0625],"faces":{"east":{"uv":[9.8125,3.84375,11.0,4.03125],"tintindex":0,"rotation":0,"texture":"#7"},"south":{"uv":[8.96875,4.21875,10.53125,4.40625],"tintindex":0,"rotation":0,"texture":"#7"},"north":{"uv":[8.96875,1.40625,10.53125,1.59375],"tintindex":0,"rotation":0,"texture":"#7"},"west":{"uv":[9.8125,3.84375,11.0,4.03125],"tintindex":0,"rotation":0,"texture":"#7"},"up":{"uv":[1.5625,1.1875,0.0,0.0],"tintindex":0,"rotation":0,"texture":"#7"},"down":{"uv":[1.5625,1.1875,0.0,2.375],"tintindex":0,"rotation":0,"texture":"#7"}}},{"from":[8.0,17.0625,12.0625],"to":[11.0,20.0625,13.3125],"faces":{"east":{"uv":[3.625,11.625,3.78125,12.0],"tintindex":0,"rotation":0,"texture":"#7"},"south":{"uv":[1.09375,10.9375,1.46875,11.3125],"tintindex":0,"rotation":0,"texture":"#7"},"north":{"uv":[5.90625,2.40625,6.28125,2.78125],"tintindex":0,"rotation":0,"texture":"#7"},"west":{"uv":[4.625,11.625,4.78125,12.0],"tintindex":0,"rotation":0,"texture":"#7"},"up":{"uv":[10.21875,5.84375,9.84375,5.6875],"tintindex":0,"rotation":0,"texture":"#7"},"down":{"uv":[11.9375,3.15625,11.5625,3.3125],"tintindex":0,"rotation":0,"texture":"#7"}}},{"from":[9.0,26.0625,7.5625],"to":[10.0,27.0625,10.5625],"faces":{"east":{"uv":[11.71875,8.21875,12.09375,8.34375],"tintindex":0,"rotation":0,"texture":"#7"},"south":{"uv":[11.9375,9.84375,12.0625,9.96875],"tintindex":0,"rotation":0,"texture":"#7"},"north":{"uv":[11.9375,7.875,12.0625,8.0],"tintindex":0,"rotation":0,"texture":"#7"},"west":{"uv":[12.09375,8.21875,11.71875,8.34375],"tintindex":0,"rotation":0,"texture":"#7"},"up":{"uv":[7.75,12.09375,7.625,11.71875],"tintindex":0,"rotation":0,"texture":"#7"},"down":{"uv":[7.875,11.71875,7.75,12.09375],"tintindex":0,"rotation":0,"texture":"#7"}}},{"from":[3.75,19.8125,7.0625],"to":[4.75,20.8125,9.0625],"faces":{"east":{"uv":[8.71875,7.9375,8.96875,8.0625],"tintindex":0,"rotation":0,"texture":"#7"},"south":{"uv":[3.28125,11.96875,3.40625,12.09375],"tintindex":0,"rotation":0,"texture":"#7"},"north":{"uv":[3.15625,11.96875,3.28125,12.09375],"tintindex":0,"rotation":0,"texture":"#7"},"west":{"uv":[0.65625,8.75,0.90625,8.875],"tintindex":0,"rotation":0,"texture":"#7"},"up":{"uv":[6.6875,10.9375,6.5625,10.6875],"tintindex":0,"rotation":0,"texture":"#7"},"down":{"uv":[3.03125,11.90625,2.90625,12.15625],"tintindex":0,"rotation":0,"texture":"#7"}}},{"from":[4.0,17.8125,1.3125],"to":[12.0,18.5625,2.0625],"faces":{"east":{"uv":[3.875,12.0,3.96875,12.09375],"tintindex":0,"rotation":0,"texture":"#7"},"south":{"uv":[11.34375,9.75,12.34375,9.84375],"tintindex":0,"rotation":0,"texture":"#7"},"north":{"uv":[11.125,6.75,12.125,6.84375],"tintindex":0,"rotation":0,"texture":"#7"},"west":{"uv":[4.625,12.0,4.71875,12.09375],"tintindex":0,"rotation":0,"texture":"#7"},"up":{"uv":[12.375,1.71875,11.375,1.625],"tintindex":0,"rotation":0,"texture":"#7"},"down":{"uv":[12.375,1.71875,11.375,1.8125],"tintindex":0,"rotation":0,"texture":"#7"}}},{"from":[1.75,11.3125,9.0625],"to":[4.25,12.0625,12.8125],"faces":{"east":{"uv":[9.34375,2.4375,9.8125,2.53125],"tintindex":0,"rotation":0,"texture":"#7"},"south":{"uv":[11.90625,6.21875,12.21875,6.3125],"tintindex":0,"rotation":0,"texture":"#7"},"north":{"uv":[11.375,4.90625,11.6875,5.0],"tintindex":0,"rotation":0,"texture":"#7"},"west":{"uv":[9.34375,3.84375,9.8125,3.9375],"tintindex":0,"rotation":0,"texture":"#7"},"up":{"uv":[7.3125,11.375,7.0,10.90625],"tintindex":0,"rotation":0,"texture":"#7"},"down":{"uv":[1.09375,10.9375,0.78125,11.40625],"tintindex":0,"rotation":0,"texture":"#7"}}},{"from":[9.0,21.5625,10.5625],"to":[10.0,22.5625,12.5625],"faces":{"east":{"uv":[8.71875,7.9375,8.96875,8.0625],"tintindex":0,"rotation":0,"texture":"#7"},"south":{"uv":[3.28125,11.96875,3.40625,12.09375],"tintindex":0,"rotation":0,"texture":"#7"},"north":{"uv":[3.15625,11.96875,3.28125,12.09375],"tintindex":0,"rotation":0,"texture":"#7"},"west":{"uv":[0.65625,8.75,0.90625,8.875],"tintindex":0,"rotation":0,"texture":"#7"},"up":{"uv":[6.6875,10.9375,6.5625,10.6875],"tintindex":0,"rotation":0,"texture":"#7"},"down":{"uv":[3.03125,11.90625,2.90625,12.15625],"tintindex":0,"rotation":0,"texture":"#7"}}},{"from":[5.75,19.8125,15.0625],"to":[6.75,24.3125,16.0625],"faces":{"east":{"uv":[10.875,11.46875,11.0,12.03125],"tintindex":0,"rotation":0,"texture":"#7"},"south":{"uv":[11.0,11.46875,11.125,12.03125],"tintindex":0,"rotation":0,"texture":"#7"},"north":{"uv":[10.75,11.46875,10.875,12.03125],"tintindex":0,"rotation":0,"texture":"#7"},"west":{"uv":[11.125,11.46875,11.25,12.03125],"tintindex":0,"rotation":0,"texture":"#7"},"up":{"uv":[12.09375,2.28125,11.96875,2.15625],"tintindex":0,"rotation":0,"texture":"#7"},"down":{"uv":[12.09375,2.28125,11.96875,2.40625],"tintindex":0,"rotation":0,"texture":"#7"}},"rotation":{"origin":[5.25,18.0625,11.0625],"angle":-45.0,"axis":"y"}},{"from":[2.75,18.5625,3.0625],"to":[12.75,19.8125,12.0625],"faces":{"east":{"uv":[10.375,7.03125,11.5,7.1875],"tintindex":0,"rotation":0,"texture":"#7"},"south":{"uv":[10.1875,9.875,11.4375,10.03125],"tintindex":0,"rotation":0,"texture":"#7"},"north":{"uv":[9.40625,6.0625,10.65625,6.21875],"tintindex":0,"rotation":0,"texture":"#7"},"west":{"uv":[10.46875,7.59375,11.59375,7.75],"tintindex":0,"rotation":0,"texture":"#7"},"up":{"uv":[2.8125,3.4375,1.5625,2.3125],"tintindex":0,"rotation":0,"texture":"#7"},"down":{"uv":[1.25,2.375,0.0,3.5],"tintindex":0,"rotation":0,"texture":"#7"}}},{"from":[9.436277,14.72164,5.3125],"to":[11.936277,17.22164,9.8125],"faces":{"east":{"uv":[4.9375,2.8125,5.5,3.125],"tintindex":0,"rotation":0,"texture":"#7"},"south":{"uv":[11.34375,9.1875,11.65625,9.5],"tintindex":0,"rotation":0,"texture":"#7"},"north":{"uv":[11.34375,8.875,11.65625,9.1875],"tintindex":0,"rotation":0,"texture":"#7"},"west":{"uv":[10.53125,3.40625,11.09375,3.71875],"tintindex":0,"rotation":0,"texture":"#7"},"up":{"uv":[4.3125,11.09375,4.0,10.53125],"tintindex":0,"rotation":0,"texture":"#7"},"down":{"uv":[4.625,10.53125,4.3125,11.09375],"tintindex":0,"rotation":0,"texture":"#7"}},"rotation":{"origin":[10.686277,14.84664,7.5625],"angle":-22.5,"axis":"z"}},{"from":[7.5,15.8125,12.0625],"to":[8.5,19.8125,12.8125],"faces":{"east":{"uv":[3.75,6.84375,3.84375,7.34375],"tintindex":0,"rotation":0,"texture":"#7"},"south":{"uv":[1.40625,11.5625,1.53125,12.0625],"tintindex":0,"rotation":0,"texture":"#7"},"north":{"uv":[1.9375,9.53125,2.0625,10.03125],"tintindex":0,"rotation":0,"texture":"#7"},"west":{"uv":[5.0625,9.3125,5.15625,9.8125],"tintindex":0,"rotation":0,"texture":"#7"},"up":{"uv":[9.0,5.53125,8.875,5.4375],"tintindex":0,"rotation":0,"texture":"#7"},"down":{"uv":[0.34375,9.8125,0.21875,9.90625],"tintindex":0,"rotation":0,"texture":"#7"}}},{"from":[7.25,19.8125,10.3125],"to":[8.25,24.3125,11.3125],"faces":{"east":{"uv":[10.875,11.46875,11.0,12.03125],"tintindex":0,"rotation":0,"texture":"#7"},"south":{"uv":[11.0,11.46875,11.125,12.03125],"tintindex":0,"rotation":0,"texture":"#7"},"north":{"uv":[10.75,11.46875,10.875,12.03125],"tintindex":0,"rotation":0,"texture":"#7"},"west":{"uv":[11.125,11.46875,11.25,12.03125],"tintindex":0,"rotation":0,"texture":"#7"},"up":{"uv":[12.09375,2.28125,11.96875,2.15625],"tintindex":0,"rotation":0,"texture":"#7"},"down":{"uv":[12.09375,2.28125,11.96875,2.40625],"tintindex":0,"rotation":0,"texture":"#7"}},"rotation":{"origin":[6.75,18.0625,6.3125],"angle":45.0,"axis":"y"}},{"from":[7.25,19.8125,11.3125],"to":[8.25,20.8125,13.3125],"faces":{"east":{"uv":[8.71875,7.9375,8.96875,8.0625],"tintindex":0,"rotation":0,"texture":"#7"},"south":{"uv":[3.28125,11.96875,3.40625,12.09375],"tintindex":0,"rotation":0,"texture":"#7"},"north":{"uv":[3.15625,11.96875,3.28125,12.09375],"tintindex":0,"rotation":0,"texture":"#7"},"west":{"uv":[0.65625,8.75,0.90625,8.875],"tintindex":0,"rotation":0,"texture":"#7"},"up":{"uv":[6.6875,10.9375,6.5625,10.6875],"tintindex":0,"rotation":0,"texture":"#7"},"down":{"uv":[3.03125,11.90625,2.90625,12.15625],"tintindex":0,"rotation":0,"texture":"#7"}},"rotation":{"origin":[6.75,18.0625,6.3125],"angle":45.0,"axis":"y"}},{"from":[4.25,11.3125,12.0625],"to":[5.25,14.5625,12.8125],"faces":{"east":{"uv":[9.25,10.84375,9.34375,11.25],"tintindex":0,"rotation":0,"texture":"#7"},"south":{"uv":[4.0,11.71875,4.125,12.125],"tintindex":0,"rotation":0,"texture":"#7"},"north":{"uv":[5.4375,11.6875,5.5625,12.09375],"tintindex":0,"rotation":0,"texture":"#7"},"west":{"uv":[2.65625,11.84375,2.75,12.25],"tintindex":0,"rotation":0,"texture":"#7"},"up":{"uv":[12.125,2.9375,12.0,2.84375],"tintindex":0,"rotation":0,"texture":"#7"},"down":{"uv":[12.125,2.9375,12.0,3.03125],"tintindex":0,"rotation":0,"texture":"#7"}}},{"from":[9.0,21.5625,9.5625],"to":[10.0,26.0625,10.5625],"faces":{"east":{"uv":[10.875,11.46875,11.0,12.03125],"tintindex":0,"rotation":0,"texture":"#7"},"south":{"uv":[11.0,11.46875,11.125,12.03125],"tintindex":0,"rotation":0,"texture":"#7"},"north":{"uv":[10.75,11.46875,10.875,12.03125],"tintindex":0,"rotation":0,"texture":"#7"},"west":{"uv":[11.125,11.46875,11.25,12.03125],"tintindex":0,"rotation":0,"texture":"#7"},"up":{"uv":[12.09375,2.28125,11.96875,2.15625],"tintindex":0,"rotation":0,"texture":"#7"},"down":{"uv":[12.09375,2.28125,11.96875,2.40625],"tintindex":0,"rotation":0,"texture":"#7"}}},{"from":[10.25,16.5625,5.0625],"to":[12.75,18.5625,9.8125],"faces":{"east":{"uv":[10.78125,1.625,11.375,1.875],"tintindex":0,"rotation":0,"texture":"#7"},"south":{"uv":[11.46875,2.90625,11.78125,3.15625],"tintindex":0,"rotation":0,"texture":"#7"},"north":{"uv":[11.46875,1.375,11.78125,1.625],"tintindex":0,"rotation":0,"texture":"#7"},"west":{"uv":[10.84375,0.0,11.4375,0.25],"tintindex":0,"rotation":0,"texture":"#7"},"up":{"uv":[5.3125,11.0,5.0,10.40625],"tintindex":0,"rotation":0,"texture":"#7"},"down":{"uv":[5.625,10.40625,5.3125,11.0],"tintindex":0,"rotation":0,"texture":"#7"}}},{"from":[11.25,17.8125,2.0625],"to":[12.0,18.5625,3.0625],"faces":{"east":{"uv":[11.9375,4.40625,12.0625,4.5],"tintindex":0,"rotation":0,"texture":"#7"},"south":{"uv":[9.9375,11.5,10.03125,11.59375],"tintindex":0,"rotation":0,"texture":"#7"},"north":{"uv":[9.4375,11.25,9.53125,11.34375],"tintindex":0,"rotation":0,"texture":"#7"},"west":{"uv":[11.9375,8.0,12.0625,8.09375],"tintindex":0,"rotation":0,"texture":"#7"},"up":{"uv":[0.5625,11.8125,0.46875,11.6875],"tintindex":0,"rotation":0,"texture":"#7"},"down":{"uv":[3.625,11.96875,3.53125,12.09375],"tintindex":0,"rotation":0,"texture":"#7"}}},{"from":[9.25,24.3125,7.5625],"to":[10.25,25.3125,10.5625],"faces":{"east":{"uv":[11.71875,8.21875,12.09375,8.34375],"tintindex":0,"rotation":0,"texture":"#7"},"south":{"uv":[11.9375,9.84375,12.0625,9.96875],"tintindex":0,"rotation":0,"texture":"#7"},"north":{"uv":[11.9375,7.875,12.0625,8.0],"tintindex":0,"rotation":0,"texture":"#7"},"west":{"uv":[12.09375,8.21875,11.71875,8.34375],"tintindex":0,"rotation":0,"texture":"#7"},"up":{"uv":[7.75,12.09375,7.625,11.71875],"tintindex":0,"rotation":0,"texture":"#7"},"down":{"uv":[7.875,11.71875,7.75,12.09375],"tintindex":0,"rotation":0,"texture":"#7"}},"rotation":{"origin":[8.75,18.0625,5.5625],"angle":-45.0,"axis":"y"}},{"from":[10.25,11.3125,3.0625],"to":[13.5,18.5625,5.3125],"faces":{"east":{"uv":[9.9375,0.0,9.65625,0.90625],"tintindex":0,"rotation":0,"texture":"#7"},"south":{"uv":[4.21875,8.71875,3.8125,9.625],"tintindex":0,"rotation":0,"texture":"#7"},"north":{"uv":[9.03125,5.53125,8.625,6.4375],"tintindex":0,"rotation":0,"texture":"#7"},"west":{"uv":[8.1875,9.625,7.90625,10.53125],"tintindex":0,"rotation":0,"texture":"#7"},"up":{"uv":[11.28125,4.0,11.6875,3.71875],"tintindex":0,"rotation":0,"texture":"#7"},"down":{"uv":[11.28125,5.0,11.6875,5.28125],"tintindex":0,"rotation":0,"texture":"#7"}}},{"from":[11.0,12.3125,12.0625],"to":[12.0,15.8125,12.8125],"faces":{"east":{"uv":[1.5,9.75,1.59375,10.1875],"tintindex":0,"rotation":0,"texture":"#7"},"south":{"uv":[7.0,11.65625,7.125,12.09375],"tintindex":0,"rotation":0,"texture":"#7"},"north":{"uv":[8.1875,9.625,8.3125,10.0625],"tintindex":0,"rotation":0,"texture":"#7"},"west":{"uv":[9.6875,10.09375,9.78125,10.53125],"tintindex":0,"rotation":0,"texture":"#7"},"up":{"uv":[11.28125,1.21875,11.15625,1.125],"tintindex":0,"rotation":0,"texture":"#7"},"down":{"uv":[8.9375,11.28125,8.8125,11.375],"tintindex":0,"rotation":0,"texture":"#7"}}},{"from":[7.25,24.3125,8.3125],"to":[8.25,25.3125,11.3125],"faces":{"east":{"uv":[11.71875,8.21875,12.09375,8.34375],"tintindex":0,"rotation":0,"texture":"#7"},"south":{"uv":[11.9375,9.84375,12.0625,9.96875],"tintindex":0,"rotation":0,"texture":"#7"},"north":{"uv":[11.9375,7.875,12.0625,8.0],"tintindex":0,"rotation":0,"texture":"#7"},"west":{"uv":[12.09375,8.21875,11.71875,8.34375],"tintindex":0,"rotation":0,"texture":"#7"},"up":{"uv":[7.75,12.09375,7.625,11.71875],"tintindex":0,"rotation":0,"texture":"#7"},"down":{"uv":[7.875,11.71875,7.75,12.09375],"tintindex":0,"rotation":0,"texture":"#7"}},"rotation":{"origin":[6.75,18.0625,6.3125],"angle":45.0,"axis":"y"}},{"from":[12.75,18.0625,2.5625],"to":[14.0,20.5625,12.5625],"faces":{"east":{"uv":[7.53125,0.40625,8.78125,0.71875],"tintindex":0,"rotation":0,"texture":"#7"},"south":{"uv":[1.09375,8.875,1.25,9.1875],"tintindex":0,"rotation":0,"texture":"#7"},"north":{"uv":[5.78125,0.6875,5.9375,1.0],"tintindex":0,"rotation":0,"texture":"#7"},"west":{"uv":[7.46875,7.75,8.71875,8.0625],"tintindex":0,"rotation":0,"texture":"#7"},"up":{"uv":[3.3125,10.71875,3.15625,9.46875],"tintindex":0,"rotation":0,"texture":"#7"},"down":{"uv":[9.6875,10.09375,9.53125,11.34375],"tintindex":0,"rotation":0,"texture":"#7"}}},{"from":[8.5,15.8125,12.0625],"to":[12.0,16.8125,12.8125],"faces":{"east":{"uv":[9.6875,10.53125,9.78125,10.65625],"tintindex":0,"rotation":0,"texture":"#7"},"south":{"uv":[11.4375,3.59375,11.875,3.71875],"tintindex":0,"rotation":0,"texture":"#7"},"north":{"uv":[10.53125,3.71875,10.96875,3.84375],"tintindex":0,"rotation":0,"texture":"#7"},"west":{"uv":[10.5625,6.21875,10.65625,6.34375],"tintindex":0,"rotation":0,"texture":"#7"},"up":{"uv":[12.15625,10.8125,11.71875,10.71875],"tintindex":0,"rotation":0,"texture":"#7"},"down":{"uv":[12.1875,10.1875,11.75,10.28125],"tintindex":0,"rotation":0,"texture":"#7"}}},{"from":[5.75,11.3125,10.5625],"to":[10.25,18.5625,12.0625],"faces":{"east":{"uv":[5.625,10.40625,5.8125,11.3125],"tintindex":0,"rotation":0,"texture":"#7"},"south":{"uv":[1.9375,7.09375,2.5,8.0],"tintindex":0,"rotation":0,"texture":"#7"},"north":{"uv":[5.5625,7.0625,6.125,7.96875],"tintindex":0,"rotation":0,"texture":"#7"},"west":{"uv":[0.3125,10.5,0.5,11.40625],"tintindex":0,"rotation":0,"texture":"#7"},"up":{"uv":[11.875,0.5625,11.3125,0.375],"tintindex":0,"rotation":0,"texture":"#7"},"down":{"uv":[11.875,10.28125,11.3125,10.46875],"tintindex":0,"rotation":0,"texture":"#7"}}},{"from":[4.0,17.8125,2.0625],"to":[4.75,18.5625,3.0625],"faces":{"east":{"uv":[11.9375,10.09375,12.0625,10.1875],"tintindex":0,"rotation":0,"texture":"#7"},"south":{"uv":[11.78125,3.5,11.875,3.59375],"tintindex":0,"rotation":0,"texture":"#7"},"north":{"uv":[11.625,8.5625,11.71875,8.65625],"tintindex":0,"rotation":0,"texture":"#7"},"west":{"uv":[12.0,2.40625,12.125,2.5],"tintindex":0,"rotation":0,"texture":"#7"},"up":{"uv":[7.625,12.09375,7.53125,11.96875],"tintindex":0,"rotation":0,"texture":"#7"},"down":{"uv":[12.09375,2.5,12.0,2.625],"tintindex":0,"rotation":0,"texture":"#7"}}},{"from":[2.0,18.0625,2.5625],"to":[3.25,20.5625,12.5625],"faces":{"east":{"uv":[8.71875,7.75,7.46875,8.0625],"tintindex":0,"rotation":0,"texture":"#7"},"south":{"uv":[1.25,8.875,1.09375,9.1875],"tintindex":0,"rotation":0,"texture":"#7"},"north":{"uv":[5.9375,0.6875,5.78125,1.0],"tintindex":0,"rotation":0,"texture":"#7"},"west":{"uv":[8.78125,0.40625,7.53125,0.71875],"tintindex":0,"rotation":0,"texture":"#7"},"up":{"uv":[3.15625,10.71875,3.3125,9.46875],"tintindex":0,"rotation":0,"texture":"#7"},"down":{"uv":[9.53125,10.09375,9.6875,11.34375],"tintindex":0,"rotation":0,"texture":"#7"}}},{"from":[5.75,15.3125,3.0625],"to":[10.25,18.5625,10.5625],"faces":{"east":{"uv":[8.0,6.8125,8.9375,7.21875],"tintindex":0,"rotation":0,"texture":"#7"},"south":{"uv":[9.78125,9.09375,10.34375,9.5],"tintindex":0,"rotation":0,"texture":"#7"},"north":{"uv":[9.78125,8.6875,10.34375,9.09375],"tintindex":0,"rotation":0,"texture":"#7"},"west":{"uv":[8.03125,4.21875,8.96875,4.625],"tintindex":0,"rotation":0,"texture":"#7"},"up":{"uv":[7.53125,0.9375,6.96875,0.0],"tintindex":0,"rotation":0,"texture":"#7"},"down":{"uv":[7.625,3.78125,7.0625,4.71875],"tintindex":0,"rotation":0,"texture":"#7"}}},{"from":[2.5,11.3125,3.0625],"to":[5.75,18.5625,5.3125],"faces":{"east":{"uv":[7.90625,9.625,8.1875,10.53125],"tintindex":0,"rotation":0,"texture":"#7"},"south":{"uv":[3.8125,8.71875,4.21875,9.625],"tintindex":0,"rotation":0,"texture":"#7"},"north":{"uv":[8.625,5.53125,9.03125,6.4375],"tintindex":0,"rotation":0,"texture":"#7"},"west":{"uv":[9.65625,0.0,9.9375,0.90625],"tintindex":0,"rotation":0,"texture":"#7"},"up":{"uv":[11.6875,4.0,11.28125,3.71875],"tintindex":0,"rotation":0,"texture":"#7"},"down":{"uv":[11.6875,5.0,11.28125,5.28125],"tintindex":0,"rotation":0,"texture":"#7"}}},{"from":[4.25,11.3125,5.0625],"to":[11.75,15.3125,10.5625],"faces":{"east":{"uv":[8.65625,2.03125,9.34375,2.53125],"tintindex":0,"rotation":0,"texture":"#7"},"south":{"uv":[6.125,7.3125,7.0625,7.8125],"tintindex":0,"rotation":0,"texture":"#7"},"north":{"uv":[5.96875,1.28125,6.90625,1.78125],"tintindex":0,"rotation":0,"texture":"#7"},"west":{"uv":[8.65625,3.4375,9.34375,3.9375],"tintindex":0,"rotation":0,"texture":"#7"},"up":{"uv":[3.09375,6.34375,2.15625,5.65625],"tintindex":0,"rotation":0,"texture":"#7"},"down":{"uv":[6.71875,0.0,5.78125,0.6875],"tintindex":0,"rotation":0,"texture":"#7"}}},{"from":[3.75,12.8125,12.0625],"to":[5.75,14.8125,13.5625],"faces":{"east":{"uv":[11.71875,10.46875,11.90625,10.71875],"tintindex":0,"rotation":0,"texture":"#7"},"south":{"uv":[2.0625,8.625,2.3125,8.875],"tintindex":0,"rotation":0,"texture":"#7"},"north":{"uv":[4.78125,7.15625,5.03125,7.40625],"tintindex":0,"rotation":0,"texture":"#7"},"west":{"uv":[11.71875,10.96875,11.90625,11.21875],"tintindex":0,"rotation":0,"texture":"#7"},"up":{"uv":[10.78125,1.59375,10.53125,1.40625],"tintindex":0,"rotation":0,"texture":"#7"},"down":{"uv":[11.0,5.625,10.75,5.8125],"tintindex":0,"rotation":0,"texture":"#7"}}},{"from":[4.0637226,14.72164,5.3125],"to":[6.5637226,17.22164,9.8125],"faces":{"east":{"uv":[11.09375,3.40625,10.53125,3.71875],"tintindex":0,"rotation":0,"texture":"#7"},"south":{"uv":[11.65625,9.1875,11.34375,9.5],"tintindex":0,"rotation":0,"texture":"#7"},"north":{"uv":[11.65625,8.875,11.34375,9.1875],"tintindex":0,"rotation":0,"texture":"#7"},"west":{"uv":[5.5,2.8125,4.9375,3.125],"tintindex":0,"rotation":0,"texture":"#7"},"up":{"uv":[4.0,11.09375,4.3125,10.53125],"tintindex":0,"rotation":0,"texture":"#7"},"down":{"uv":[4.3125,10.53125,4.625,11.09375],"tintindex":0,"rotation":0,"texture":"#7"}},"rotation":{"origin":[5.3137226,14.84664,7.5625],"angle":22.5,"axis":"z"}},{"from":[9.0,21.8125,7.5625],"to":[10.0,26.0625,8.5625],"faces":{"east":{"uv":[1.65625,11.53125,1.53125,12.0625],"tintindex":0,"rotation":0,"texture":"#7"},"south":{"uv":[9.8125,11.5,9.9375,12.03125],"tintindex":0,"rotation":0,"texture":"#7"},"north":{"uv":[2.21875,11.5,2.34375,12.03125],"tintindex":0,"rotation":0,"texture":"#7"},"west":{"uv":[1.53125,11.53125,1.65625,12.0625],"tintindex":0,"rotation":0,"texture":"#7"},"up":{"uv":[12.0625,10.09375,11.9375,9.96875],"tintindex":0,"rotation":0,"texture":"#7"},"down":{"uv":[12.0625,10.8125,11.9375,10.9375],"tintindex":0,"rotation":0,"texture":"#7"}}},{"from":[2.5,11.3125,9.8125],"to":[5.75,18.5625,12.0625],"faces":{"east":{"uv":[4.625,9.625,4.34375,10.53125],"tintindex":0,"rotation":0,"texture":"#7"},"south":{"uv":[8.96875,0.71875,8.5625,1.625],"tintindex":0,"rotation":0,"texture":"#7"},"north":{"uv":[8.875,4.625,8.46875,5.53125],"tintindex":0,"rotation":0,"texture":"#7"},"west":{"uv":[4.34375,9.625,4.0625,10.53125],"tintindex":0,"rotation":0,"texture":"#7"},"up":{"uv":[11.15625,1.0,11.5625,0.71875],"tintindex":0,"rotation":0,"texture":"#7"},"down":{"uv":[11.15625,4.21875,11.5625,4.5],"tintindex":0,"rotation":0,"texture":"#7"}}},{"from":[3.25,16.5625,5.0625],"to":[5.75,18.5625,9.8125],"faces":{"east":{"uv":[11.4375,0.0,10.84375,0.25],"tintindex":0,"rotation":0,"texture":"#7"},"south":{"uv":[11.78125,2.90625,11.46875,3.15625],"tintindex":0,"rotation":0,"texture":"#7"},"north":{"uv":[11.78125,1.375,11.46875,1.625],"tintindex":0,"rotation":0,"texture":"#7"},"west":{"uv":[11.375,1.625,10.78125,1.875],"tintindex":0,"rotation":0,"texture":"#7"},"up":{"uv":[5.0,11.0,5.3125,10.40625],"tintindex":0,"rotation":0,"texture":"#7"},"down":{"uv":[5.3125,10.40625,5.625,11.0],"tintindex":0,"rotation":0,"texture":"#7"}}}],"display":{"gui":{"rotation":[30,225,0]}}}