{"textures":{"0":"modelengine:entity/driftkart_blue"},"elements":[{"from":[2.0,-2.3902597,0.6446643],"to":[14.0,0.60974026,25.644665],"faces":{"east":{"uv":[4.25,1.25,7.375,1.625],"tintindex":0,"rotation":0,"texture":"#0"},"south":{"uv":[5.0,4.25,6.5,4.625],"tintindex":0,"rotation":0,"texture":"#0"},"north":{"uv":[5.0,3.875,6.5,4.25],"tintindex":0,"rotation":0,"texture":"#0"},"west":{"uv":[4.25,1.625,7.375,2.0],"tintindex":0,"rotation":0,"texture":"#0"},"up":{"uv":[1.5,3.125,0.0,0.0],"tintindex":0,"rotation":0,"texture":"#0"},"down":{"uv":[3.0,0.0,1.5,3.125],"tintindex":0,"rotation":0,"texture":"#0"}}},{"from":[7.0,5.3180804,7.530748],"to":[9.0,6.31808,10.530748],"faces":{"east":{"uv":[7.5,4.125,7.875,4.25],"tintindex":0,"rotation":0,"texture":"#0"},"south":{"uv":[1.0,7.0,1.25,7.125],"tintindex":0,"rotation":0,"texture":"#0"},"north":{"uv":[5.5,4.625,5.75,4.75],"tintindex":0,"rotation":0,"texture":"#0"},"west":{"uv":[7.75,0.25,8.125,0.375],"tintindex":0,"rotation":0,"texture":"#0"},"up":{"uv":[8.5,8.0,8.25,7.625],"tintindex":0,"rotation":0,"texture":"#0"},"down":{"uv":[8.5,8.0,8.25,8.375],"tintindex":0,"rotation":0,"texture":"#0"}},"rotation":{"origin":[9.0,4.3180804,3.030748],"angle":-22.5,"axis":"x"}}],"display":{"gui":{"rotation":[30,225,0]}}}