{"textures":{"0":"modelengine:entity/driftkart_blue"},"elements":[{"from":[10.5,5.8939085,10.571428],"to":[14.5,9.893908,16.571426],"faces":{"east":{"uv":[6.625,4.5,7.375,5.0],"tintindex":0,"rotation":0,"texture":"#0"},"south":{"uv":[7.0,7.375,7.5,7.875],"tintindex":0,"rotation":0,"texture":"#0"},"north":{"uv":[6.5,7.375,7.0,7.875],"tintindex":0,"rotation":0,"texture":"#0"},"west":{"uv":[3.75,6.75,4.5,7.25],"tintindex":0,"rotation":0,"texture":"#0"},"up":{"uv":[5.0,7.5,4.5,6.75],"tintindex":0,"rotation":0,"texture":"#0"},"down":{"uv":[5.5,6.75,5.0,7.5],"tintindex":0,"rotation":0,"texture":"#0"}},"rotation":{"origin":[12.5,7.8939085,7.5714283],"angle":-45.0,"axis":"x"}},{"from":[11.5,6.8939085,4.5714283],"to":[13.5,8.893908,10.571428],"faces":{"east":{"uv":[6.0,7.875,6.75,8.125],"tintindex":0,"rotation":0,"texture":"#0"},"south":{"uv":[8.375,2.75,8.625,3.0],"tintindex":0,"rotation":0,"texture":"#0"},"north":{"uv":[8.375,0.625,8.625,0.875],"tintindex":0,"rotation":0,"texture":"#0"},"west":{"uv":[6.75,7.875,7.5,8.125],"tintindex":0,"rotation":0,"texture":"#0"},"up":{"uv":[5.125,8.625,4.875,7.875],"tintindex":0,"rotation":0,"texture":"#0"},"down":{"uv":[5.375,7.875,5.125,8.625],"tintindex":0,"rotation":0,"texture":"#0"}},"rotation":{"origin":[12.5,7.8939085,7.5714283],"angle":-45.0,"axis":"x"}},{"from":[1.5,5.8939085,10.571428],"to":[5.5,9.893908,16.571426],"faces":{"east":{"uv":[2.25,6.5,3.0,7.0],"tintindex":0,"rotation":0,"texture":"#0"},"south":{"uv":[6.0,7.375,6.5,7.875],"tintindex":0,"rotation":0,"texture":"#0"},"north":{"uv":[7.375,4.5,7.875,5.0],"tintindex":0,"rotation":0,"texture":"#0"},"west":{"uv":[3.0,6.5,3.75,7.0],"tintindex":0,"rotation":0,"texture":"#0"},"up":{"uv":[1.75,7.125,1.25,6.375],"tintindex":0,"rotation":0,"texture":"#0"},"down":{"uv":[7.0,3.5,6.5,4.25],"tintindex":0,"rotation":0,"texture":"#0"}},"rotation":{"origin":[3.5,7.8939085,7.5714283],"angle":-45.0,"axis":"x"}},{"from":[11.0,3.4796948,3.743001],"to":[14.0,6.479695,8.743001],"faces":{"east":{"uv":[7.5,7.0,8.125,7.375],"tintindex":0,"rotation":0,"texture":"#0"},"south":{"uv":[8.125,5.0,8.5,5.375],"tintindex":0,"rotation":0,"texture":"#0"},"north":{"uv":[4.375,8.125,4.75,8.5],"tintindex":0,"rotation":0,"texture":"#0"},"west":{"uv":[7.5,7.375,8.125,7.75],"tintindex":0,"rotation":0,"texture":"#0"},"up":{"uv":[0.875,8.25,0.5,7.625],"tintindex":0,"rotation":0,"texture":"#0"},"down":{"uv":[2.625,7.625,2.25,8.25],"tintindex":0,"rotation":0,"texture":"#0"}}},{"from":[2.5,6.8939085,4.5714283],"to":[4.5,8.893908,10.571428],"faces":{"east":{"uv":[3.625,7.875,4.375,8.125],"tintindex":0,"rotation":0,"texture":"#0"},"south":{"uv":[2.75,4.5,3.0,4.75],"tintindex":0,"rotation":0,"texture":"#0"},"north":{"uv":[2.5,4.5,2.75,4.75],"tintindex":0,"rotation":0,"texture":"#0"},"west":{"uv":[7.875,3.75,8.625,4.0],"tintindex":0,"rotation":0,"texture":"#0"},"up":{"uv":[1.875,8.625,1.625,7.875],"tintindex":0,"rotation":0,"texture":"#0"},"down":{"uv":[2.125,7.875,1.875,8.625],"tintindex":0,"rotation":0,"texture":"#0"}},"rotation":{"origin":[3.5,7.8939085,7.5714283],"angle":-45.0,"axis":"x"}},{"from":[2.0,3.4796948,3.743001],"to":[5.0,6.479695,8.743001],"faces":{"east":{"uv":[7.5,2.5,8.125,2.875],"tintindex":0,"rotation":0,"texture":"#0"},"south":{"uv":[4.0,8.125,4.375,8.5],"tintindex":0,"rotation":0,"texture":"#0"},"north":{"uv":[3.625,8.125,4.0,8.5],"tintindex":0,"rotation":0,"texture":"#0"},"west":{"uv":[7.5,2.875,8.125,3.25],"tintindex":0,"rotation":0,"texture":"#0"},"up":{"uv":[7.875,4.125,7.5,3.5],"tintindex":0,"rotation":0,"texture":"#0"},"down":{"uv":[4.875,7.5,4.5,8.125],"tintindex":0,"rotation":0,"texture":"#0"}}},{"from":[5.0,3.4796948,1.743001],"to":[11.0,8.479694,7.743001],"faces":{"east":{"uv":[6.125,2.0,6.875,2.625],"tintindex":0,"rotation":0,"texture":"#0"},"south":{"uv":[5.375,6.125,6.125,6.75],"tintindex":0,"rotation":0,"texture":"#0"},"north":{"uv":[6.125,0.375,6.875,1.0],"tintindex":0,"rotation":0,"texture":"#0"},"west":{"uv":[6.125,6.125,6.875,6.75],"tintindex":0,"rotation":0,"texture":"#0"},"up":{"uv":[5.0,5.875,4.25,5.125],"tintindex":0,"rotation":0,"texture":"#0"},"down":{"uv":[5.75,5.125,5.0,5.875],"tintindex":0,"rotation":0,"texture":"#0"}}}],"display":{"gui":{"rotation":[30,225,0]}}}