{"textures":{"0":"modelengine:entity/driftkart_blue"},"elements":[{"from":[6.0,5.5,5.5],"to":[10.0,10.5,10.5],"faces":{"east":{"uv":[0.0,6.375,0.625,7.0],"tintindex":0,"rotation":0,"texture":"#0"},"south":{"uv":[2.25,7.0,2.75,7.625],"tintindex":0,"rotation":0,"texture":"#0"},"north":{"uv":[0.5,7.0,1.0,7.625],"tintindex":0,"rotation":0,"texture":"#0"},"west":{"uv":[0.625,6.375,1.25,7.0],"tintindex":0,"rotation":0,"texture":"#0"},"up":{"uv":[7.5,3.125,7.0,2.5],"tintindex":0,"rotation":0,"texture":"#0"},"down":{"uv":[3.25,7.0,2.75,7.625],"tintindex":0,"rotation":0,"texture":"#0"}}}],"display":{"gui":{"rotation":[30,225,0]}}}