{"textures":{"0":"modelengine:entity/driftkart_blue"},"elements":[{"from":[5.5,4.5,4.5],"to":[10.5,11.5,11.5],"faces":{"east":{"uv":[0.75,4.5,1.625,5.375],"tintindex":0,"rotation":0,"texture":"#0"},"south":{"uv":[5.5,2.0,6.125,2.875],"tintindex":0,"rotation":0,"texture":"#0"},"north":{"uv":[5.5,0.375,6.125,1.25],"tintindex":0,"rotation":0,"texture":"#0"},"west":{"uv":[1.625,4.5,2.5,5.375],"tintindex":0,"rotation":0,"texture":"#0"},"up":{"uv":[2.875,6.5,2.25,5.625],"tintindex":0,"rotation":0,"texture":"#0"},"down":{"uv":[3.5,5.625,2.875,6.5],"tintindex":0,"rotation":0,"texture":"#0"}}}],"display":{"gui":{"rotation":[30,225,0]}}}