{"textures":{"0":"modelengine:entity/driftkart_blue"},"elements":[{"from":[6.0,5.5,5.5],"to":[10.0,10.5,10.5],"faces":{"east":{"uv":[6.375,2.625,7.0,3.25],"tintindex":0,"rotation":0,"texture":"#0"},"south":{"uv":[7.0,3.5,7.5,4.125],"tintindex":0,"rotation":0,"texture":"#0"},"north":{"uv":[3.25,7.0,3.75,7.625],"tintindex":0,"rotation":0,"texture":"#0"},"west":{"uv":[6.375,5.25,7.0,5.875],"tintindex":0,"rotation":0,"texture":"#0"},"up":{"uv":[7.5,5.875,7.0,5.25],"tintindex":0,"rotation":0,"texture":"#0"},"down":{"uv":[6.0,7.0,5.5,7.625],"tintindex":0,"rotation":0,"texture":"#0"}}}],"display":{"gui":{"rotation":[30,225,0]}}}