{"textures":{"0":"modelengine:entity/driftkart_blue"},"elements":[{"from":[5.5,4.5,4.5],"to":[10.5,11.5,11.5],"faces":{"east":{"uv":[2.5,4.75,3.375,5.625],"tintindex":0,"rotation":0,"texture":"#0"},"south":{"uv":[5.75,5.25,6.375,6.125],"tintindex":0,"rotation":0,"texture":"#0"},"north":{"uv":[3.5,5.625,4.125,6.5],"tintindex":0,"rotation":0,"texture":"#0"},"west":{"uv":[3.375,4.75,4.25,5.625],"tintindex":0,"rotation":0,"texture":"#0"},"up":{"uv":[4.75,6.75,4.125,5.875],"tintindex":0,"rotation":0,"texture":"#0"},"down":{"uv":[5.375,5.875,4.75,6.75],"tintindex":0,"rotation":0,"texture":"#0"}}}],"display":{"gui":{"rotation":[30,225,0]}}}