{"textures":{"0":"modelengine:entity/driftkart_blue"},"elements":[{"from":[3.0,4.07508,-0.3774519],"to":[13.0,6.07508,9.622548],"faces":{"east":{"uv":[6.875,0.625,8.125,0.875],"tintindex":0,"rotation":0,"texture":"#0"},"south":{"uv":[6.875,2.0,8.125,2.25],"tintindex":0,"rotation":0,"texture":"#0"},"north":{"uv":[6.875,0.375,8.125,0.625],"tintindex":0,"rotation":0,"texture":"#0"},"west":{"uv":[6.875,2.25,8.125,2.5],"tintindex":0,"rotation":0,"texture":"#0"},"up":{"uv":[4.25,4.75,3.0,3.5],"tintindex":0,"rotation":0,"texture":"#0"},"down":{"uv":[5.5,0.0,4.25,1.25],"tintindex":0,"rotation":0,"texture":"#0"}}},{"from":[3.025,4.0010405,9.994769],"to":[12.975,18.001041,11.994768],"faces":{"east":{"uv":[1.75,5.75,2.0,7.5],"tintindex":0,"rotation":0,"texture":"#0"},"south":{"uv":[3.0,1.75,4.25,3.5],"tintindex":0,"rotation":0,"texture":"#0"},"north":{"uv":[3.0,0.0,4.25,1.75],"tintindex":0,"rotation":0,"texture":"#0"},"west":{"uv":[2.0,5.75,2.25,7.5],"tintindex":0,"rotation":0,"texture":"#0"},"up":{"uv":[8.125,6.375,6.875,6.125],"tintindex":0,"rotation":0,"texture":"#0"},"down":{"uv":[8.125,6.375,6.875,6.625],"tintindex":0,"rotation":0,"texture":"#0"}},"rotation":{"origin":[8.0,10.00104,10.994768],"angle":22.5,"axis":"x"}}],"display":{"gui":{"rotation":[30,225,0]}}}