{"textures":{"0":"modelengine:entity/driftkart_blue"},"elements":[{"from":[0.0,6.093251,3.4217005],"to":[2.0,8.093251,10.4217005],"faces":{"east":{"uv":[7.5,5.625,8.375,5.875],"tintindex":0,"rotation":0,"texture":"#0"},"south":{"uv":[5.375,5.875,5.625,6.125],"tintindex":0,"rotation":0,"texture":"#0"},"north":{"uv":[2.25,5.375,2.5,5.625],"tintindex":0,"rotation":0,"texture":"#0"},"west":{"uv":[7.625,0.875,8.5,1.125],"tintindex":0,"rotation":0,"texture":"#0"},"up":{"uv":[3.375,8.5,3.125,7.625],"tintindex":0,"rotation":0,"texture":"#0"},"down":{"uv":[3.625,7.625,3.375,8.5],"tintindex":0,"rotation":0,"texture":"#0"}}},{"from":[14.0,6.093251,3.4217005],"to":[16.0,8.093251,10.4217005],"faces":{"east":{"uv":[3.625,7.625,4.5,7.875],"tintindex":0,"rotation":0,"texture":"#0"},"south":{"uv":[3.75,6.5,4.0,6.75],"tintindex":0,"rotation":0,"texture":"#0"},"north":{"uv":[6.125,2.625,6.375,2.875],"tintindex":0,"rotation":0,"texture":"#0"},"west":{"uv":[7.75,0.0,8.625,0.25],"tintindex":0,"rotation":0,"texture":"#0"},"up":{"uv":[5.75,8.5,5.5,7.625],"tintindex":0,"rotation":0,"texture":"#0"},"down":{"uv":[6.0,7.625,5.75,8.5],"tintindex":0,"rotation":0,"texture":"#0"}}},{"from":[10.0,6.093251,17.4217],"to":[12.0,9.093251,22.4217],"faces":{"east":{"uv":[4.875,7.5,5.5,7.875],"tintindex":0,"rotation":0,"texture":"#0"},"south":{"uv":[8.375,1.125,8.625,1.5],"tintindex":0,"rotation":0,"texture":"#0"},"north":{"uv":[8.375,0.25,8.625,0.625],"tintindex":0,"rotation":0,"texture":"#0"},"west":{"uv":[7.5,5.25,8.125,5.625],"tintindex":0,"rotation":0,"texture":"#0"},"up":{"uv":[8.375,2.375,8.125,1.75],"tintindex":0,"rotation":0,"texture":"#0"},"down":{"uv":[8.375,2.375,8.125,3.0],"tintindex":0,"rotation":0,"texture":"#0"}}},{"from":[-2.4142132,6.093251,20.593273],"to":[3.5857863,9.093251,22.593273],"faces":{"east":{"uv":[8.125,7.25,8.375,7.625],"tintindex":0,"rotation":0,"texture":"#0"},"south":{"uv":[3.75,7.25,4.5,7.625],"tintindex":0,"rotation":0,"texture":"#0"},"north":{"uv":[1.0,7.125,1.75,7.5],"tintindex":0,"rotation":0,"texture":"#0"},"west":{"uv":[0.5,8.25,0.75,8.625],"tintindex":0,"rotation":0,"texture":"#0"},"up":{"uv":[8.625,4.25,7.875,4.0],"tintindex":0,"rotation":0,"texture":"#0"},"down":{"uv":[8.625,4.5,7.875,4.75],"tintindex":0,"rotation":0,"texture":"#0"}},"rotation":{"origin":[0.58578634,7.593251,21.593273],"angle":-45.0,"axis":"y"}},{"from":[-2.0,6.093251,3.4217005],"to":[0.0,11.093251,10.4217005],"faces":{"east":{"uv":[5.5,2.875,6.375,3.5],"tintindex":0,"rotation":0,"texture":"#0"},"south":{"uv":[1.125,8.125,1.375,8.75],"tintindex":0,"rotation":0,"texture":"#0"},"north":{"uv":[0.875,8.125,1.125,8.75],"tintindex":0,"rotation":0,"texture":"#0"},"west":{"uv":[0.0,5.75,0.875,6.375],"tintindex":0,"rotation":0,"texture":"#0"},"up":{"uv":[2.875,8.5,2.625,7.625],"tintindex":0,"rotation":0,"texture":"#0"},"down":{"uv":[3.125,7.625,2.875,8.5],"tintindex":0,"rotation":0,"texture":"#0"}}},{"from":[2.0,6.1182513,-9.5783],"to":[14.0,9.093251,-7.5782995],"faces":{"east":{"uv":[6.0,8.125,6.25,8.5],"tintindex":0,"rotation":0,"texture":"#0"},"south":{"uv":[5.0,3.5,6.5,3.875],"tintindex":0,"rotation":0,"texture":"#0"},"north":{"uv":[4.25,4.75,5.75,5.125],"tintindex":0,"rotation":0,"texture":"#0"},"west":{"uv":[8.125,6.125,8.375,6.5],"tintindex":0,"rotation":0,"texture":"#0"},"up":{"uv":[7.625,1.25,6.125,1.0],"tintindex":0,"rotation":0,"texture":"#0"},"down":{"uv":[7.875,3.25,6.375,3.5],"tintindex":0,"rotation":0,"texture":"#0"}}},{"from":[12.414213,6.093251,-7.749872],"to":[18.414213,9.093251,-5.749872],"faces":{"east":{"uv":[6.25,8.125,6.5,8.5],"tintindex":0,"rotation":0,"texture":"#0"},"south":{"uv":[6.0,7.0,6.75,7.375],"tintindex":0,"rotation":0,"texture":"#0"},"north":{"uv":[7.0,0.0,7.75,0.375],"tintindex":0,"rotation":0,"texture":"#0"},"west":{"uv":[6.5,8.125,6.75,8.5],"tintindex":0,"rotation":0,"texture":"#0"},"up":{"uv":[8.5,6.875,7.75,6.625],"tintindex":0,"rotation":0,"texture":"#0"},"down":{"uv":[1.625,7.875,0.875,8.125],"tintindex":0,"rotation":0,"texture":"#0"}},"rotation":{"origin":[15.414213,7.593251,-6.749872],"angle":-45.0,"axis":"y"}},{"from":[12.414213,6.093251,20.593273],"to":[18.414213,9.093251,22.593273],"faces":{"east":{"uv":[0.0,8.375,0.25,8.75],"tintindex":0,"rotation":0,"texture":"#0"},"south":{"uv":[7.375,1.625,8.125,2.0],"tintindex":0,"rotation":0,"texture":"#0"},"north":{"uv":[7.375,1.25,8.125,1.625],"tintindex":0,"rotation":0,"texture":"#0"},"west":{"uv":[0.25,8.375,0.5,8.75],"tintindex":0,"rotation":0,"texture":"#0"},"up":{"uv":[8.625,5.0,7.875,4.75],"tintindex":0,"rotation":0,"texture":"#0"},"down":{"uv":[8.625,5.875,7.875,6.125],"tintindex":0,"rotation":0,"texture":"#0"}},"rotation":{"origin":[15.414213,7.593251,21.593273],"angle":45.0,"axis":"y"}},{"from":[4.0,6.093251,17.4217],"to":[6.0,9.093251,22.4217],"faces":{"east":{"uv":[1.0,7.5,1.625,7.875],"tintindex":0,"rotation":0,"texture":"#0"},"south":{"uv":[2.375,8.25,2.625,8.625],"tintindex":0,"rotation":0,"texture":"#0"},"north":{"uv":[2.125,8.25,2.375,8.625],"tintindex":0,"rotation":0,"texture":"#0"},"west":{"uv":[1.625,7.5,2.25,7.875],"tintindex":0,"rotation":0,"texture":"#0"},"up":{"uv":[8.25,8.375,8.0,7.75],"tintindex":0,"rotation":0,"texture":"#0"},"down":{"uv":[8.375,0.25,8.125,0.875],"tintindex":0,"rotation":0,"texture":"#0"}}},{"from":[2.0,6.1182513,22.4217],"to":[14.0,9.068252,24.4217],"faces":{"east":{"uv":[7.0,8.125,7.25,8.5],"tintindex":0,"rotation":0,"texture":"#0"},"south":{"uv":[5.5,0.0,7.0,0.375],"tintindex":0,"rotation":0,"texture":"#0"},"north":{"uv":[0.75,5.375,2.25,5.75],"tintindex":0,"rotation":0,"texture":"#0"},"west":{"uv":[7.25,8.125,7.5,8.5],"tintindex":0,"rotation":0,"texture":"#0"},"up":{"uv":[7.875,6.125,6.375,5.875],"tintindex":0,"rotation":0,"texture":"#0"},"down":{"uv":[8.0,4.25,6.5,4.5],"tintindex":0,"rotation":0,"texture":"#0"}}},{"from":[-2.4142132,6.093251,-7.749872],"to":[3.5857863,9.093251,-5.749872],"faces":{"east":{"uv":[6.75,8.125,7.0,8.5],"tintindex":0,"rotation":0,"texture":"#0"},"south":{"uv":[6.75,7.0,7.5,7.375],"tintindex":0,"rotation":0,"texture":"#0"},"north":{"uv":[7.0,6.625,7.75,7.0],"tintindex":0,"rotation":0,"texture":"#0"},"west":{"uv":[8.125,6.875,8.375,7.25],"tintindex":0,"rotation":0,"texture":"#0"},"up":{"uv":[8.625,3.5,7.875,3.25],"tintindex":0,"rotation":0,"texture":"#0"},"down":{"uv":[8.625,3.5,7.875,3.75],"tintindex":0,"rotation":0,"texture":"#0"}},"rotation":{"origin":[0.58578634,7.593251,-6.749872],"angle":45.0,"axis":"y"}},{"from":[2.0,7.946805,-8.810534],"to":[14.0,18.946804,-6.8105326],"faces":{"east":{"uv":[0.0,7.0,0.25,8.375],"tintindex":0,"rotation":0,"texture":"#0"},"south":{"uv":[1.5,3.125,3.0,4.5],"tintindex":0,"rotation":0,"texture":"#0"},"north":{"uv":[0.0,3.125,1.5,4.5],"tintindex":0,"rotation":0,"texture":"#0"},"west":{"uv":[0.25,7.0,0.5,8.375],"tintindex":0,"rotation":0,"texture":"#0"},"up":{"uv":[8.125,5.25,6.625,5.0],"tintindex":0,"rotation":0,"texture":"#0"},"down":{"uv":[7.0,6.75,5.5,7.0],"tintindex":0,"rotation":0,"texture":"#0"}},"rotation":{"origin":[8.0,9.446805,-7.8105326],"angle":45.0,"axis":"x"}},{"from":[16.0,6.093251,3.4217005],"to":[18.0,11.093251,10.4217005],"faces":{"east":{"uv":[0.875,5.75,1.75,6.375],"tintindex":0,"rotation":0,"texture":"#0"},"south":{"uv":[1.375,8.125,1.625,8.75],"tintindex":0,"rotation":0,"texture":"#0"},"north":{"uv":[8.125,1.125,8.375,1.75],"tintindex":0,"rotation":0,"texture":"#0"},"west":{"uv":[5.75,4.625,6.625,5.25],"tintindex":0,"rotation":0,"texture":"#0"},"up":{"uv":[7.75,8.625,7.5,7.75],"tintindex":0,"rotation":0,"texture":"#0"},"down":{"uv":[8.0,7.75,7.75,8.625],"tintindex":0,"rotation":0,"texture":"#0"}}}],"display":{"gui":{"rotation":[30,225,0]}}}