{"textures":{"0":"modelengine:entity/driftkart_blue"},"elements":[{"from":[6.0,8.387928,9.909241],"to":[10.0,9.387928,10.909241],"faces":{"east":{"uv":[5.625,5.875,5.75,6.0],"tintindex":0,"rotation":0,"texture":"#0"},"south":{"uv":[8.0,4.25,8.5,4.375],"tintindex":0,"rotation":0,"texture":"#0"},"north":{"uv":[7.625,1.125,8.125,1.25],"tintindex":0,"rotation":0,"texture":"#0"},"west":{"uv":[5.625,6.0,5.75,6.125],"tintindex":0,"rotation":0,"texture":"#0"},"up":{"uv":[8.5,4.5,8.0,4.375],"tintindex":0,"rotation":0,"texture":"#0"},"down":{"uv":[8.625,3.0,8.125,3.125],"tintindex":0,"rotation":0,"texture":"#0"}},"rotation":{"origin":[9.0,1.3879285,6.4092407],"angle":-22.5,"axis":"x"}},{"from":[6.0,4.3879285,9.909241],"to":[10.0,5.387928,10.909241],"faces":{"east":{"uv":[4.0,6.5,4.125,6.625],"tintindex":0,"rotation":0,"texture":"#0"},"south":{"uv":[8.125,5.375,8.625,5.5],"tintindex":0,"rotation":0,"texture":"#0"},"north":{"uv":[8.125,3.125,8.625,3.25],"tintindex":0,"rotation":0,"texture":"#0"},"west":{"uv":[6.5,4.5,6.625,4.625],"tintindex":0,"rotation":0,"texture":"#0"},"up":{"uv":[8.625,5.625,8.125,5.5],"tintindex":0,"rotation":0,"texture":"#0"},"down":{"uv":[8.625,6.5,8.125,6.625],"tintindex":0,"rotation":0,"texture":"#0"}},"rotation":{"origin":[9.0,1.3879285,6.4092407],"angle":-22.5,"axis":"x"}},{"from":[5.0,4.3879285,9.909241],"to":[6.0,9.387928,10.909241],"faces":{"east":{"uv":[8.375,6.875,8.5,7.5],"tintindex":0,"rotation":0,"texture":"#0"},"south":{"uv":[8.0,8.375,8.125,9.0],"tintindex":0,"rotation":0,"texture":"#0"},"north":{"uv":[8.375,2.125,8.5,2.75],"tintindex":0,"rotation":0,"texture":"#0"},"west":{"uv":[8.125,8.375,8.25,9.0],"tintindex":0,"rotation":0,"texture":"#0"},"up":{"uv":[7.0,6.75,6.875,6.625],"tintindex":0,"rotation":0,"texture":"#0"},"down":{"uv":[7.5,0.875,7.375,1.0],"tintindex":0,"rotation":0,"texture":"#0"}},"rotation":{"origin":[4.0,1.3879285,6.4092407],"angle":-22.5,"axis":"x"}},{"from":[6.0,6.387928,9.909241],"to":[10.0,7.387928,10.909241],"faces":{"east":{"uv":[4.125,5.625,4.25,5.75],"tintindex":0,"rotation":0,"texture":"#0"},"south":{"uv":[6.875,0.875,7.375,1.0],"tintindex":0,"rotation":0,"texture":"#0"},"north":{"uv":[5.0,4.625,5.5,4.75],"tintindex":0,"rotation":0,"texture":"#0"},"west":{"uv":[4.125,5.75,4.25,5.875],"tintindex":0,"rotation":0,"texture":"#0"},"up":{"uv":[7.5,3.25,7.0,3.125],"tintindex":0,"rotation":0,"texture":"#0"},"down":{"uv":[7.5,4.125,7.0,4.25],"tintindex":0,"rotation":0,"texture":"#0"}},"rotation":{"origin":[9.0,1.3879285,6.4092407],"angle":-22.5,"axis":"x"}},{"from":[10.0,4.3879285,9.909241],"to":[11.0,9.387928,10.909241],"faces":{"east":{"uv":[4.75,8.125,4.875,8.75],"tintindex":0,"rotation":0,"texture":"#0"},"south":{"uv":[0.75,8.25,0.875,8.875],"tintindex":0,"rotation":0,"texture":"#0"},"north":{"uv":[5.375,7.875,5.5,8.5],"tintindex":0,"rotation":0,"texture":"#0"},"west":{"uv":[8.375,1.5,8.5,2.125],"tintindex":0,"rotation":0,"texture":"#0"},"up":{"uv":[4.125,6.75,4.0,6.625],"tintindex":0,"rotation":0,"texture":"#0"},"down":{"uv":[7.0,2.5,6.875,2.625],"tintindex":0,"rotation":0,"texture":"#0"}},"rotation":{"origin":[9.0,1.3879285,6.4092407],"angle":-22.5,"axis":"x"}}],"display":{"gui":{"rotation":[30,225,0]}}}