{"textures":{"0":"modelengine:entity/t_falling_iceblock"},"elements":[{"from":[4.57143,-4.0,-7.42857],"to":[20.57143,4.0,8.57143],"faces":{"east":{"uv":[16.0,4.0,8.0,6.0],"tintindex":0,"rotation":0,"texture":"#0"},"south":{"uv":[16.0,4.0,8.0,6.0],"tintindex":0,"rotation":0,"texture":"#0"},"north":{"uv":[16.0,4.0,8.0,6.0],"tintindex":0,"rotation":0,"texture":"#0"},"west":{"uv":[16.0,4.0,8.0,6.0],"tintindex":0,"rotation":0,"texture":"#0"},"up":{"uv":[0.0,4.0,8.0,8.0],"tintindex":0,"rotation":0,"texture":"#0"},"down":{"uv":[8.0,8.0,16.0,4.0],"tintindex":0,"rotation":0,"texture":"#0"}},"rotation":{"origin":[12.57143,0.0,0.5714302],"angle":-45.0,"axis":"y"}},{"from":[4.57143,-4.0,8.57143],"to":[20.57143,4.0,24.57143],"faces":{"east":{"uv":[16.0,4.0,8.0,6.0],"tintindex":0,"rotation":0,"texture":"#0"},"south":{"uv":[16.0,4.0,8.0,6.0],"tintindex":0,"rotation":0,"texture":"#0"},"north":{"uv":[16.0,4.0,8.0,6.0],"tintindex":0,"rotation":0,"texture":"#0"},"west":{"uv":[16.0,4.0,8.0,6.0],"tintindex":0,"rotation":0,"texture":"#0"},"up":{"uv":[0.0,4.0,8.0,8.0],"tintindex":0,"rotation":0,"texture":"#0"},"down":{"uv":[8.0,8.0,16.0,4.0],"tintindex":0,"rotation":0,"texture":"#0"}},"rotation":{"origin":[12.57143,0.0,16.57143],"angle":-45.0,"axis":"y"}},{"from":[-11.42857,4.0,-7.42857],"to":[4.57143,12.0,8.57143],"faces":{"east":{"uv":[8.0,2.25,16.0,4.75],"tintindex":0,"rotation":0,"texture":"#0"},"south":{"uv":[8.0,2.0,0.0,4.0],"tintindex":0,"rotation":0,"texture":"#0"},"north":{"uv":[0.0,4.0,8.0,6.5],"tintindex":0,"rotation":0,"texture":"#0"},"west":{"uv":[16.0,2.0,8.0,4.0],"tintindex":0,"rotation":0,"texture":"#0"},"up":{"uv":[8.0,8.0,16.0,12.0],"tintindex":0,"rotation":0,"texture":"#0"},"down":{"uv":[8.0,8.0,0.0,4.0],"tintindex":0,"rotation":0,"texture":"#0"}},"rotation":{"origin":[-3.4285698,8.0,0.5714302],"angle":-45.0,"axis":"y"}},{"from":[4.57143,4.0,-7.42857],"to":[20.57143,12.0,8.57143],"faces":{"east":{"uv":[8.0,2.0,0.0,4.0],"tintindex":0,"rotation":0,"texture":"#0"},"south":{"uv":[16.0,2.0,8.0,4.0],"tintindex":0,"rotation":0,"texture":"#0"},"north":{"uv":[16.0,2.0,8.0,4.0],"tintindex":0,"rotation":0,"texture":"#0"},"west":{"uv":[8.0,2.0,0.0,4.0],"tintindex":0,"rotation":0,"texture":"#0"},"up":{"uv":[0.0,8.0,8.0,12.0],"tintindex":0,"rotation":0,"texture":"#0"},"down":{"uv":[0.0,4.0,8.0,8.0],"tintindex":0,"rotation":0,"texture":"#0"}},"rotation":{"origin":[12.57143,8.0,0.5714302],"angle":-45.0,"axis":"y"}},{"from":[4.57143,4.0,8.57143],"to":[20.57143,20.0,24.57143],"faces":{"east":{"uv":[8.0,0.0,16.0,4.0],"tintindex":0,"rotation":0,"texture":"#0"},"south":{"uv":[16.0,0.0,8.0,4.0],"tintindex":0,"rotation":0,"texture":"#0"},"north":{"uv":[0.0,0.0,8.0,4.0],"tintindex":0,"rotation":0,"texture":"#0"},"west":{"uv":[8.0,0.0,0.0,4.0],"tintindex":0,"rotation":0,"texture":"#0"},"up":{"uv":[0.0,8.0,8.0,12.0],"tintindex":0,"rotation":0,"texture":"#0"},"down":{"uv":[0.0,4.0,8.0,8.0],"tintindex":0,"rotation":0,"texture":"#0"}}},{"from":[-11.42857,4.0,8.57143],"to":[4.57143,20.0,24.57143],"faces":{"east":{"uv":[16.0,0.0,8.0,4.0],"tintindex":0,"rotation":0,"texture":"#0"},"south":{"uv":[8.0,0.0,0.0,4.0],"tintindex":0,"rotation":0,"texture":"#0"},"north":{"uv":[8.0,0.0,0.0,4.0],"tintindex":0,"rotation":0,"texture":"#0"},"west":{"uv":[16.0,0.0,8.0,4.0],"tintindex":0,"rotation":0,"texture":"#0"},"up":{"uv":[0.0,8.0,8.0,12.0],"tintindex":0,"rotation":0,"texture":"#0"},"down":{"uv":[16.0,4.0,8.0,8.0],"tintindex":0,"rotation":0,"texture":"#0"}}},{"from":[8.57143,12.0,-3.4285698],"to":[16.57143,20.0,12.57143],"faces":{"east":{"uv":[8.0,0.0,0.0,2.0],"tintindex":0,"rotation":0,"texture":"#0"},"south":{"uv":[16.0,0.0,12.0,2.0],"tintindex":0,"rotation":0,"texture":"#0"},"north":{"uv":[16.0,0.0,12.0,2.0],"tintindex":0,"rotation":0,"texture":"#0"},"west":{"uv":[8.0,0.0,0.0,2.0],"tintindex":0,"rotation":0,"texture":"#0"},"up":{"uv":[0.0,8.0,4.0,12.0],"tintindex":0,"rotation":0,"texture":"#0"},"down":{"uv":[0.0,4.0,8.0,8.0],"tintindex":0,"rotation":0,"texture":"#0"}},"rotation":{"origin":[12.57143,16.0,4.57143],"angle":-45.0,"axis":"y"}}],"display":{"gui":{"rotation":[30,225,0]}}}