{"textures":{"0":"modelengine:entity/shaman"},"elements":[{"from":[8.0,5.5,-12.0],"to":[8.0,10.5,28.0],"faces":{"east":{"uv":[3.125,6.0,3.75,16.0],"tintindex":0,"rotation":90,"texture":"#0"},"west":{"uv":[3.125,16.0,3.75,6.0],"tintindex":0,"rotation":90,"texture":"#0"}},"rotation":{"origin":[8.0,8.0,8.0],"angle":-45.0,"axis":"z"}},{"from":[8.0,5.5,-12.0],"to":[8.0,10.5,28.0],"faces":{"east":{"uv":[3.125,6.0,3.75,16.0],"tintindex":0,"rotation":90,"texture":"#0"},"west":{"uv":[3.125,16.0,3.75,6.0],"tintindex":0,"rotation":90,"texture":"#0"}},"rotation":{"origin":[8.0,8.0,8.0],"angle":45.0,"axis":"z"}}],"display":{"gui":{"rotation":[30,225,0]}}}