{"textures":{"0":"modelengine:entity/pigling_mech"},"elements":[{"from":[8.0,-9.0,4.5],"to":[16.0,8.0,11.5],"faces":{"east":{"uv":[4.90625,11.09375,4.6875,11.625],"tintindex":0,"rotation":0,"texture":"#0"},"south":{"uv":[10.28125,11.0625,10.03125,11.59375],"tintindex":0,"rotation":0,"texture":"#0"},"north":{"uv":[1.0,5.40625,0.75,5.9375],"tintindex":0,"rotation":0,"texture":"#0"},"west":{"uv":[1.5,6.75,1.28125,7.28125],"tintindex":0,"rotation":0,"texture":"#0"},"up":{"uv":[11.6875,5.65625,11.9375,5.4375],"tintindex":0,"rotation":0,"texture":"#0"},"down":{"uv":[11.71875,2.21875,11.96875,2.4375],"tintindex":0,"rotation":0,"texture":"#0"}}}],"display":{"gui":{"rotation":[30,225,0]}}}