{"textures":{"0":"modelengine:entity/pigling_mech"},"elements":[{"from":[8.0,-8.0,4.0],"to":[17.0,8.0,13.0],"faces":{"east":{"uv":[11.28125,5.0,11.0,5.5],"tintindex":0,"rotation":0,"texture":"#0"},"south":{"uv":[5.21875,11.0,4.9375,11.5],"tintindex":0,"rotation":0,"texture":"#0"},"north":{"uv":[6.84375,10.9375,6.5625,11.4375],"tintindex":0,"rotation":0,"texture":"#0"},"west":{"uv":[11.28125,3.71875,11.0,4.21875],"tintindex":0,"rotation":0,"texture":"#0"},"up":{"uv":[7.625,11.71875,7.90625,11.4375],"tintindex":0,"rotation":0,"texture":"#0"},"down":{"uv":[11.4375,11.0625,11.71875,11.34375],"tintindex":0,"rotation":0,"texture":"#0"}}}],"display":{"gui":{"rotation":[30,225,0]}}}