{"textures":{"0":"modelengine:entity/pigling_mech"},"elements":[{"from":[4.5,-8.75,0.5],"to":[11.0,5.75,16.5],"faces":{"east":{"uv":[1.0,4.5,0.0,5.40625],"tintindex":0,"rotation":0,"texture":"#0"},"south":{"uv":[7.875,8.71875,7.46875,9.625],"tintindex":0,"rotation":0,"texture":"#0"},"north":{"uv":[7.46875,8.71875,7.875,9.625],"tintindex":0,"rotation":0,"texture":"#0"},"west":{"uv":[4.1875,4.4375,3.1875,5.34375],"tintindex":0,"rotation":0,"texture":"#0"},"up":{"uv":[0.5,8.75,0.90625,7.75],"tintindex":0,"rotation":0,"texture":"#0"},"down":{"uv":[7.0625,7.75,7.46875,8.75],"tintindex":0,"rotation":0,"texture":"#0"}}},{"from":[2.0,-9.75,-0.5],"to":[7.5,-3.75,17.5],"faces":{"east":{"uv":[8.5625,1.28125,7.4375,1.65625],"tintindex":0,"rotation":0,"texture":"#0"},"south":{"uv":[11.46875,6.375,11.125,6.75],"tintindex":0,"rotation":0,"texture":"#0"},"north":{"uv":[11.4375,11.09375,11.09375,11.46875],"tintindex":0,"rotation":0,"texture":"#0"},"west":{"uv":[8.1875,7.375,7.0625,7.75],"tintindex":0,"rotation":0,"texture":"#0"},"up":{"uv":[0.90625,8.875,1.25,7.75],"tintindex":0,"rotation":0,"texture":"#0"},"down":{"uv":[0.0,8.0625,0.34375,9.1875],"tintindex":0,"rotation":0,"texture":"#0"}},"rotation":{"origin":[4.75,-6.75,8.5],"angle":22.5,"axis":"z"}},{"from":[11.0,-3.25,6.0],"to":[12.5,3.25,11.5],"faces":{"east":{"uv":[7.96875,11.03125,7.625,11.4375],"tintindex":0,"rotation":0,"texture":"#0"},"south":{"uv":[6.3125,11.875,6.21875,12.28125],"tintindex":0,"rotation":0,"texture":"#0"},"north":{"uv":[6.21875,11.875,6.125,12.28125],"tintindex":0,"rotation":0,"texture":"#0"},"west":{"uv":[5.5625,11.0,5.21875,11.40625],"tintindex":0,"rotation":0,"texture":"#0"},"up":{"uv":[0.9375,10.65625,1.03125,10.3125],"tintindex":0,"rotation":0,"texture":"#0"},"down":{"uv":[0.375,11.90625,0.46875,12.25],"tintindex":0,"rotation":0,"texture":"#0"}}},{"from":[2.5,-5.75,12.0],"to":[4.5,2.75,14.0],"faces":{"east":{"uv":[8.78125,11.53125,8.65625,12.0625],"tintindex":0,"rotation":0,"texture":"#0"},"south":{"uv":[8.65625,11.53125,8.53125,12.0625],"tintindex":0,"rotation":0,"texture":"#0"},"north":{"uv":[8.40625,11.53125,8.28125,12.0625],"tintindex":0,"rotation":0,"texture":"#0"},"west":{"uv":[8.53125,11.53125,8.40625,12.0625],"tintindex":0,"rotation":0,"texture":"#0"},"up":{"uv":[12.0,1.9375,12.125,1.8125],"tintindex":0,"rotation":0,"texture":"#0"},"down":{"uv":[2.34375,12.0,2.46875,12.125],"tintindex":0,"rotation":0,"texture":"#0"}}},{"from":[3.5,3.25,3.0],"to":[13.5,7.75,13.0],"faces":{"east":{"uv":[10.53125,4.21875,11.15625,4.5],"tintindex":0,"rotation":0,"texture":"#0"},"south":{"uv":[11.28125,6.09375,10.65625,6.375],"tintindex":0,"rotation":0,"texture":"#0"},"north":{"uv":[11.15625,4.21875,10.53125,4.5],"tintindex":0,"rotation":0,"texture":"#0"},"west":{"uv":[1.5625,10.65625,0.9375,10.9375],"tintindex":0,"rotation":0,"texture":"#0"},"up":{"uv":[8.03125,2.6875,8.65625,2.0625],"tintindex":0,"rotation":0,"texture":"#0"},"down":{"uv":[8.03125,3.59375,8.65625,4.21875],"tintindex":0,"rotation":0,"texture":"#0"}}},{"from":[2.5,-5.75,3.0],"to":[4.5,2.75,5.0],"faces":{"east":{"uv":[8.28125,11.53125,8.15625,12.0625],"tintindex":0,"rotation":0,"texture":"#0"},"south":{"uv":[8.15625,11.53125,8.03125,12.0625],"tintindex":0,"rotation":0,"texture":"#0"},"north":{"uv":[1.78125,11.53125,1.65625,12.0625],"tintindex":0,"rotation":0,"texture":"#0"},"west":{"uv":[8.03125,11.53125,7.90625,12.0625],"tintindex":0,"rotation":0,"texture":"#0"},"up":{"uv":[11.9375,12.09375,12.0625,11.96875],"tintindex":0,"rotation":0,"texture":"#0"},"down":{"uv":[12.0,0.0,12.125,0.125],"tintindex":0,"rotation":0,"texture":"#0"}}},{"from":[10.0,-11.25,0.0],"to":[14.5,-2.75,4.0],"faces":{"east":{"uv":[2.75,11.09375,2.5,11.625],"tintindex":0,"rotation":0,"texture":"#0"},"south":{"uv":[0.78125,10.875,0.5,11.40625],"tintindex":0,"rotation":0,"texture":"#0"},"north":{"uv":[9.25,10.84375,8.96875,11.375],"tintindex":0,"rotation":0,"texture":"#0"},"west":{"uv":[0.25,11.09375,0.0,11.625],"tintindex":0,"rotation":0,"texture":"#0"},"up":{"uv":[1.9375,11.75,2.21875,11.5],"tintindex":0,"rotation":0,"texture":"#0"},"down":{"uv":[4.90625,11.5,5.1875,11.75],"tintindex":0,"rotation":0,"texture":"#0"}},"rotation":{"origin":[12.25,-7.0,2.0],"angle":22.5,"axis":"z"}}],"display":{"gui":{"rotation":[30,225,0]}}}