{"textures":{"0":"modelengine:entity/pigling_mech"},"elements":[{"from":[8.0,4.0,6.0],"to":[9.0,8.0,10.0],"faces":{"east":{"uv":[11.96875,11.25,12.09375,11.375],"tintindex":0,"rotation":0,"texture":"#0"},"south":{"uv":[5.5,2.8125,5.53125,2.9375],"tintindex":0,"rotation":0,"texture":"#0"},"north":{"uv":[3.15625,5.15625,3.1875,5.28125],"tintindex":0,"rotation":0,"texture":"#0"},"west":{"uv":[11.4375,11.96875,11.5625,12.09375],"tintindex":0,"rotation":0,"texture":"#0"},"up":{"uv":[5.53125,3.0625,5.5,2.9375],"tintindex":0,"rotation":0,"texture":"#0"},"down":{"uv":[5.53125,4.75,5.5,4.875],"tintindex":0,"rotation":0,"texture":"#0"}}}],"display":{"gui":{"rotation":[30,225,0]}}}