{"textures":{"0":"modelengine:entity/pigling_mech"},"elements":[{"from":[6.0,-2.0,6.0],"to":[10.0,8.0,10.0],"faces":{"east":{"uv":[12.0,5.90625,11.875,6.21875],"tintindex":0,"rotation":0,"texture":"#0"},"south":{"uv":[5.9375,11.875,5.8125,12.1875],"tintindex":0,"rotation":0,"texture":"#0"},"north":{"uv":[4.3125,4.4375,4.1875,4.75],"tintindex":0,"rotation":0,"texture":"#0"},"west":{"uv":[6.5625,11.84375,6.4375,12.15625],"tintindex":0,"rotation":0,"texture":"#0"},"up":{"uv":[11.96875,8.8125,12.09375,8.6875],"tintindex":0,"rotation":0,"texture":"#0"},"down":{"uv":[10.4375,11.96875,10.5625,12.09375],"tintindex":0,"rotation":0,"texture":"#0"}}}],"display":{"gui":{"rotation":[30,225,0]}}}