{"textures":{"0":"modelengine:entity/pigling_mech"},"elements":[{"from":[4.0,-1.0,6.0],"to":[8.0,10.0,10.0],"faces":{"east":{"uv":[11.9375,9.84375,11.8125,10.1875],"tintindex":0,"rotation":0,"texture":"#0"},"south":{"uv":[11.9375,4.15625,11.8125,4.5],"tintindex":0,"rotation":0,"texture":"#0"},"north":{"uv":[11.6875,11.75,11.5625,12.09375],"tintindex":0,"rotation":0,"texture":"#0"},"west":{"uv":[11.90625,1.125,11.78125,1.46875],"tintindex":0,"rotation":0,"texture":"#0"},"up":{"uv":[10.5625,12.09375,10.6875,11.96875],"tintindex":0,"rotation":0,"texture":"#0"},"down":{"uv":[11.96875,11.125,12.09375,11.25],"tintindex":0,"rotation":0,"texture":"#0"}}}],"display":{"gui":{"rotation":[30,225,0]}}}