{"textures":{"0":"modelengine:entity/pigling_mech"},"elements":[{"from":[6.0,8.0,3.0],"to":[10.0,11.0,4.0],"faces":{"east":{"uv":[5.9375,0.6875,5.96875,0.78125],"tintindex":0,"rotation":0,"texture":"#0"},"south":{"uv":[12.0,3.34375,12.125,3.4375],"tintindex":0,"rotation":0,"texture":"#0"},"north":{"uv":[12.0,3.25,12.125,3.34375],"tintindex":0,"rotation":0,"texture":"#0"},"west":{"uv":[5.9375,0.78125,5.96875,0.875],"tintindex":0,"rotation":0,"texture":"#0"},"up":{"uv":[6.09375,1.8125,5.96875,1.78125],"tintindex":0,"rotation":0,"texture":"#0"},"down":{"uv":[6.1875,2.78125,6.0625,2.8125],"tintindex":0,"rotation":0,"texture":"#0"}}},{"from":[4.0,8.0,4.0],"to":[12.0,15.0,12.0],"faces":{"east":{"uv":[11.65625,9.09375,11.90625,9.3125],"tintindex":0,"rotation":0,"texture":"#0"},"south":{"uv":[0.21875,11.6875,0.46875,11.90625],"tintindex":0,"rotation":0,"texture":"#0"},"north":{"uv":[11.65625,8.875,11.90625,9.09375],"tintindex":0,"rotation":0,"texture":"#0"},"west":{"uv":[11.6875,3.71875,11.9375,3.9375],"tintindex":0,"rotation":0,"texture":"#0"},"up":{"uv":[11.8125,0.96875,11.5625,0.71875],"tintindex":0,"rotation":0,"texture":"#0"},"down":{"uv":[11.8125,4.15625,11.5625,4.40625],"tintindex":0,"rotation":0,"texture":"#0"}}}],"display":{"gui":{"rotation":[30,225,0]}}}