{"textures":{"0":"modelengine:entity/pigling_mech"},"elements":[{"from":[4.0,8.0,6.0],"to":[12.0,19.0,10.0],"faces":{"east":{"uv":[6.84375,11.75,6.96875,12.09375],"tintindex":0,"rotation":0,"texture":"#0"},"south":{"uv":[11.4375,5.4375,11.6875,5.78125],"tintindex":0,"rotation":0,"texture":"#0"},"north":{"uv":[8.53125,0.0,8.78125,0.34375],"tintindex":0,"rotation":0,"texture":"#0"},"west":{"uv":[9.25,11.75,9.375,12.09375],"tintindex":0,"rotation":0,"texture":"#0"},"up":{"uv":[12.15625,1.46875,11.90625,1.34375],"tintindex":0,"rotation":0,"texture":"#0"},"down":{"uv":[5.4375,11.90625,5.1875,12.03125],"tintindex":0,"rotation":0,"texture":"#0"}}}],"display":{"gui":{"rotation":[30,225,0]}}}