{"textures":{"0":"modelengine:entity/pigling_mech"},"elements":[{"from":[0.0,-9.0,4.5],"to":[8.0,8.0,11.5],"faces":{"east":{"uv":[1.28125,6.75,1.5,7.28125],"tintindex":0,"rotation":0,"texture":"#0"},"south":{"uv":[10.03125,11.0625,10.28125,11.59375],"tintindex":0,"rotation":0,"texture":"#0"},"north":{"uv":[0.75,5.40625,1.0,5.9375],"tintindex":0,"rotation":0,"texture":"#0"},"west":{"uv":[4.6875,11.09375,4.90625,11.625],"tintindex":0,"rotation":0,"texture":"#0"},"up":{"uv":[11.9375,5.65625,11.6875,5.4375],"tintindex":0,"rotation":0,"texture":"#0"},"down":{"uv":[11.96875,2.21875,11.71875,2.4375],"tintindex":0,"rotation":0,"texture":"#0"}}}],"display":{"gui":{"rotation":[30,225,0]}}}