{"textures":{"0":"modelengine:entity/pigling_mech"},"elements":[{"from":[15.5,-3.0,4.5],"to":[17.0,-1.5,11.5],"faces":{"east":{"uv":[11.78125,1.46875,12.21875,1.5625],"tintindex":0,"rotation":0,"texture":"#0"},"south":{"uv":[7.125,12.0,7.21875,12.09375],"tintindex":0,"rotation":0,"texture":"#0"},"north":{"uv":[12.0,6.09375,12.09375,6.1875],"tintindex":0,"rotation":0,"texture":"#0"},"west":{"uv":[11.8125,0.90625,12.25,1.0],"tintindex":0,"rotation":0,"texture":"#0"},"up":{"uv":[10.25,12.25,10.15625,11.8125],"tintindex":0,"rotation":0,"texture":"#0"},"down":{"uv":[0.75,11.84375,0.65625,12.28125],"tintindex":0,"rotation":0,"texture":"#0"}}},{"from":[4.5,4.928932,3.0],"to":[11.5,9.071068,13.0],"faces":{"east":{"uv":[10.6875,10.25,11.3125,10.5],"tintindex":0,"rotation":0,"texture":"#0"},"south":{"uv":[11.28125,5.8125,11.71875,6.0625],"tintindex":0,"rotation":0,"texture":"#0"},"north":{"uv":[6.125,7.0625,6.5625,7.3125],"tintindex":0,"rotation":0,"texture":"#0"},"west":{"uv":[10.71875,7.1875,11.34375,7.4375],"tintindex":0,"rotation":0,"texture":"#0"},"up":{"uv":[9.75,5.21875,9.3125,4.59375],"tintindex":0,"rotation":0,"texture":"#0"},"down":{"uv":[5.0625,9.3125,4.625,9.9375],"tintindex":0,"rotation":0,"texture":"#0"}},"rotation":{"origin":[8.0,7.0,8.0],"angle":45.0,"axis":"x"}},{"from":[2.0,-8.0,2.0],"to":[14.0,8.0,14.0],"faces":{"east":{"uv":[4.3125,5.40625,5.0625,6.40625],"tintindex":0,"rotation":0,"texture":"#0"},"south":{"uv":[0.75,5.40625,0.0,6.40625],"tintindex":0,"rotation":0,"texture":"#0"},"north":{"uv":[0.0,5.40625,0.75,6.40625],"tintindex":0,"rotation":0,"texture":"#0"},"west":{"uv":[5.0625,5.40625,4.3125,6.40625],"tintindex":0,"rotation":0,"texture":"#0"},"up":{"uv":[0.75,7.15625,0.0,6.40625],"tintindex":0,"rotation":0,"texture":"#0"},"down":{"uv":[5.03125,6.40625,4.28125,7.15625],"tintindex":0,"rotation":0,"texture":"#0"}}},{"from":[14.0,-3.0,3.0],"to":[17.0,-1.5,4.5],"faces":{"east":{"uv":[12.0,4.6875,12.09375,4.78125],"tintindex":0,"rotation":0,"texture":"#0"},"south":{"uv":[7.875,8.71875,8.0625,8.8125],"tintindex":0,"rotation":0,"texture":"#0"},"north":{"uv":[1.6875,7.90625,1.875,8.0],"tintindex":0,"rotation":0,"texture":"#0"},"west":{"uv":[12.0,4.78125,12.09375,4.875],"tintindex":0,"rotation":0,"texture":"#0"},"up":{"uv":[10.0,2.53125,9.8125,2.4375],"tintindex":0,"rotation":0,"texture":"#0"},"down":{"uv":[0.1875,10.375,0.0,10.46875],"tintindex":0,"rotation":0,"texture":"#0"}}},{"from":[14.0,-3.0,11.5],"to":[17.0,-1.5,13.0],"faces":{"east":{"uv":[12.0,5.90625,12.09375,6.0],"tintindex":0,"rotation":0,"texture":"#0"},"south":{"uv":[11.53125,10.96875,11.71875,11.0625],"tintindex":0,"rotation":0,"texture":"#0"},"north":{"uv":[10.5,4.5,10.6875,4.59375],"tintindex":0,"rotation":0,"texture":"#0"},"west":{"uv":[12.0,6.0,12.09375,6.09375],"tintindex":0,"rotation":0,"texture":"#0"},"up":{"uv":[11.75,4.5,11.5625,4.40625],"tintindex":0,"rotation":0,"texture":"#0"},"down":{"uv":[12.09375,10.625,11.90625,10.71875],"tintindex":0,"rotation":0,"texture":"#0"}}},{"from":[11.549999,2.0,2.9289322],"to":[11.549999,12.0,13.071068],"faces":{"east":{"uv":[6.4375,7.8125,7.0625,8.4375],"tintindex":0,"rotation":0,"texture":"#0"},"west":{"uv":[1.6875,8.0,2.3125,8.625],"tintindex":0,"rotation":0,"texture":"#0"}}},{"from":[4.0,-11.0,4.0],"to":[11.5,-8.0,12.0],"faces":{"east":{"uv":[7.125,3.59375,7.625,3.78125],"tintindex":0,"rotation":0,"texture":"#0"},"south":{"uv":[7.125,3.59375,7.59375,3.78125],"tintindex":0,"rotation":0,"texture":"#0"},"north":{"uv":[7.125,3.59375,7.59375,3.78125],"tintindex":0,"rotation":0,"texture":"#0"},"west":{"uv":[7.125,3.59375,7.625,3.78125],"tintindex":0,"rotation":0,"texture":"#0"},"up":{"uv":[1.5,10.25,1.03125,9.75],"tintindex":0,"rotation":0,"texture":"#0"},"down":{"uv":[10.21875,4.59375,9.75,5.09375],"tintindex":0,"rotation":0,"texture":"#0"}}},{"from":[4.5,4.928932,3.0],"to":[11.5,9.071068,13.0],"faces":{"east":{"uv":[10.75,4.5,11.375,4.75],"tintindex":0,"rotation":0,"texture":"#0"},"south":{"uv":[8.375,11.28125,8.8125,11.53125],"tintindex":0,"rotation":0,"texture":"#0"},"north":{"uv":[11.28125,6.0625,11.71875,6.3125],"tintindex":0,"rotation":0,"texture":"#0"},"west":{"uv":[10.75,4.75,11.375,5.0],"tintindex":0,"rotation":0,"texture":"#0"},"up":{"uv":[9.78125,9.5,9.34375,8.875],"tintindex":0,"rotation":0,"texture":"#0"},"down":{"uv":[2.5,9.40625,2.0625,10.03125],"tintindex":0,"rotation":0,"texture":"#0"}}},{"from":[4.5,2.0,5.928932],"to":[11.5,12.0,10.071068],"faces":{"east":{"uv":[1.6875,7.28125,1.9375,7.90625],"tintindex":0,"rotation":0,"texture":"#0"},"south":{"uv":[9.4375,1.59375,9.875,2.21875],"tintindex":0,"rotation":0,"texture":"#0"},"north":{"uv":[9.40625,5.21875,9.84375,5.84375],"tintindex":0,"rotation":0,"texture":"#0"},"west":{"uv":[8.71875,10.65625,8.96875,11.28125],"tintindex":0,"rotation":0,"texture":"#0"},"up":{"uv":[1.53125,11.5625,1.09375,11.3125],"tintindex":0,"rotation":0,"texture":"#0"},"down":{"uv":[11.75,1.125,11.3125,1.375],"tintindex":0,"rotation":0,"texture":"#0"}},"rotation":{"origin":[8.0,7.0,8.0],"angle":45.0,"axis":"x"}},{"from":[4.5,2.0,5.928932],"to":[11.5,12.0,10.071068],"faces":{"east":{"uv":[2.9375,10.71875,3.1875,11.34375],"tintindex":0,"rotation":0,"texture":"#0"},"south":{"uv":[2.5,9.46875,2.9375,10.09375],"tintindex":0,"rotation":0,"texture":"#0"},"north":{"uv":[8.3125,9.4375,8.75,10.0625],"tintindex":0,"rotation":0,"texture":"#0"},"west":{"uv":[10.75,5.0,11.0,5.625],"tintindex":0,"rotation":0,"texture":"#0"},"up":{"uv":[3.625,11.5625,3.1875,11.3125],"tintindex":0,"rotation":0,"texture":"#0"},"down":{"uv":[11.75,10.03125,11.3125,10.28125],"tintindex":0,"rotation":0,"texture":"#0"}}}],"display":{"gui":{"rotation":[30,225,0]}}}