{"textures":{"0":"modelengine:entity/arch_illager"},"elements":[{"from":[5.075,6.3499994,6.25],"to":[10.075001,9.849999,9.75],"faces":{"east":{"uv":[6.25,5.75,7.0,5.0],"tintindex":0,"rotation":90,"texture":"#0"},"south":{"uv":[8.5,5.75,7.75,7.0],"tintindex":0,"rotation":90,"texture":"#0"},"north":{"uv":[7.0,5.75,6.25,7.0],"tintindex":0,"rotation":270,"texture":"#0"},"west":{"uv":[7.0,5.0,7.75,5.75],"tintindex":0,"rotation":90,"texture":"#0"},"up":{"uv":[6.25,5.75,5.5,7.0],"tintindex":0,"rotation":90,"texture":"#0"},"down":{"uv":[7.75,5.75,7.0,7.0],"tintindex":0,"rotation":90,"texture":"#0"}}}],"display":{"gui":{"rotation":[30,225,0]}}}