{"textures":{"0":"modelengine:entity/arch_illager"},"elements":[{"from":[8.0,7.5,7.5],"to":[16.0,8.5,8.5],"faces":{"east":{"uv":[9.25,5.5,9.0,5.75],"tintindex":0,"rotation":270,"texture":"#0"},"south":{"uv":[9.25,5.75,9.5,7.75],"tintindex":0,"rotation":270,"texture":"#0"},"north":{"uv":[8.75,5.75,9.0,7.75],"tintindex":0,"rotation":90,"texture":"#0"},"west":{"uv":[9.0,5.75,8.75,5.5],"tintindex":0,"rotation":270,"texture":"#0"},"up":{"uv":[8.5,5.75,8.75,7.75],"tintindex":0,"rotation":270,"texture":"#0"},"down":{"uv":[9.0,5.75,9.25,7.75],"tintindex":0,"rotation":270,"texture":"#0"}}}],"display":{"gui":{"rotation":[30,225,0]}}}