{"textures":{"0":"modelengine:entity/arch_illager"},"elements":[{"from":[4.41481,8.21759,5.70037],"to":[11.41481,17.21759,9.70037],"faces":{"east":{"uv":[0.5,8.0,1.5,10.25],"tintindex":0,"rotation":0,"texture":"#0"},"south":{"uv":[4.25,8.0,6.0,10.25],"tintindex":0,"rotation":0,"texture":"#0"},"north":{"uv":[1.5,8.0,3.25,10.25],"tintindex":0,"rotation":0,"texture":"#0"},"west":{"uv":[3.25,8.0,4.25,10.25],"tintindex":0,"rotation":0,"texture":"#0"},"up":{"uv":[3.25,8.0,1.5,7.0],"tintindex":0,"rotation":0,"texture":"#0"},"down":{"uv":[5.0,7.0,3.25,8.0],"tintindex":0,"rotation":0,"texture":"#0"}}}],"display":{"gui":{"rotation":[30,225,0]}}}