{"textures":{"0":"modelengine:entity/arch_illager"},"elements":[{"from":[6.0,8.0,6.0],"to":[10.0,19.0,10.0],"faces":{"east":{"uv":[1.5,4.25,2.5,7.0],"tintindex":0,"rotation":0,"texture":"#0"},"south":{"uv":[4.5,4.25,5.5,7.0],"tintindex":0,"rotation":0,"texture":"#0"},"north":{"uv":[2.5,4.25,3.5,7.0],"tintindex":0,"rotation":0,"texture":"#0"},"west":{"uv":[3.5,4.25,4.5,7.0],"tintindex":0,"rotation":0,"texture":"#0"},"up":{"uv":[3.5,4.25,2.5,3.25],"tintindex":0,"rotation":0,"texture":"#0"},"down":{"uv":[4.5,3.25,3.5,4.25],"tintindex":0,"rotation":0,"texture":"#0"}}}],"display":{"gui":{"rotation":[30,225,0]}}}