{"textures":{"0":"modelengine:entity/arch_illager"},"elements":[{"from":[2.0,8.1,4.9],"to":[14.0,15.1,10.9],"faces":{"east":{"uv":[0.0,1.5,1.5,3.25],"tintindex":0,"rotation":0,"texture":"#0"},"south":{"uv":[6.0,1.5,9.0,3.25],"tintindex":0,"rotation":0,"texture":"#0"},"north":{"uv":[1.5,1.5,4.5,3.25],"tintindex":0,"rotation":0,"texture":"#0"},"west":{"uv":[4.5,1.5,6.0,3.25],"tintindex":0,"rotation":0,"texture":"#0"},"up":{"uv":[4.5,1.5,1.5,0.0],"tintindex":0,"rotation":0,"texture":"#0"},"down":{"uv":[7.5,0.0,4.5,1.5],"tintindex":0,"rotation":0,"texture":"#0"}}}],"display":{"gui":{"rotation":[30,225,0]}}}