{"textures":{"0":"modelengine:entity/arch_illager"},"elements":[{"from":[6.5,5.0,6.75],"to":[10.0,8.0,10.5],"faces":{"east":{"uv":[10.75,5.75,11.5,6.5],"tintindex":0,"rotation":0,"texture":"#0"},"south":{"uv":[13.0,5.75,13.75,6.5],"tintindex":0,"rotation":0,"texture":"#0"},"north":{"uv":[11.5,5.75,12.25,6.5],"tintindex":0,"rotation":0,"texture":"#0"},"west":{"uv":[12.25,5.75,13.0,6.5],"tintindex":0,"rotation":0,"texture":"#0"},"up":{"uv":[12.25,5.75,11.5,5.0],"tintindex":0,"rotation":0,"texture":"#0"},"down":{"uv":[13.0,5.0,12.25,5.75],"tintindex":0,"rotation":0,"texture":"#0"}}}],"display":{"gui":{"rotation":[30,225,0]}}}