{"textures":{"0":"modelengine:entity/arch_illager"},"elements":[{"from":[7.35,4.25,7.25],"to":[8.6,8.0,8.5],"faces":{"east":{"uv":[9.5,5.75,9.75,6.5],"tintindex":0,"rotation":0,"texture":"#0"},"south":{"uv":[10.25,5.75,10.5,6.5],"tintindex":0,"rotation":0,"texture":"#0"},"north":{"uv":[9.75,5.75,10.0,6.5],"tintindex":0,"rotation":0,"texture":"#0"},"west":{"uv":[10.0,5.75,10.25,6.5],"tintindex":0,"rotation":0,"texture":"#0"},"up":{"uv":[10.0,5.75,9.75,5.5],"tintindex":0,"rotation":0,"texture":"#0"},"down":{"uv":[10.25,5.5,10.0,5.75],"tintindex":0,"rotation":0,"texture":"#0"}}}],"display":{"gui":{"rotation":[30,225,0]}}}