{"textures":{"0":"modelengine:entity/arch_illager"},"elements":[{"from":[8.49167,6.29167,8.15],"to":[11.49167,10.29167,8.15],"faces":{"south":{"uv":[7.5,8.0,8.25,9.0],"tintindex":0,"rotation":0,"texture":"#0"},"north":{"uv":[6.75,8.0,7.5,9.0],"tintindex":0,"rotation":0,"texture":"#0"}}},{"from":[4.4916697,6.29167,8.15],"to":[7.49167,10.29167,8.15],"faces":{"south":{"uv":[8.25,8.0,7.5,9.0],"tintindex":0,"rotation":0,"texture":"#0"},"north":{"uv":[7.5,8.0,6.75,9.0],"tintindex":0,"rotation":0,"texture":"#0"}}},{"from":[6.89167,6.29167,7.2],"to":[9.14167,8.54167,8.2],"faces":{"east":{"uv":[6.75,9.75,7.0,10.25],"tintindex":0,"rotation":0,"texture":"#0"},"south":{"uv":[7.75,9.75,8.25,10.25],"tintindex":0,"rotation":0,"texture":"#0"},"north":{"uv":[7.0,9.75,7.5,10.25],"tintindex":0,"rotation":0,"texture":"#0"},"west":{"uv":[7.5,9.75,7.75,10.25],"tintindex":0,"rotation":0,"texture":"#0"},"up":{"uv":[7.5,9.75,7.0,9.5],"tintindex":0,"rotation":0,"texture":"#0"},"down":{"uv":[8.0,9.5,7.5,9.75],"tintindex":0,"rotation":0,"texture":"#0"}}}],"display":{"gui":{"rotation":[30,225,0]}}}