{"textures":{"0":"modelengine:entity/arch_illager"},"elements":[{"from":[7.0,4.0,7.0],"to":[9.0,8.0,8.0],"faces":{"east":{"uv":[0.0,3.5,0.25,4.5],"tintindex":0,"rotation":0,"texture":"#0"},"south":{"uv":[1.0,3.5,1.5,4.5],"tintindex":0,"rotation":0,"texture":"#0"},"north":{"uv":[0.25,3.5,0.75,4.5],"tintindex":0,"rotation":0,"texture":"#0"},"west":{"uv":[0.75,3.5,1.0,4.5],"tintindex":0,"rotation":0,"texture":"#0"},"up":{"uv":[0.75,3.5,0.25,3.25],"tintindex":0,"rotation":0,"texture":"#0"},"down":{"uv":[1.25,3.25,0.75,3.5],"tintindex":0,"rotation":0,"texture":"#0"}}}],"display":{"gui":{"rotation":[30,225,0]}}}