{"textures":{"0":"modelengine:entity/arch_illager"},"elements":[{"from":[5.625,5.625,5.625],"to":[10.375,10.375,10.375],"faces":{"east":{"uv":[4.0,11.25,5.0,12.25],"tintindex":0,"rotation":0,"texture":"#0"},"south":{"uv":[7.0,11.25,8.0,12.25],"tintindex":0,"rotation":0,"texture":"#0"},"north":{"uv":[5.0,11.25,6.0,12.25],"tintindex":0,"rotation":0,"texture":"#0"},"west":{"uv":[6.0,11.25,7.0,12.25],"tintindex":0,"rotation":0,"texture":"#0"},"up":{"uv":[6.0,11.25,5.0,10.25],"tintindex":0,"rotation":0,"texture":"#0"},"down":{"uv":[7.0,10.25,6.0,11.25],"tintindex":0,"rotation":0,"texture":"#0"}}}],"display":{"gui":{"rotation":[30,225,0]}}}