{"textures":{"0":"modelengine:entity/arch_illager"},"elements":[{"from":[5.66481,-3.7824097,6.95037],"to":[13.66481,12.21759,11.45037],"faces":{"east":{"uv":[9.0,1.0,10.0,5.0],"tintindex":0,"rotation":0,"texture":"#0"},"south":{"uv":[13.0,1.0,15.0,5.0],"tintindex":0,"rotation":0,"texture":"#0"},"north":{"uv":[10.0,1.0,12.0,5.0],"tintindex":0,"rotation":0,"texture":"#0"},"west":{"uv":[12.0,1.0,13.0,5.0],"tintindex":0,"rotation":0,"texture":"#0"},"up":{"uv":[12.0,1.0,10.0,0.0],"tintindex":0,"rotation":0,"texture":"#0"},"down":{"uv":[14.0,0.0,12.0,1.0],"tintindex":0,"rotation":0,"texture":"#0"}}}],"display":{"gui":{"rotation":[30,225,0]}}}