{"textures":{"0":"modelengine:entity/arch_illager"},"elements":[{"from":[7.5,-1.5,7.5],"to":[8.5,16.5,8.5],"faces":{"east":{"uv":[0.75,10.5,0.5,15.0],"tintindex":0,"rotation":0,"texture":"#0"},"south":{"uv":[1.0,10.5,0.75,15.0],"tintindex":0,"rotation":0,"texture":"#0"},"north":{"uv":[0.5,10.5,0.25,15.0],"tintindex":0,"rotation":0,"texture":"#0"},"west":{"uv":[0.25,10.5,0.0,15.0],"tintindex":0,"rotation":0,"texture":"#0"},"up":{"uv":[0.25,10.5,0.5,10.25],"tintindex":0,"rotation":0,"texture":"#0"},"down":{"uv":[0.5,10.25,0.75,10.5],"tintindex":0,"rotation":0,"texture":"#0"}}},{"from":[6.5,16.5,6.5],"to":[9.5,17.5,9.5],"faces":{"east":{"uv":[3.25,11.0,2.5,11.25],"tintindex":0,"rotation":0,"texture":"#0"},"south":{"uv":[4.0,11.0,3.25,11.25],"tintindex":0,"rotation":0,"texture":"#0"},"north":{"uv":[2.5,11.0,1.75,11.25],"tintindex":0,"rotation":0,"texture":"#0"},"west":{"uv":[1.75,11.0,1.0,11.25],"tintindex":0,"rotation":0,"texture":"#0"},"up":{"uv":[1.75,11.0,2.5,10.25],"tintindex":0,"rotation":0,"texture":"#0"},"down":{"uv":[2.5,10.25,3.25,11.0],"tintindex":0,"rotation":0,"texture":"#0"}}}],"display":{"gui":{"rotation":[30,225,0]}}}