{"textures":{"3":"modelengine:entity/yucbeast"},"elements":[{"from":[6.5,6.5,6.5],"to":[9.5,9.5,9.5],"faces":{"east":{"uv":[11.5,9.25,12.125,9.875],"tintindex":0,"rotation":0,"texture":"#3"},"south":{"uv":[13.375,9.25,14.0,9.875],"tintindex":0,"rotation":0,"texture":"#3"},"north":{"uv":[12.125,9.25,12.75,9.875],"tintindex":0,"rotation":0,"texture":"#3"},"west":{"uv":[12.75,9.25,13.375,9.875],"tintindex":0,"rotation":0,"texture":"#3"},"up":{"uv":[12.125,8.625,12.75,9.25],"tintindex":0,"rotation":0,"texture":"#3"},"down":{"uv":[12.75,8.625,13.375,9.25],"tintindex":0,"rotation":0,"texture":"#3"}}}],"display":{"gui":{"rotation":[30,225,0]}}}