{"textures":{"0":"modelengine:entity/flying_spirit"},"elements":[{"from":[5.0,5.0,5.0],"to":[12.0,11.0,11.0],"faces":{"east":{"uv":[0.0,0.0,6.0,6.0],"tintindex":0,"rotation":0,"texture":"#0"},"south":{"uv":[12.0,0.0,5.0,6.0],"tintindex":0,"rotation":0,"texture":"#0"},"north":{"uv":[5.0,0.0,12.0,6.0],"tintindex":0,"rotation":0,"texture":"#0"},"up":{"uv":[12.0,0.0,5.0,6.0],"tintindex":0,"rotation":0,"texture":"#0"},"down":{"uv":[12.0,6.0,5.0,0.0],"tintindex":0,"rotation":0,"texture":"#0"}}},{"from":[1.5,6.0,4.7],"to":[8.5,10.0,8.7],"faces":{"east":{"uv":[0.0,6.0,4.0,10.0],"tintindex":0,"rotation":0,"texture":"#0"},"south":{"uv":[11.0,6.0,4.0,10.0],"tintindex":0,"rotation":0,"texture":"#0"},"north":{"uv":[4.0,6.0,11.0,10.0],"tintindex":0,"rotation":0,"texture":"#0"},"up":{"uv":[11.0,6.0,4.0,10.0],"tintindex":0,"rotation":0,"texture":"#0"},"down":{"uv":[11.0,6.0,4.0,10.0],"tintindex":0,"rotation":0,"texture":"#0"}},"rotation":{"origin":[4.0,8.0,8.0],"angle":-22.5,"axis":"y"}}],"display":{"gui":{"rotation":[30,225,0]}}}