{"textures":{"1":"modelengine:entity/forest_spitit_totem_activated"},"elements":[{"from":[6.0,6.0,6.0],"to":[10.0,10.0,10.0],"faces":{"east":{"uv":[1.75,2.5,2.75,3.5],"tintindex":0,"rotation":0,"texture":"#1"},"south":{"uv":[1.75,2.5,2.75,3.5],"tintindex":0,"rotation":0,"texture":"#1"},"north":{"uv":[1.75,2.5,2.75,3.5],"tintindex":0,"rotation":0,"texture":"#1"},"west":{"uv":[1.75,2.5,2.75,3.5],"tintindex":0,"rotation":0,"texture":"#1"},"up":{"uv":[1.75,2.5,2.75,3.5],"tintindex":0,"rotation":180,"texture":"#1"},"down":{"uv":[1.75,2.5,2.75,3.5],"tintindex":0,"rotation":0,"texture":"#1"}}}],"display":{"gui":{"rotation":[30,225,0]}}}