{"textures":{"0":"modelengine:entity/mso_starfish"},"elements":[{"from":[1.9615717,7.0,3.9217253],"to":[6.9615717,9.0,6.9217253],"faces":{"east":{"uv":[3.0,9.5,4.5,10.5],"tintindex":0,"rotation":0,"texture":"#0"},"south":{"uv":[7.5,8.0,10.0,9.0],"tintindex":0,"rotation":0,"texture":"#0"},"north":{"uv":[0.0,8.0,2.5,9.0],"tintindex":0,"rotation":0,"texture":"#0"},"west":{"uv":[4.5,9.5,6.0,10.5],"tintindex":0,"rotation":0,"texture":"#0"},"up":{"uv":[7.5,7.5,5.0,6.0],"tintindex":0,"rotation":0,"texture":"#0"},"down":{"uv":[2.5,6.5,0.0,8.0],"tintindex":0,"rotation":0,"texture":"#0"}},"rotation":{"origin":[3.9615717,8.0,6.4217253],"angle":-22.5,"axis":"y"}},{"from":[11.961572,7.0,8.921725],"to":[16.96157,9.0,11.921725],"faces":{"east":{"uv":[8.0,9.0,9.5,10.0],"tintindex":0,"rotation":0,"texture":"#0"},"south":{"uv":[7.5,7.0,10.0,8.0],"tintindex":0,"rotation":0,"texture":"#0"},"north":{"uv":[7.5,6.0,10.0,7.0],"tintindex":0,"rotation":0,"texture":"#0"},"west":{"uv":[1.5,9.5,3.0,10.5],"tintindex":0,"rotation":0,"texture":"#0"},"up":{"uv":[7.5,6.0,5.0,4.5],"tintindex":0,"rotation":0,"texture":"#0"},"down":{"uv":[5.0,6.0,2.5,7.5],"tintindex":0,"rotation":0,"texture":"#0"}},"rotation":{"origin":[12.961572,8.0,6.4217253],"angle":-45.0,"axis":"y"}}],"display":{"gui":{"rotation":[30,225,0]}}}