{"textures":{"0":"modelengine:entity/mso_starfish"},"elements":[{"from":[9.038428,7.0,3.9217253],"to":[14.038428,9.0,6.9217253],"faces":{"east":{"uv":[9.0,3.0,10.5,4.0],"tintindex":0,"rotation":0,"texture":"#0"},"south":{"uv":[7.5,5.0,10.0,6.0],"tintindex":0,"rotation":0,"texture":"#0"},"north":{"uv":[5.0,7.5,7.5,8.5],"tintindex":0,"rotation":0,"texture":"#0"},"west":{"uv":[6.5,9.0,8.0,10.0],"tintindex":0,"rotation":0,"texture":"#0"},"up":{"uv":[7.5,3.0,5.0,1.5],"tintindex":0,"rotation":0,"texture":"#0"},"down":{"uv":[7.5,3.0,5.0,4.5],"tintindex":0,"rotation":0,"texture":"#0"}},"rotation":{"origin":[12.038428,8.0,6.4217253],"angle":22.5,"axis":"y"}},{"from":[-0.9615717,7.0,8.921725],"to":[4.0384283,9.0,11.921725],"faces":{"east":{"uv":[9.0,1.0,10.5,2.0],"tintindex":0,"rotation":0,"texture":"#0"},"south":{"uv":[7.5,4.0,10.0,5.0],"tintindex":0,"rotation":0,"texture":"#0"},"north":{"uv":[2.5,7.5,5.0,8.5],"tintindex":0,"rotation":0,"texture":"#0"},"west":{"uv":[9.0,2.0,10.5,3.0],"tintindex":0,"rotation":0,"texture":"#0"},"up":{"uv":[2.5,6.5,0.0,5.0],"tintindex":0,"rotation":0,"texture":"#0"},"down":{"uv":[7.5,0.0,5.0,1.5],"tintindex":0,"rotation":0,"texture":"#0"}},"rotation":{"origin":[3.0384283,8.0,6.4217253],"angle":45.0,"axis":"y"}}],"display":{"gui":{"rotation":[30,225,0]}}}