{"textures":{"0":"modelengine:entity/mso_starfish"},"elements":[{"from":[6.5,7.0,2.0],"to":[9.5,9.0,6.0],"faces":{"east":{"uv":[2.5,8.5,4.5,9.5],"tintindex":0,"rotation":0,"texture":"#0"},"south":{"uv":[9.0,0.0,10.5,1.0],"tintindex":0,"rotation":0,"texture":"#0"},"north":{"uv":[0.0,9.0,1.5,10.0],"tintindex":0,"rotation":0,"texture":"#0"},"west":{"uv":[4.5,8.5,6.5,9.5],"tintindex":0,"rotation":0,"texture":"#0"},"up":{"uv":[9.0,2.0,7.5,0.0],"tintindex":0,"rotation":0,"texture":"#0"},"down":{"uv":[9.0,2.0,7.5,4.0],"tintindex":0,"rotation":0,"texture":"#0"}}}],"display":{"gui":{"rotation":[30,225,0]}}}