{"textures":{"0":"modelengine:entity/mso_starfish"},"elements":[{"from":[10.0,6.9,6.5],"to":[15.0,9.9,11.5],"faces":{"east":{"uv":[2.5,1.5,5.0,3.0],"tintindex":0,"rotation":0,"texture":"#0"},"south":{"uv":[2.5,3.0,5.0,4.5],"tintindex":0,"rotation":0,"texture":"#0"},"north":{"uv":[2.5,0.0,5.0,1.5],"tintindex":0,"rotation":0,"texture":"#0"},"west":{"uv":[2.5,4.5,5.0,6.0],"tintindex":0,"rotation":0,"texture":"#0"},"up":{"uv":[2.5,2.5,0.0,0.0],"tintindex":0,"rotation":0,"texture":"#0"},"down":{"uv":[2.5,2.5,0.0,5.0],"tintindex":0,"rotation":0,"texture":"#0"}}}],"display":{"gui":{"rotation":[30,225,0]}}}