{
 "custom.airships.airshipcrash": {
  "sounds": [
   "custom/airships/airshipcrash"
  ]
 },
 "custom.airships.airshipfalling": {
  "sounds": [
   "custom/airships/airshipfalling"
  ]
 },
 "custom.airships.airshipfspeed1": {
  "sounds": [
   "custom/airships/airshipfspeed1"
  ]
 },
 "custom.airships.airshipfspeed2": {
  "sounds": [
   "custom/airships/airshipfspeed2"
  ]
 },
 "custom.airships.airshipidle1": {
  "sounds": [
   "custom/airships/airshipidle1"
  ]
 },
 "custom.airships.airshipidle2": {
  "sounds": [
   "custom/airships/airshipidle2"
  ]
 },
 "custom.airships.airshipnspeed1": {
  "sounds": [
   "custom/airships/airshipnspeed1"
  ]
 },
 "custom.airships.airshipnspeed2": {
  "sounds": [
   "custom/airships/airshipnspeed2"
  ]
 },
 "custom.airships.airshipturnf1": {
  "sounds": [
   "custom/airships/airshipturnf1"
  ]
 },
 "custom.airships.airshipturnf2": {
  "sounds": [
   "custom/airships/airshipturnf2"
  ]
 },
 "custom.airships.airshipturnn1": {
  "sounds": [
   "custom/airships/airshipturnn1"
  ]
 },
 "custom.airships.airshipturnn2": {
  "sounds": [
   "custom/airships/airshipturnn2"
  ]
 },
 "custom.airships.bertha": {
  "sounds": [
   "custom/airships/bertha"
  ]
 },
 "custom.airships.bombexplo": {
  "sounds": [
   "custom/airships/bombexplo"
  ]
 },
 "custom.airships.bombfall": {
  "sounds": [
   "custom/airships/bombfall"
  ]
 },
 "custom.airships.bombreload": {
  "sounds": [
   "custom/airships/bombreload"
  ]
 },
 "custom.airships.gatling1": {
  "sounds": [
   "custom/airships/gatling1"
  ]
 },
 "custom.airships.gatling2": {
  "sounds": [
   "custom/airships/gatling2"
  ]
 },
 "custom.airships.gatlingreload": {
  "sounds": [
   "custom/airships/gatlingreload"
  ]
 },
 "custom.airships.harpoonhit": {
  "sounds": [
   "custom/airships/harpoonhit"
  ]
 },
 "custom.airships.harpoonshoot": {
  "sounds": [
   "custom/airships/harpoonshoot"
  ]
 },
 "custom.airships.parachutetakeoff": {
  "sounds": [
   "custom/airships/parachutetakeoff"
  ]
 },
 "custom.airships.refuel": {
  "sounds": [
   "custom/airships/refuel"
  ]
 },
 "custom.airships.reloadbertha": {
  "sounds": [
   "custom/airships/reloadbertha"
  ]
 },
 "custom.airships.repairkit": {
  "sounds": [
   "custom/airships/repairkit"
  ]
 },
 "custom.airships.revolver": {
  "sounds": [
   "custom/airships/revolver"
  ]
 },
 "custom.airships.winchester": {
  "sounds": [
   "custom/airships/winchester"
  ]
 },
 "custom.airships.airshipdamage": {
  "sounds": [
   "custom/airships/airshipdamage"
  ]
 },
 "custom.airships.parachutefall": {
  "sounds": [
   "custom/airships/parachutefall"
  ]
 }
}