{"textures":{"0":"modelengine:entity/copper_golem_2"},"elements":[{"from":[3.4503903,5.153047,5.420234],"to":[11.262969,10.8858595,10.293125],"faces":{"east":{"uv":[0.0,4.25,1.0,5.5],"tintindex":0,"rotation":0,"texture":"#0"},"south":{"uv":[3.75,4.25,5.5,5.5],"tintindex":0,"rotation":0,"texture":"#0"},"north":{"uv":[1.0,4.25,2.75,5.5],"tintindex":0,"rotation":0,"texture":"#0"},"west":{"uv":[2.75,4.25,3.75,5.5],"tintindex":0,"rotation":0,"texture":"#0"},"up":{"uv":[2.75,4.25,1.0,3.25],"tintindex":0,"rotation":0,"texture":"#0"},"down":{"uv":[4.5,3.25,2.75,4.25],"tintindex":0,"rotation":0,"texture":"#0"}}}],"display":{"gui":{"rotation":[30,225,0]}}}