{"textures":{"0":"modelengine:entity/copper_golem_2"},"elements":[{"from":[7.140078,12.37289,7.1767187],"to":[8.859922,14.952657,8.896563],"faces":{"east":{"uv":[5.5,6.0,5.75,6.5],"tintindex":0,"rotation":0,"texture":"#0"},"south":{"uv":[6.25,6.0,6.5,6.5],"tintindex":0,"rotation":0,"texture":"#0"},"north":{"uv":[5.75,6.0,6.0,6.5],"tintindex":0,"rotation":0,"texture":"#0"},"west":{"uv":[6.0,6.0,6.25,6.5],"tintindex":0,"rotation":0,"texture":"#0"},"up":{"uv":[6.0,6.0,5.75,5.75],"tintindex":0,"rotation":0,"texture":"#0"},"down":{"uv":[6.25,5.75,6.0,6.0],"tintindex":0,"rotation":0,"texture":"#0"}}},{"from":[5.9935155,14.952657,6.316797],"to":[10.006485,17.532421,9.756485],"faces":{"east":{"uv":[0.0,6.25,0.75,6.75],"tintindex":0,"rotation":0,"texture":"#0"},"south":{"uv":[2.5,6.25,3.5,6.75],"tintindex":0,"rotation":0,"texture":"#0"},"north":{"uv":[0.75,6.25,1.75,6.75],"tintindex":0,"rotation":0,"texture":"#0"},"west":{"uv":[1.75,6.25,2.5,6.75],"tintindex":0,"rotation":0,"texture":"#0"},"up":{"uv":[1.75,6.25,0.75,5.5],"tintindex":0,"rotation":0,"texture":"#0"},"down":{"uv":[2.75,5.5,1.75,6.25],"tintindex":0,"rotation":0,"texture":"#0"}}},{"from":[6.8534374,6.4935155,12.04961],"to":[9.146563,9.359921,14.056094],"faces":{"east":{"uv":[5.5,5.25,6.0,5.75],"tintindex":0,"rotation":0,"texture":"#0"},"south":{"uv":[7.0,5.25,7.5,5.75],"tintindex":0,"rotation":0,"texture":"#0"},"north":{"uv":[6.0,5.25,6.5,5.75],"tintindex":0,"rotation":0,"texture":"#0"},"west":{"uv":[6.5,5.25,7.0,5.75],"tintindex":0,"rotation":0,"texture":"#0"},"up":{"uv":[6.5,5.25,6.0,4.75],"tintindex":0,"rotation":0,"texture":"#0"},"down":{"uv":[7.0,4.75,6.5,5.25],"tintindex":0,"rotation":0,"texture":"#0"}}},{"from":[3.9137497,7.6400776,3.987031],"to":[12.08625,12.659532,12.04961],"faces":{"east":{"uv":[0.0,2.0,2.0,3.25],"tintindex":0,"rotation":0,"texture":"#0"},"south":{"uv":[6.0,2.0,8.0,3.25],"tintindex":0,"rotation":0,"texture":"#0"},"north":{"uv":[2.0,2.0,4.0,3.25],"tintindex":0,"rotation":0,"texture":"#0"},"west":{"uv":[4.0,2.0,6.0,3.25],"tintindex":0,"rotation":0,"texture":"#0"},"up":{"uv":[4.0,0.0,2.0,2.0],"tintindex":0,"rotation":0,"texture":"#0"},"down":{"uv":[6.0,2.0,4.0,0.0],"tintindex":0,"rotation":0,"texture":"#0"}}}],"display":{"gui":{"rotation":[30,225,0]}}}