{"textures":{"0":"modelengine:entity/copper_golem_2"},"elements":[{"from":[5.670234,0.2607026,6.566797],"to":[7.6767187,8.859921,9.146563],"faces":{"east":{"uv":[5.0,6.0,4.5,8.0],"tintindex":0,"rotation":0,"texture":"#0"},"south":{"uv":[5.5,6.0,5.0,8.0],"tintindex":0,"rotation":0,"texture":"#0"},"north":{"uv":[4.5,6.0,4.0,8.0],"tintindex":0,"rotation":0,"texture":"#0"},"west":{"uv":[4.0,6.0,3.5,8.0],"tintindex":0,"rotation":0,"texture":"#0"},"up":{"uv":[4.0,6.0,4.5,5.5],"tintindex":0,"rotation":0,"texture":"#0"},"down":{"uv":[4.5,5.5,5.0,6.0],"tintindex":0,"rotation":0,"texture":"#0"}}}],"display":{"gui":{"rotation":[30,225,0]}}}