{"textures":{"0":"modelengine:entity/copper_golem_2"},"elements":[{"from":[8.0,0.2607031,6.566797],"to":[10.293125,8.859922,9.146563],"faces":{"east":{"uv":[3.5,6.0,4.0,8.0],"tintindex":0,"rotation":0,"texture":"#0"},"south":{"uv":[5.0,6.0,5.5,8.0],"tintindex":0,"rotation":0,"texture":"#0"},"north":{"uv":[4.0,6.0,4.5,8.0],"tintindex":0,"rotation":0,"texture":"#0"},"west":{"uv":[4.5,6.0,5.0,8.0],"tintindex":0,"rotation":0,"texture":"#0"},"up":{"uv":[4.5,6.0,4.0,5.5],"tintindex":0,"rotation":0,"texture":"#0"},"down":{"uv":[5.0,5.5,4.5,6.0],"tintindex":0,"rotation":0,"texture":"#0"}}}],"display":{"gui":{"rotation":[30,225,0]}}}