{"textures":{"0":"modelengine:entity/vote_iceologer"},"elements":[{"from":[3.75,7.0,3.75],"to":[12.25,18.25,12.25],"faces":{"east":{"uv":[3.5,0.0,4.625,1.375],"tintindex":0,"rotation":0,"texture":"#0"},"south":{"uv":[3.625,1.375,4.75,2.75],"tintindex":0,"rotation":0,"texture":"#0"},"north":{"uv":[2.5,2.5,3.625,3.875],"tintindex":0,"rotation":0,"texture":"#0"},"west":{"uv":[3.625,2.75,4.75,4.125],"tintindex":0,"rotation":0,"texture":"#0"},"up":{"uv":[5.625,5.25,4.5,4.125],"tintindex":0,"rotation":0,"texture":"#0"},"down":{"uv":[5.75,0.0,4.625,1.125],"tintindex":0,"rotation":0,"texture":"#0"}}},{"from":[4.0,8.0,4.0],"to":[12.0,18.0,12.0],"faces":{"east":{"uv":[4.75,2.375,5.75,3.625],"tintindex":0,"rotation":0,"texture":"#0"},"south":{"uv":[0.0,5.0,1.0,6.25],"tintindex":0,"rotation":0,"texture":"#0"},"north":{"uv":[4.75,1.125,5.75,2.375],"tintindex":0,"rotation":0,"texture":"#0"},"west":{"uv":[1.0,5.0,2.0,6.25],"tintindex":0,"rotation":0,"texture":"#0"},"up":{"uv":[3.0,6.375,2.0,5.375],"tintindex":0,"rotation":0,"texture":"#0"},"down":{"uv":[4.0,5.625,3.0,6.625],"tintindex":0,"rotation":0,"texture":"#0"}}},{"from":[7.0,7.0,2.0],"to":[9.0,11.0,4.0],"faces":{"east":{"uv":[6.25,3.0,6.5,3.5],"tintindex":0,"rotation":0,"texture":"#0"},"south":{"uv":[5.625,6.75,5.875,7.25],"tintindex":0,"rotation":0,"texture":"#0"},"north":{"uv":[5.25,3.625,5.5,4.125],"tintindex":0,"rotation":0,"texture":"#0"},"west":{"uv":[7.0,5.75,7.25,6.25],"tintindex":0,"rotation":0,"texture":"#0"},"up":{"uv":[7.375,3.75,7.125,3.5],"tintindex":0,"rotation":0,"texture":"#0"},"down":{"uv":[7.375,3.75,7.125,4.0],"tintindex":0,"rotation":0,"texture":"#0"}}}],"display":{"gui":{"rotation":[30,225,0]}}}