{"textures":{"0":"modelengine:entity/stone_golem"},"elements":[{"from":[-1.0,6.167536,0.9164057],"to":[17.0,17.167536,12.916406],"faces":{"east":{"uv":[4.25,3.0,5.75,4.375],"tintindex":0,"rotation":0,"texture":"#0"},"south":{"uv":[2.375,1.5,4.625,2.875],"tintindex":0,"rotation":0,"texture":"#0"},"north":{"uv":[2.375,0.0,4.625,1.375],"tintindex":0,"rotation":0,"texture":"#0"},"west":{"uv":[1.875,4.5,3.375,5.875],"tintindex":0,"rotation":0,"texture":"#0"},"up":{"uv":[2.25,1.5,0.0,0.0],"tintindex":0,"rotation":0,"texture":"#0"},"down":{"uv":[2.25,1.625,0.0,3.125],"tintindex":0,"rotation":0,"texture":"#0"}},"rotation":{"origin":[8.0,9.905228,3.7372484],"angle":-22.5,"axis":"x"}}],"display":{"gui":{"rotation":[30,225,0]}}}