{"textures":{"0":"modelengine:entity/stone_golem"},"elements":[{"from":[2.9848351,14.541811,10.10108],"to":[12.984835,14.541811,13.10108],"faces":{"up":{"uv":[11.75,1.625,10.5,1.25],"tintindex":0,"rotation":0,"texture":"#0"},"down":{"uv":[11.75,1.25,10.5,1.625],"tintindex":0,"rotation":0,"texture":"#0"}},"rotation":{"origin":[7.984835,-0.69477844,6.0996313],"angle":-45.0,"axis":"x"}},{"from":[0.40084982,13.959272,0.27580023],"to":[3.4008498,13.959272,9.2758],"faces":{"up":{"uv":[4.125,11.75,4.5,10.625],"tintindex":0,"rotation":0,"texture":"#0"},"down":{"uv":[4.125,10.625,4.5,11.75],"tintindex":0,"rotation":0,"texture":"#0"}},"rotation":{"origin":[7.984835,-0.69477844,6.0996313],"angle":-45.0,"axis":"z"}},{"from":[2.9848351,12.6706295,-2.7739973],"to":[12.984835,12.6706295,0.2260027],"faces":{"up":{"uv":[1.25,11.0,0.0,10.625],"tintindex":0,"rotation":0,"texture":"#0"},"down":{"uv":[1.25,10.625,0.0,11.0],"tintindex":0,"rotation":0,"texture":"#0"}},"rotation":{"origin":[7.984835,-0.69477844,6.0996313],"angle":45.0,"axis":"x"}},{"from":[4.841638,15.030596,1.7493277],"to":[9.841639,18.030596,1.7493277],"faces":{"south":{"uv":[6.875,2.5,6.25,2.875],"tintindex":0,"rotation":0,"texture":"#0"},"north":{"uv":[6.25,2.5,6.875,2.875],"tintindex":0,"rotation":0,"texture":"#0"}},"rotation":{"origin":[7.984835,-0.69477844,6.0996313],"angle":-45.0,"axis":"y"}},{"from":[12.568821,13.959272,0.27580023],"to":[15.568821,13.959272,9.2758],"faces":{"up":{"uv":[4.5,11.75,4.125,10.625],"tintindex":0,"rotation":0,"texture":"#0"},"down":{"uv":[4.5,10.625,4.125,11.75],"tintindex":0,"rotation":0,"texture":"#0"}},"rotation":{"origin":[7.984835,-0.69477844,6.0996313],"angle":45.0,"axis":"z"}},{"from":[2.9848351,15.030596,6.2757998],"to":[7.984835,19.030596,6.2757998],"faces":{"south":{"uv":[7.25,5.375,6.625,5.875],"tintindex":0,"rotation":0,"texture":"#0"},"north":{"uv":[6.625,5.375,7.25,5.875],"tintindex":0,"rotation":0,"texture":"#0"}}},{"from":[2.9848351,8.030596,0.27580023],"to":[12.984835,15.030596,9.2758],"faces":{"east":{"uv":[8.75,0.0,9.875,0.875],"tintindex":0,"rotation":0,"texture":"#0"},"south":{"uv":[8.625,6.625,9.875,7.5],"tintindex":0,"rotation":0,"texture":"#0"},"north":{"uv":[5.75,8.5,7.0,9.375],"tintindex":0,"rotation":0,"texture":"#0"},"west":{"uv":[8.75,2.25,9.875,3.125],"tintindex":0,"rotation":0,"texture":"#0"},"up":{"uv":[7.5,2.375,6.25,1.25],"tintindex":0,"rotation":0,"texture":"#0"},"down":{"uv":[7.875,4.125,6.625,5.25],"tintindex":0,"rotation":0,"texture":"#0"}}}],"display":{"gui":{"rotation":[30,225,0]}}}