{"textures":{"0":"modelengine:entity/stone_golem"},"elements":[{"from":[2.0,3.0,1.0],"to":[14.0,9.0,9.0],"faces":{"east":{"uv":[9.625,3.25,10.625,4.0],"tintindex":0,"rotation":0,"texture":"#0"},"south":{"uv":[8.0,3.75,9.5,4.5],"tintindex":0,"rotation":0,"texture":"#0"},"north":{"uv":[7.625,1.375,9.125,2.125],"tintindex":0,"rotation":0,"texture":"#0"},"west":{"uv":[3.0,9.875,4.0,10.625],"tintindex":0,"rotation":0,"texture":"#0"},"up":{"uv":[7.375,4.0,5.875,3.0],"tintindex":0,"rotation":0,"texture":"#0"},"down":{"uv":[1.5,6.0,0.0,7.0],"tintindex":0,"rotation":0,"texture":"#0"}}}],"display":{"gui":{"rotation":[30,225,0]}}}