{"textures":{"0":"modelengine:entity/stone_golem"},"elements":[{"from":[3.0,-0.5,3.5],"to":[13.0,8.5,12.5],"faces":{"east":{"uv":[0.0,7.125,1.125,8.25],"tintindex":0,"rotation":0,"texture":"#0"},"south":{"uv":[4.75,6.0,6.0,7.125],"tintindex":0,"rotation":0,"texture":"#0"},"north":{"uv":[1.625,6.0,2.875,7.125],"tintindex":0,"rotation":0,"texture":"#0"},"west":{"uv":[1.25,7.25,2.375,8.375],"tintindex":0,"rotation":0,"texture":"#0"},"up":{"uv":[7.375,7.125,6.125,6.0],"tintindex":0,"rotation":0,"texture":"#0"},"down":{"uv":[7.5,0.0,6.25,1.125],"tintindex":0,"rotation":0,"texture":"#0"}}}],"display":{"gui":{"rotation":[30,225,0]}}}