{"textures":{"0":"modelengine:entity/stone_golem"},"elements":[{"from":[4.0,4.796237,9.714304],"to":[12.0,14.796237,16.714304],"faces":{"east":{"uv":[3.75,8.5,4.625,9.75],"tintindex":0,"rotation":0,"texture":"#0"},"south":{"uv":[7.625,0.0,8.625,1.25],"tintindex":0,"rotation":0,"texture":"#0"},"north":{"uv":[7.5,6.625,8.5,7.875],"tintindex":0,"rotation":0,"texture":"#0"},"west":{"uv":[4.75,8.5,5.625,9.75],"tintindex":0,"rotation":0,"texture":"#0"},"up":{"uv":[9.75,5.5,8.75,4.625],"tintindex":0,"rotation":0,"texture":"#0"},"down":{"uv":[9.75,5.625,8.75,6.5],"tintindex":0,"rotation":0,"texture":"#0"}},"rotation":{"origin":[13.0,17.075642,2.920824],"angle":45.0,"axis":"x"}}],"display":{"gui":{"rotation":[30,225,0]}}}