{"textures":{"0":"modelengine:entity/stone_golem"},"elements":[{"from":[2.5,1.9694347,5.7612257],"to":[13.5,4.9694347,16.761227],"faces":{"east":{"uv":[10.375,9.625,11.75,10.0],"tintindex":0,"rotation":0,"texture":"#0"},"south":{"uv":[10.125,10.375,11.5,10.75],"tintindex":0,"rotation":0,"texture":"#0"},"north":{"uv":[10.375,9.125,11.75,9.5],"tintindex":0,"rotation":0,"texture":"#0"},"west":{"uv":[10.5,0.75,11.875,1.125],"tintindex":0,"rotation":0,"texture":"#0"},"up":{"uv":[6.125,1.375,4.75,0.0],"tintindex":0,"rotation":0,"texture":"#0"},"down":{"uv":[6.125,1.5,4.75,2.875],"tintindex":0,"rotation":0,"texture":"#0"}},"rotation":{"origin":[21.5,12.333126,8.673431],"angle":45.0,"axis":"x"}},{"from":[3.5,4.9694347,6.761226],"to":[12.5,8.969435,15.761227],"faces":{"east":{"uv":[10.0,8.5,11.125,9.0],"tintindex":0,"rotation":0,"texture":"#0"},"south":{"uv":[7.625,10.375,8.75,10.875],"tintindex":0,"rotation":0,"texture":"#0"},"north":{"uv":[10.0,7.875,11.125,8.375],"tintindex":0,"rotation":0,"texture":"#0"},"west":{"uv":[8.875,10.375,10.0,10.875],"tintindex":0,"rotation":0,"texture":"#0"},"up":{"uv":[3.625,8.375,2.5,7.25],"tintindex":0,"rotation":0,"texture":"#0"},"down":{"uv":[4.875,7.25,3.75,8.375],"tintindex":0,"rotation":0,"texture":"#0"}},"rotation":{"origin":[21.5,12.333126,8.673431],"angle":45.0,"axis":"x"}},{"from":[3.5,-4.0305653,6.761226],"to":[12.5,1.9694347,15.761227],"faces":{"east":{"uv":[8.75,8.5,9.875,9.25],"tintindex":0,"rotation":0,"texture":"#0"},"south":{"uv":[7.125,9.125,8.25,9.875],"tintindex":0,"rotation":0,"texture":"#0"},"north":{"uv":[8.75,7.625,9.875,8.375],"tintindex":0,"rotation":0,"texture":"#0"},"west":{"uv":[9.25,1.0,10.375,1.75],"tintindex":0,"rotation":0,"texture":"#0"},"up":{"uv":[6.125,8.375,5.0,7.25],"tintindex":0,"rotation":0,"texture":"#0"},"down":{"uv":[7.375,7.25,6.25,8.375],"tintindex":0,"rotation":0,"texture":"#0"}},"rotation":{"origin":[21.5,12.333126,8.673431],"angle":45.0,"axis":"x"}}],"display":{"gui":{"rotation":[30,225,0]}}}