{"textures":{"0":"modelengine:entity/stone_golem"},"elements":[{"from":[6.395792,12.469044,7.6544943],"to":[12.395792,19.469044,7.6544943],"faces":{"south":{"uv":[7.5,10.0,6.75,10.875],"tintindex":0,"rotation":0,"texture":"#0"},"north":{"uv":[6.75,10.0,7.5,10.875],"tintindex":0,"rotation":0,"texture":"#0"}},"rotation":{"origin":[18.226582,1.3000507,6.801845],"angle":22.5,"axis":"z"}},{"from":[0.22658062,1.3752728,3.6544943],"to":[9.226581,9.375273,12.654494],"faces":{"east":{"uv":[0.0,8.375,1.125,9.375],"tintindex":0,"rotation":0,"texture":"#0"},"south":{"uv":[1.25,8.5,2.375,9.5],"tintindex":0,"rotation":0,"texture":"#0"},"north":{"uv":[7.5,8.0,8.625,9.0],"tintindex":0,"rotation":0,"texture":"#0"},"west":{"uv":[2.5,8.5,3.625,9.5],"tintindex":0,"rotation":0,"texture":"#0"},"up":{"uv":[8.625,3.625,7.5,2.5],"tintindex":0,"rotation":0,"texture":"#0"},"down":{"uv":[8.625,5.375,7.5,6.5],"tintindex":0,"rotation":0,"texture":"#0"}}},{"from":[0.22658062,-2.128353,16.649338],"to":[9.226581,2.871647,16.649338],"faces":{"south":{"uv":[10.0,6.125,11.125,6.75],"tintindex":0,"rotation":0,"texture":"#0"},"north":{"uv":[11.125,6.125,10.0,6.75],"tintindex":0,"rotation":0,"texture":"#0"}},"rotation":{"origin":[18.226582,1.3000507,6.801845],"angle":-45.0,"axis":"x"}},{"from":[6.208703,19.737015,3.6544943],"to":[11.208702,19.737015,12.654494],"faces":{"up":{"uv":[10.5,6.0,9.875,4.875],"tintindex":0,"rotation":0,"texture":"#0"},"down":{"uv":[10.5,4.875,9.875,6.0],"tintindex":0,"rotation":0,"texture":"#0"}},"rotation":{"origin":[18.226582,1.3000507,6.801845],"angle":45.0,"axis":"z"}},{"from":[0.22658062,-0.21541786,-1.1337128],"to":[9.226581,4.784582,-1.1337128],"faces":{"south":{"uv":[5.25,9.875,4.125,10.5],"tintindex":0,"rotation":0,"texture":"#0"},"north":{"uv":[4.125,9.875,5.25,10.5],"tintindex":0,"rotation":0,"texture":"#0"}},"rotation":{"origin":[18.226582,1.3000507,6.801845],"angle":45.0,"axis":"x"}},{"from":[1.2265806,-3.7207413,4.5175123],"to":[8.226581,3.2792587,11.517512],"faces":{"east":{"uv":[9.375,9.375,10.25,10.25],"tintindex":0,"rotation":0,"texture":"#0"},"south":{"uv":[0.0,9.5,0.875,10.375],"tintindex":0,"rotation":0,"texture":"#0"},"north":{"uv":[8.375,9.375,9.25,10.25],"tintindex":0,"rotation":0,"texture":"#0"},"west":{"uv":[5.75,9.5,6.625,10.375],"tintindex":0,"rotation":0,"texture":"#0"},"up":{"uv":[1.875,10.5,1.0,9.625],"tintindex":0,"rotation":0,"texture":"#0"},"down":{"uv":[2.875,9.625,2.0,10.5],"tintindex":0,"rotation":0,"texture":"#0"}},"rotation":{"origin":[18.226582,1.3000507,6.801845],"angle":22.5,"axis":"x"}}],"display":{"gui":{"rotation":[30,225,0]}}}