{"textures":{"0":"modelengine:entity/stone_golem"},"elements":[{"from":[3.5,4.9694347,6.761226],"to":[12.5,8.969435,15.761227],"faces":{"east":{"uv":[10.0,10.375,8.875,10.875],"tintindex":0,"rotation":0,"texture":"#0"},"south":{"uv":[8.75,10.375,7.625,10.875],"tintindex":0,"rotation":0,"texture":"#0"},"north":{"uv":[11.125,7.875,10.0,8.375],"tintindex":0,"rotation":0,"texture":"#0"},"west":{"uv":[11.125,8.5,10.0,9.0],"tintindex":0,"rotation":0,"texture":"#0"},"up":{"uv":[2.5,8.375,3.625,7.25],"tintindex":0,"rotation":0,"texture":"#0"},"down":{"uv":[3.75,7.25,4.875,8.375],"tintindex":0,"rotation":0,"texture":"#0"}},"rotation":{"origin":[-5.5,12.333126,8.673431],"angle":45.0,"axis":"x"}},{"from":[3.5,-4.0305653,6.761226],"to":[12.5,1.9694347,15.761227],"faces":{"east":{"uv":[10.375,1.0,9.25,1.75],"tintindex":0,"rotation":0,"texture":"#0"},"south":{"uv":[8.25,9.125,7.125,9.875],"tintindex":0,"rotation":0,"texture":"#0"},"north":{"uv":[9.875,7.625,8.75,8.375],"tintindex":0,"rotation":0,"texture":"#0"},"west":{"uv":[9.875,8.5,8.75,9.25],"tintindex":0,"rotation":0,"texture":"#0"},"up":{"uv":[5.0,8.375,6.125,7.25],"tintindex":0,"rotation":0,"texture":"#0"},"down":{"uv":[6.25,7.25,7.375,8.375],"tintindex":0,"rotation":0,"texture":"#0"}},"rotation":{"origin":[-5.5,12.333126,8.673431],"angle":45.0,"axis":"x"}},{"from":[2.5,1.9694347,5.7612257],"to":[13.5,4.9694347,16.761227],"faces":{"east":{"uv":[11.875,0.75,10.5,1.125],"tintindex":0,"rotation":0,"texture":"#0"},"south":{"uv":[11.5,10.375,10.125,10.75],"tintindex":0,"rotation":0,"texture":"#0"},"north":{"uv":[11.75,9.125,10.375,9.5],"tintindex":0,"rotation":0,"texture":"#0"},"west":{"uv":[11.75,9.625,10.375,10.0],"tintindex":0,"rotation":0,"texture":"#0"},"up":{"uv":[4.75,1.375,6.125,0.0],"tintindex":0,"rotation":0,"texture":"#0"},"down":{"uv":[4.75,1.5,6.125,2.875],"tintindex":0,"rotation":0,"texture":"#0"}},"rotation":{"origin":[-5.5,12.333126,8.673431],"angle":45.0,"axis":"x"}}],"display":{"gui":{"rotation":[30,225,0]}}}