{"textures":{"0":"modelengine:entity/stone_golem"},"elements":[{"from":[3.0,-0.5,3.5],"to":[13.0,8.5,12.5],"faces":{"east":{"uv":[2.375,7.25,1.25,8.375],"tintindex":0,"rotation":0,"texture":"#0"},"south":{"uv":[6.0,6.0,4.75,7.125],"tintindex":0,"rotation":0,"texture":"#0"},"north":{"uv":[2.875,6.0,1.625,7.125],"tintindex":0,"rotation":0,"texture":"#0"},"west":{"uv":[1.125,7.125,0.0,8.25],"tintindex":0,"rotation":0,"texture":"#0"},"up":{"uv":[6.125,7.125,7.375,6.0],"tintindex":0,"rotation":0,"texture":"#0"},"down":{"uv":[6.25,0.0,7.5,1.125],"tintindex":0,"rotation":0,"texture":"#0"}}}],"display":{"gui":{"rotation":[30,225,0]}}}