{"textures":{"0":"modelengine:entity/stone_golem"},"elements":[{"from":[7.7734194,-3.7207413,4.5175123],"to":[14.773419,3.2792587,11.517512],"faces":{"east":{"uv":[6.625,9.5,5.75,10.375],"tintindex":0,"rotation":0,"texture":"#0"},"south":{"uv":[0.875,9.5,0.0,10.375],"tintindex":0,"rotation":0,"texture":"#0"},"north":{"uv":[9.25,9.375,8.375,10.25],"tintindex":0,"rotation":0,"texture":"#0"},"west":{"uv":[10.25,9.375,9.375,10.25],"tintindex":0,"rotation":0,"texture":"#0"},"up":{"uv":[1.0,10.5,1.875,9.625],"tintindex":0,"rotation":0,"texture":"#0"},"down":{"uv":[2.0,9.625,2.875,10.5],"tintindex":0,"rotation":0,"texture":"#0"}},"rotation":{"origin":[-2.2265806,1.3000507,6.801845],"angle":22.5,"axis":"x"}},{"from":[6.7734194,1.3752728,3.6544943],"to":[15.773419,9.375273,12.654494],"faces":{"east":{"uv":[3.625,8.5,2.5,9.5],"tintindex":0,"rotation":0,"texture":"#0"},"south":{"uv":[2.375,8.5,1.25,9.5],"tintindex":0,"rotation":0,"texture":"#0"},"north":{"uv":[8.625,8.0,7.5,9.0],"tintindex":0,"rotation":0,"texture":"#0"},"west":{"uv":[1.125,8.375,0.0,9.375],"tintindex":0,"rotation":0,"texture":"#0"},"up":{"uv":[7.5,3.625,8.625,2.5],"tintindex":0,"rotation":0,"texture":"#0"},"down":{"uv":[7.5,5.375,8.625,6.5],"tintindex":0,"rotation":0,"texture":"#0"}}},{"from":[6.7734194,-2.128353,16.649338],"to":[15.773419,2.871647,16.649338],"faces":{"south":{"uv":[11.125,6.125,10.0,6.75],"tintindex":0,"rotation":0,"texture":"#0"},"north":{"uv":[10.0,6.125,11.125,6.75],"tintindex":0,"rotation":0,"texture":"#0"}},"rotation":{"origin":[-2.2265806,1.3000507,6.801845],"angle":-45.0,"axis":"x"}},{"from":[4.7912974,19.737015,3.6544943],"to":[9.791297,19.737015,12.654494],"faces":{"up":{"uv":[9.875,6.0,10.5,4.875],"tintindex":0,"rotation":0,"texture":"#0"},"down":{"uv":[9.875,4.875,10.5,6.0],"tintindex":0,"rotation":0,"texture":"#0"}},"rotation":{"origin":[-2.2265806,1.3000507,6.801845],"angle":-45.0,"axis":"z"}},{"from":[6.7734194,-0.21541786,-1.1337128],"to":[15.773419,4.784582,-1.1337128],"faces":{"south":{"uv":[4.125,9.875,5.25,10.5],"tintindex":0,"rotation":0,"texture":"#0"},"north":{"uv":[5.25,9.875,4.125,10.5],"tintindex":0,"rotation":0,"texture":"#0"}},"rotation":{"origin":[-2.2265806,1.3000507,6.801845],"angle":45.0,"axis":"x"}},{"from":[3.6042075,12.469044,7.6544943],"to":[9.604208,19.469044,7.6544943],"faces":{"south":{"uv":[6.75,10.0,7.5,10.875],"tintindex":0,"rotation":0,"texture":"#0"},"north":{"uv":[7.5,10.0,6.75,10.875],"tintindex":0,"rotation":0,"texture":"#0"}},"rotation":{"origin":[-2.2265806,1.3000507,6.801845],"angle":-22.5,"axis":"z"}}],"display":{"gui":{"rotation":[30,225,0]}}}