{"textures":{"0":"modelengine:entity/stone_golem"},"elements":[{"from":[1.0,7.190301,3.456709],"to":[15.0,18.1903,12.456709],"faces":{"east":{"uv":[5.375,4.5,6.5,5.875],"tintindex":0,"rotation":0,"texture":"#0"},"south":{"uv":[0.0,3.25,1.75,4.625],"tintindex":0,"rotation":0,"texture":"#0"},"north":{"uv":[2.375,3.0,4.125,4.375],"tintindex":0,"rotation":0,"texture":"#0"},"west":{"uv":[3.5,5.75,4.625,7.125],"tintindex":0,"rotation":0,"texture":"#0"},"up":{"uv":[5.25,5.625,3.5,4.5],"tintindex":0,"rotation":0,"texture":"#0"},"down":{"uv":[1.75,4.75,0.0,5.875],"tintindex":0,"rotation":0,"texture":"#0"}}}],"display":{"gui":{"rotation":[30,225,0]}}}