{"textures":{"0":"modelengine:entity/2023_05_23_illager-king-21625708"},"elements":[{"from":[3.75,-4.25,5.75],"to":[12.25,8.25,10.25],"faces":{"east":{"uv":[4.0,9.0,5.0,12.0],"tintindex":0,"rotation":0,"texture":"#0"},"south":{"uv":[8.0,9.0,10.0,12.0],"tintindex":0,"rotation":0,"texture":"#0"},"north":{"uv":[5.0,9.0,7.0,12.0],"tintindex":0,"rotation":0,"texture":"#0"},"west":{"uv":[7.0,9.0,8.0,12.0],"tintindex":0,"rotation":0,"texture":"#0"},"up":{"uv":[7.0,9.0,5.0,8.0],"tintindex":0,"rotation":0,"texture":"#0"},"down":{"uv":[9.0,8.0,7.0,9.0],"tintindex":0,"rotation":0,"texture":"#0"}}}],"display":{"gui":{"rotation":[30,225,0]}}}