{"textures":{"0":"modelengine:entity/2023_05_23_illager-king-21625708"},"elements":[{"from":[5.0,-2.0,6.0],"to":[9.0,10.0,10.0],"faces":{"east":{"uv":[8.0,13.0,9.0,16.0],"tintindex":0,"rotation":0,"texture":"#0"},"south":{"uv":[11.0,13.0,12.0,16.0],"tintindex":0,"rotation":0,"texture":"#0"},"north":{"uv":[9.0,13.0,10.0,16.0],"tintindex":0,"rotation":0,"texture":"#0"},"west":{"uv":[10.0,13.0,11.0,16.0],"tintindex":0,"rotation":0,"texture":"#0"},"up":{"uv":[10.0,13.0,9.0,12.0],"tintindex":0,"rotation":0,"texture":"#0"},"down":{"uv":[11.0,12.0,10.0,13.0],"tintindex":0,"rotation":0,"texture":"#0"}}}],"display":{"gui":{"rotation":[30,225,0]}}}