{"textures":{"0":"modelengine:entity/2023_05_23_illager-king-21625708"},"elements":[{"from":[5.0,2.0,6.0],"to":[9.0,10.0,10.0],"faces":{"east":{"uv":[14.0,6.5,13.0,8.5],"tintindex":0,"rotation":0,"texture":"#0"},"south":{"uv":[15.0,6.5,14.0,8.5],"tintindex":0,"rotation":0,"texture":"#0"},"north":{"uv":[13.0,6.5,12.0,8.5],"tintindex":0,"rotation":0,"texture":"#0"},"west":{"uv":[12.0,6.5,11.0,8.5],"tintindex":0,"rotation":0,"texture":"#0"},"up":{"uv":[12.0,6.5,13.0,5.5],"tintindex":0,"rotation":0,"texture":"#0"},"down":{"uv":[13.0,5.5,14.0,6.5],"tintindex":0,"rotation":0,"texture":"#0"}}}],"display":{"gui":{"rotation":[30,225,0]}}}