{"textures":{"0":"modelengine:entity/2023_05_23_illager-king-21625708"},"elements":[{"from":[5.75,-4.25,5.75],"to":[10.25,8.25,10.25],"faces":{"east":{"uv":[0.0,13.0,1.0,16.0],"tintindex":0,"rotation":0,"texture":"#0"},"south":{"uv":[3.0,13.0,4.0,16.0],"tintindex":0,"rotation":0,"texture":"#0"},"north":{"uv":[1.0,13.0,2.0,16.0],"tintindex":0,"rotation":0,"texture":"#0"},"west":{"uv":[2.0,13.0,3.0,16.0],"tintindex":0,"rotation":0,"texture":"#0"},"up":{"uv":[2.0,13.0,1.0,12.0],"tintindex":0,"rotation":0,"texture":"#0"},"down":{"uv":[3.0,12.0,2.0,13.0],"tintindex":0,"rotation":0,"texture":"#0"}}}],"display":{"gui":{"rotation":[30,225,0]}}}