{"textures":{"0":"modelengine:entity/infected_pillager"},"elements":[{"from":[3.75,1.75,4.75],"to":[12.25,20.25,11.25],"faces":{"east":{"uv":[4.0,0.0,5.5,4.5],"tintindex":0,"rotation":0,"texture":"#0"},"south":{"uv":[2.0,0.0,4.0,4.5],"tintindex":0,"rotation":0,"texture":"#0"},"north":{"uv":[0.0,0.0,2.0,4.5],"tintindex":0,"rotation":0,"texture":"#0"},"west":{"uv":[0.0,4.5,1.5,9.0],"tintindex":0,"rotation":0,"texture":"#0"},"up":{"uv":[11.5,1.5,9.5,0.0],"tintindex":0,"rotation":0,"texture":"#0"},"down":{"uv":[11.5,1.5,9.5,3.0],"tintindex":0,"rotation":0,"texture":"#0"}}},{"from":[4.0,8.0,5.0],"to":[12.0,20.0,11.0],"faces":{"east":{"uv":[3.5,7.5,5.0,10.5],"tintindex":0,"rotation":0,"texture":"#0"},"south":{"uv":[3.5,4.5,5.5,7.5],"tintindex":0,"rotation":0,"texture":"#0"},"north":{"uv":[1.5,4.5,3.5,7.5],"tintindex":0,"rotation":0,"texture":"#0"},"west":{"uv":[5.0,7.5,6.5,10.5],"tintindex":0,"rotation":0,"texture":"#0"},"up":{"uv":[10.5,8.5,8.5,7.0],"tintindex":0,"rotation":0,"texture":"#0"},"down":{"uv":[10.5,8.5,8.5,10.0],"tintindex":0,"rotation":0,"texture":"#0"}}}],"display":{"gui":{"rotation":[30,225,0]}}}