{"textures":{"0":"modelengine:entity/infected_pillager"},"elements":[{"from":[-2.0,13.0,7.0],"to":[6.0,23.0,7.0],"faces":{"south":{"uv":[7.5,0.0,5.5,2.5],"tintindex":0,"rotation":0,"texture":"#0"},"north":{"uv":[5.5,0.0,7.5,2.5],"tintindex":0,"rotation":0,"texture":"#0"}}},{"from":[7.0,7.0,2.0],"to":[9.0,11.0,4.0],"faces":{"east":{"uv":[6.0,10.5,6.5,11.5],"tintindex":0,"rotation":0,"texture":"#0"},"south":{"uv":[6.0,11.5,6.5,12.5],"tintindex":0,"rotation":0,"texture":"#0"},"north":{"uv":[1.0,9.0,1.5,10.0],"tintindex":0,"rotation":0,"texture":"#0"},"west":{"uv":[10.5,12.0,11.0,13.0],"tintindex":0,"rotation":0,"texture":"#0"},"up":{"uv":[8.0,7.5,7.5,7.0],"tintindex":0,"rotation":0,"texture":"#0"},"down":{"uv":[8.5,7.0,8.0,7.5],"tintindex":0,"rotation":0,"texture":"#0"}}},{"from":[4.0,8.0,4.0],"to":[12.0,18.0,12.0],"faces":{"east":{"uv":[7.5,0.0,9.5,2.5],"tintindex":0,"rotation":0,"texture":"#0"},"south":{"uv":[1.5,7.5,3.5,10.0],"tintindex":0,"rotation":0,"texture":"#0"},"north":{"uv":[5.5,5.0,7.5,7.5],"tintindex":0,"rotation":0,"texture":"#0"},"west":{"uv":[7.5,2.5,9.5,5.0],"tintindex":0,"rotation":0,"texture":"#0"},"up":{"uv":[9.5,7.0,7.5,5.0],"tintindex":0,"rotation":0,"texture":"#0"},"down":{"uv":[8.5,7.5,6.5,9.5],"tintindex":0,"rotation":0,"texture":"#0"}}}],"display":{"gui":{"rotation":[30,225,0]}}}