{"textures":{"0":"modelengine:entity/infected_pillager"},"elements":[{"from":[5.0,-2.0,6.0],"to":[9.0,10.0,10.0],"faces":{"east":{"uv":[9.5,3.0,10.5,6.0],"tintindex":0,"rotation":0,"texture":"#0"},"south":{"uv":[6.5,9.5,7.5,12.5],"tintindex":0,"rotation":0,"texture":"#0"},"north":{"uv":[0.0,9.0,1.0,12.0],"tintindex":0,"rotation":0,"texture":"#0"},"west":{"uv":[7.5,9.5,8.5,12.5],"tintindex":0,"rotation":0,"texture":"#0"},"up":{"uv":[10.5,7.0,9.5,6.0],"tintindex":0,"rotation":0,"texture":"#0"},"down":{"uv":[12.5,6.0,11.5,7.0],"tintindex":0,"rotation":0,"texture":"#0"}}}],"display":{"gui":{"rotation":[30,225,0]}}}