{"textures":{"0":"modelengine:entity/infected_pillager"},"elements":[{"from":[6.0,-4.0,6.0],"to":[10.0,8.0,10.0],"faces":{"east":{"uv":[10.5,3.0,11.5,6.0],"tintindex":0,"rotation":0,"texture":"#0"},"south":{"uv":[4.0,10.5,5.0,13.5],"tintindex":0,"rotation":0,"texture":"#0"},"north":{"uv":[3.0,10.5,4.0,13.5],"tintindex":0,"rotation":0,"texture":"#0"},"west":{"uv":[5.0,10.5,6.0,13.5],"tintindex":0,"rotation":0,"texture":"#0"},"up":{"uv":[12.5,10.0,11.5,9.0],"tintindex":0,"rotation":0,"texture":"#0"},"down":{"uv":[12.5,10.0,11.5,11.0],"tintindex":0,"rotation":0,"texture":"#0"}}}],"display":{"gui":{"rotation":[30,225,0]}}}