{"textures":{"0":"modelengine:entity/infected_pillager"},"elements":[{"from":[6.0,-4.0,6.0],"to":[10.0,8.0,10.0],"faces":{"east":{"uv":[10.5,9.0,11.5,12.0],"tintindex":0,"rotation":0,"texture":"#0"},"south":{"uv":[11.5,0.0,12.5,3.0],"tintindex":0,"rotation":0,"texture":"#0"},"north":{"uv":[10.5,6.0,11.5,9.0],"tintindex":0,"rotation":0,"texture":"#0"},"west":{"uv":[11.5,3.0,12.5,6.0],"tintindex":0,"rotation":0,"texture":"#0"},"up":{"uv":[12.5,12.0,11.5,11.0],"tintindex":0,"rotation":0,"texture":"#0"},"down":{"uv":[1.0,12.0,0.0,13.0],"tintindex":0,"rotation":0,"texture":"#0"}}}],"display":{"gui":{"rotation":[30,225,0]}}}