{"textures":{"0":"modelengine:entity/infected_pillager"},"elements":[{"from":[7.0,-2.0,6.0],"to":[11.0,10.0,10.0],"faces":{"east":{"uv":[2.0,10.0,3.0,13.0],"tintindex":0,"rotation":0,"texture":"#0"},"south":{"uv":[8.5,10.0,9.5,13.0],"tintindex":0,"rotation":0,"texture":"#0"},"north":{"uv":[1.0,10.0,2.0,13.0],"tintindex":0,"rotation":0,"texture":"#0"},"west":{"uv":[9.5,10.0,10.5,13.0],"tintindex":0,"rotation":0,"texture":"#0"},"up":{"uv":[12.5,8.0,11.5,7.0],"tintindex":0,"rotation":0,"texture":"#0"},"down":{"uv":[12.5,8.0,11.5,9.0],"tintindex":0,"rotation":0,"texture":"#0"}}}],"display":{"gui":{"rotation":[30,225,0]}}}