{"textures":{"0":"modelengine:entity/infected_pillager"},"elements":[{"from":[3.5,4.8999996,3.9],"to":[12.5,9.9,12.9],"faces":{"east":{"uv":[5.25,4.0,3.0,2.75],"tintindex":0,"rotation":0,"texture":"#0"},"south":{"uv":[2.25,4.0,4.5,2.75],"tintindex":0,"rotation":0,"texture":"#0"},"north":{"uv":[3.25,4.0,5.5,2.75],"tintindex":0,"rotation":0,"texture":"#0"},"west":{"uv":[3.0,3.75,5.25,2.5],"tintindex":0,"rotation":0,"texture":"#0"},"up":{"uv":[15.0,6.5,12.75,4.25],"tintindex":0,"rotation":0,"texture":"#0"},"down":{"uv":[15.0,4.75,12.75,7.0],"tintindex":0,"rotation":0,"texture":"#0"}}}],"display":{"gui":{"rotation":[30,225,0]}}}