{"textures":{"0":"modelengine:entity/ninja_skeleton"},"elements":[{"from":[4.0,8.0,6.0],"to":[12.0,13.0,10.0],"faces":{"east":{"uv":[4.75,6.25,5.75,7.5],"tintindex":0,"rotation":0,"texture":"#0"},"south":{"uv":[4.0,5.0,6.0,6.25],"tintindex":0,"rotation":0,"texture":"#0"},"north":{"uv":[4.0,3.75,6.0,5.0],"tintindex":0,"rotation":0,"texture":"#0"},"west":{"uv":[2.0,6.75,3.0,8.0],"tintindex":0,"rotation":0,"texture":"#0"},"up":{"uv":[8.0,1.0,6.0,0.0],"tintindex":0,"rotation":0,"texture":"#0"},"down":{"uv":[8.0,1.0,6.0,2.0],"tintindex":0,"rotation":0,"texture":"#0"}}}],"display":{"gui":{"rotation":[30,225,0]}}}