{"textures":{"0":"modelengine:entity/ninja_skeleton"},"elements":[{"from":[7.001,2.001,7.001],"to":[8.999,7.999,8.999],"faces":{"east":{"uv":[6.75,7.0,7.25,8.5],"tintindex":0,"rotation":0,"texture":"#0"},"south":{"uv":[7.25,7.0,7.75,8.5],"tintindex":0,"rotation":0,"texture":"#0"},"north":{"uv":[7.0,3.5,7.5,5.0],"tintindex":0,"rotation":0,"texture":"#0"},"west":{"uv":[0.0,7.5,0.5,9.0],"tintindex":0,"rotation":0,"texture":"#0"},"up":{"uv":[7.5,5.5,7.0,5.0],"tintindex":0,"rotation":0,"texture":"#0"},"down":{"uv":[8.5,1.5,8.0,2.0],"tintindex":0,"rotation":0,"texture":"#0"}}}],"display":{"gui":{"rotation":[30,225,0]}}}