{"textures":{"0":"modelengine:entity/ninja_skeleton"},"elements":[{"from":[8.0,3.0,7.0],"to":[10.0,9.0,9.0],"faces":{"east":{"uv":[1.0,7.5,1.5,9.0],"tintindex":0,"rotation":0,"texture":"#0"},"south":{"uv":[1.5,7.5,2.0,9.0],"tintindex":0,"rotation":0,"texture":"#0"},"north":{"uv":[0.5,7.5,1.0,9.0],"tintindex":0,"rotation":0,"texture":"#0"},"west":{"uv":[7.5,3.5,8.0,5.0],"tintindex":0,"rotation":0,"texture":"#0"},"up":{"uv":[9.5,5.75,9.0,5.25],"tintindex":0,"rotation":0,"texture":"#0"},"down":{"uv":[6.25,9.0,5.75,9.5],"tintindex":0,"rotation":0,"texture":"#0"}}}],"display":{"gui":{"rotation":[30,225,0]}}}