{"textures":{"0":"modelengine:entity/ninja_skeleton"},"elements":[{"from":[7.0,2.0,7.0],"to":[9.0,8.0,9.0],"faces":{"east":{"uv":[3.5,8.25,4.0,9.75],"tintindex":0,"rotation":0,"texture":"#0"},"south":{"uv":[4.0,8.25,4.5,9.75],"tintindex":0,"rotation":0,"texture":"#0"},"north":{"uv":[3.0,8.25,3.5,9.75],"tintindex":0,"rotation":0,"texture":"#0"},"west":{"uv":[8.25,6.5,8.75,8.0],"tintindex":0,"rotation":0,"texture":"#0"},"up":{"uv":[9.75,6.25,9.25,5.75],"tintindex":0,"rotation":0,"texture":"#0"},"down":{"uv":[9.75,6.25,9.25,6.75],"tintindex":0,"rotation":0,"texture":"#0"}}}],"display":{"gui":{"rotation":[30,225,0]}}}