{"textures":{"0":"modelengine:entity/ninja_skeleton"},"elements":[{"from":[7.0,2.0,7.0],"to":[9.0,8.0,9.0],"faces":{"east":{"uv":[8.0,3.5,8.5,5.0],"tintindex":0,"rotation":0,"texture":"#0"},"south":{"uv":[8.0,5.0,8.5,6.5],"tintindex":0,"rotation":0,"texture":"#0"},"north":{"uv":[2.5,8.0,3.0,9.5],"tintindex":0,"rotation":0,"texture":"#0"},"west":{"uv":[7.75,8.0,8.25,9.5],"tintindex":0,"rotation":0,"texture":"#0"},"up":{"uv":[9.75,0.5,9.25,0.0],"tintindex":0,"rotation":0,"texture":"#0"},"down":{"uv":[9.75,0.5,9.25,1.0],"tintindex":0,"rotation":0,"texture":"#0"}}}],"display":{"gui":{"rotation":[30,225,0]}}}