{"textures":{"0":"modelengine:entity/ninja_skeleton"},"elements":[{"from":[7.001,5.001,8.001],"to":[8.999,7.999,9.999],"faces":{"east":{"uv":[6.75,8.5,7.25,9.25],"tintindex":0,"rotation":0,"texture":"#0"},"south":{"uv":[7.25,8.5,7.75,9.25],"tintindex":0,"rotation":0,"texture":"#0"},"north":{"uv":[8.5,5.25,9.0,6.0],"tintindex":0,"rotation":0,"texture":"#0"},"west":{"uv":[8.5,8.0,9.0,8.75],"tintindex":0,"rotation":0,"texture":"#0"},"up":{"uv":[9.25,8.0,8.75,7.5],"tintindex":0,"rotation":0,"texture":"#0"},"down":{"uv":[5.75,9.0,5.25,9.5],"tintindex":0,"rotation":0,"texture":"#0"}}},{"from":[7.0,2.0,8.0],"to":[9.0,5.0,10.0],"faces":{"east":{"uv":[8.75,0.75,9.25,1.5],"tintindex":0,"rotation":0,"texture":"#0"},"south":{"uv":[8.75,2.5,9.25,3.25],"tintindex":0,"rotation":0,"texture":"#0"},"north":{"uv":[8.75,0.0,9.25,0.75],"tintindex":0,"rotation":0,"texture":"#0"},"west":{"uv":[8.75,3.25,9.25,4.0],"tintindex":0,"rotation":0,"texture":"#0"},"up":{"uv":[9.75,1.5,9.25,1.0],"tintindex":0,"rotation":0,"texture":"#0"},"down":{"uv":[9.75,2.25,9.25,2.75],"tintindex":0,"rotation":0,"texture":"#0"}}},{"from":[7.0,2.0,7.0],"to":[9.0,3.0,8.0],"faces":{"east":{"uv":[3.75,8.0,4.0,8.25],"tintindex":0,"rotation":0,"texture":"#0"},"south":{"uv":[7.0,9.25,7.5,9.5],"tintindex":0,"rotation":0,"texture":"#0"},"north":{"uv":[8.5,1.75,9.0,2.0],"tintindex":0,"rotation":0,"texture":"#0"},"west":{"uv":[8.75,1.5,9.0,1.75],"tintindex":0,"rotation":0,"texture":"#0"},"up":{"uv":[9.75,7.75,9.25,7.5],"tintindex":0,"rotation":0,"texture":"#0"},"down":{"uv":[9.75,7.75,9.25,8.0],"tintindex":0,"rotation":0,"texture":"#0"}}}],"display":{"gui":{"rotation":[30,225,0]}}}