{"textures":{"0":"modelengine:entity/ninja_skeleton"},"elements":[{"from":[7.001,2.001,7.001],"to":[8.999,7.999,8.999],"faces":{"east":{"uv":[7.75,6.5,8.25,8.0],"tintindex":0,"rotation":0,"texture":"#0"},"south":{"uv":[8.0,0.0,8.5,1.5],"tintindex":0,"rotation":0,"texture":"#0"},"north":{"uv":[6.25,7.5,6.75,9.0],"tintindex":0,"rotation":0,"texture":"#0"},"west":{"uv":[2.0,8.0,2.5,9.5],"tintindex":0,"rotation":0,"texture":"#0"},"up":{"uv":[9.5,9.0,9.0,8.5],"tintindex":0,"rotation":0,"texture":"#0"},"down":{"uv":[9.5,9.0,9.0,9.5],"tintindex":0,"rotation":0,"texture":"#0"}}}],"display":{"gui":{"rotation":[30,225,0]}}}