{"textures":{"0":"modelengine:entity/ninja_skeleton"},"elements":[{"from":[6.0,3.0,7.0],"to":[8.0,9.0,9.0],"faces":{"east":{"uv":[7.5,5.0,8.0,6.5],"tintindex":0,"rotation":0,"texture":"#0"},"south":{"uv":[5.25,7.5,5.75,9.0],"tintindex":0,"rotation":0,"texture":"#0"},"north":{"uv":[4.75,7.5,5.25,9.0],"tintindex":0,"rotation":0,"texture":"#0"},"west":{"uv":[5.75,7.5,6.25,9.0],"tintindex":0,"rotation":0,"texture":"#0"},"up":{"uv":[6.75,9.5,6.25,9.0],"tintindex":0,"rotation":0,"texture":"#0"},"down":{"uv":[9.5,8.0,9.0,8.5],"tintindex":0,"rotation":0,"texture":"#0"}}}],"display":{"gui":{"rotation":[30,225,0]}}}