{"textures":{"0":"modelengine:entity/ninja_skeleton"},"elements":[{"from":[7.5,7.45,6.5],"to":[8.5,8.45,11.5],"faces":{"east":{"uv":[8.75,4.75,10.0,5.0],"tintindex":0,"rotation":0,"texture":"#0"},"south":{"uv":[9.0,5.75,9.25,6.0],"tintindex":0,"rotation":0,"texture":"#0"},"north":{"uv":[9.0,2.25,9.25,2.5],"tintindex":0,"rotation":0,"texture":"#0"},"west":{"uv":[8.75,5.0,10.0,5.25],"tintindex":0,"rotation":0,"texture":"#0"},"up":{"uv":[6.0,7.5,5.75,6.25],"tintindex":0,"rotation":0,"texture":"#0"},"down":{"uv":[4.0,6.75,3.75,8.0],"tintindex":0,"rotation":0,"texture":"#0"}}},{"from":[7.25,6.7,6.0],"to":[8.75,9.2,6.5],"faces":{"east":{"uv":[6.75,9.25,7.0,10.0],"tintindex":0,"rotation":0,"texture":"#0"},"south":{"uv":[8.75,6.0,9.25,6.75],"tintindex":0,"rotation":0,"texture":"#0"},"north":{"uv":[8.75,4.0,9.25,4.75],"tintindex":0,"rotation":0,"texture":"#0"},"west":{"uv":[9.25,6.75,9.5,7.5],"tintindex":0,"rotation":0,"texture":"#0"},"up":{"uv":[10.0,1.75,9.5,1.5],"tintindex":0,"rotation":0,"texture":"#0"},"down":{"uv":[10.0,1.75,9.5,2.0],"tintindex":0,"rotation":0,"texture":"#0"}}},{"from":[7.75,7.2,-1.0],"to":[8.25,8.7,6.0],"faces":{"east":{"uv":[7.0,2.5,8.75,3.0],"tintindex":0,"rotation":0,"texture":"#0"},"south":{"uv":[8.5,6.0,8.75,6.5],"tintindex":0,"rotation":0,"texture":"#0"},"north":{"uv":[7.5,6.5,7.75,7.0],"tintindex":0,"rotation":0,"texture":"#0"},"west":{"uv":[7.0,3.0,8.75,3.5],"tintindex":0,"rotation":0,"texture":"#0"},"up":{"uv":[8.75,1.75,8.5,0.0],"tintindex":0,"rotation":0,"texture":"#0"},"down":{"uv":[8.75,3.5,8.5,5.25],"tintindex":0,"rotation":0,"texture":"#0"}}},{"from":[7.75,7.2,-9.0],"to":[8.25,8.7,-1.0],"faces":{"east":{"uv":[0.0,7.0,2.0,7.5],"tintindex":0,"rotation":0,"texture":"#0"},"south":{"uv":[9.5,5.25,9.75,5.75],"tintindex":0,"rotation":0,"texture":"#0"},"north":{"uv":[7.5,9.25,7.75,9.75],"tintindex":0,"rotation":0,"texture":"#0"},"west":{"uv":[7.0,2.0,9.0,2.5],"tintindex":0,"rotation":0,"texture":"#0"},"up":{"uv":[4.75,10.25,4.5,8.25],"tintindex":0,"rotation":0,"texture":"#0"},"down":{"uv":[8.5,8.0,8.25,10.0],"tintindex":0,"rotation":0,"texture":"#0"}}},{"from":[7.75,7.7,-10.0],"to":[8.25,8.7,-9.0],"faces":{"east":{"uv":[6.5,9.5,6.75,9.75],"tintindex":0,"rotation":0,"texture":"#0"},"south":{"uv":[9.5,6.75,9.75,7.0],"tintindex":0,"rotation":0,"texture":"#0"},"north":{"uv":[6.25,9.5,6.5,9.75],"tintindex":0,"rotation":0,"texture":"#0"},"west":{"uv":[7.0,9.5,7.25,9.75],"tintindex":0,"rotation":0,"texture":"#0"},"up":{"uv":[9.75,7.25,9.5,7.0],"tintindex":0,"rotation":0,"texture":"#0"},"down":{"uv":[7.5,9.5,7.25,9.75],"tintindex":0,"rotation":0,"texture":"#0"}}}],"display":{"gui":{"rotation":[30,225,0]}}}