{"textures":{"0":"modelengine:entity/ninja_skeleton"},"elements":[{"from":[4.0,8.0,4.25],"to":[12.0,15.0,8.25],"faces":{"east":{"uv":[6.0,2.0,7.0,3.75],"tintindex":0,"rotation":0,"texture":"#0"},"south":{"uv":[4.0,2.0,6.0,3.75],"tintindex":0,"rotation":0,"texture":"#0"},"north":{"uv":[2.0,4.0,4.0,5.75],"tintindex":0,"rotation":0,"texture":"#0"},"west":{"uv":[6.0,3.75,7.0,5.5],"tintindex":0,"rotation":0,"texture":"#0"},"up":{"uv":[4.0,6.75,2.0,5.75],"tintindex":0,"rotation":0,"texture":"#0"},"down":{"uv":[2.0,6.0,0.0,7.0],"tintindex":0,"rotation":0,"texture":"#0"}}}],"display":{"gui":{"rotation":[30,225,0]}}}