{"textures":{"0":"modelengine:entity/mantaray"},"elements":[{"from":[-5.0599995,7.44,8.26],"to":[-2.9400005,8.288,11.44],"faces":{"east":{"uv":[7.8125,5.5,8.1875,5.625],"tintindex":0,"rotation":0,"texture":"#0"},"south":{"uv":[7.875,7.0,8.125,7.125],"tintindex":0,"rotation":0,"texture":"#0"},"north":{"uv":[7.875,6.875,8.125,7.0],"tintindex":0,"rotation":0,"texture":"#0"},"west":{"uv":[6.3125,7.8125,6.6875,7.9375],"tintindex":0,"rotation":0,"texture":"#0"},"up":{"uv":[1.0,8.0625,0.75,7.6875],"tintindex":0,"rotation":0,"texture":"#0"},"down":{"uv":[7.9375,0.9375,7.6875,1.3125],"tintindex":0,"rotation":0,"texture":"#0"}}},{"from":[1.2999992,7.44,2.96],"to":[3.42,8.712,12.5],"faces":{"east":{"uv":[7.0,6.0,8.1875,6.1875],"tintindex":0,"rotation":0,"texture":"#0"},"south":{"uv":[7.8125,5.3125,8.0625,5.5],"tintindex":0,"rotation":0,"texture":"#0"},"north":{"uv":[7.8125,5.125,8.0625,5.3125],"tintindex":0,"rotation":0,"texture":"#0"},"west":{"uv":[7.0,6.1875,8.1875,6.375],"tintindex":0,"rotation":0,"texture":"#0"},"up":{"uv":[5.3125,7.0625,5.0625,5.875],"tintindex":0,"rotation":0,"texture":"#0"},"down":{"uv":[4.1875,6.375,3.9375,7.5625],"tintindex":0,"rotation":0,"texture":"#0"}}},{"from":[5.540001,7.44,0.84000015],"to":[7.66,8.712,14.62],"faces":{"east":{"uv":[5.8125,5.625,7.5625,5.8125],"tintindex":0,"rotation":0,"texture":"#0"},"south":{"uv":[7.8125,4.5625,8.0625,4.75],"tintindex":0,"rotation":0,"texture":"#0"},"north":{"uv":[7.8125,4.375,8.0625,4.5625],"tintindex":0,"rotation":0,"texture":"#0"},"west":{"uv":[5.8125,5.8125,7.5625,6.0],"tintindex":0,"rotation":0,"texture":"#0"},"up":{"uv":[0.75,7.4375,0.5,5.6875],"tintindex":0,"rotation":0,"texture":"#0"},"down":{"uv":[1.0,5.6875,0.75,7.4375],"tintindex":0,"rotation":0,"texture":"#0"}}},{"from":[-2.9400005,7.44,5.716],"to":[-0.8199997,8.288,11.016],"faces":{"east":{"uv":[7.75,1.4375,8.4375,1.5625],"tintindex":0,"rotation":0,"texture":"#0"},"south":{"uv":[7.875,6.75,8.125,6.875],"tintindex":0,"rotation":0,"texture":"#0"},"north":{"uv":[0.5,7.875,0.75,8.0],"tintindex":0,"rotation":0,"texture":"#0"},"west":{"uv":[7.75,1.5625,8.4375,1.6875],"tintindex":0,"rotation":0,"texture":"#0"},"up":{"uv":[3.4375,7.9375,3.1875,7.25],"tintindex":0,"rotation":0,"texture":"#0"},"down":{"uv":[3.6875,7.25,3.4375,7.9375],"tintindex":0,"rotation":0,"texture":"#0"}}},{"from":[3.42,7.44,1.9000001],"to":[5.540001,8.712,13.56],"faces":{"east":{"uv":[6.75,0.375,8.1875,0.5625],"tintindex":0,"rotation":0,"texture":"#0"},"south":{"uv":[7.8125,4.9375,8.0625,5.125],"tintindex":0,"rotation":0,"texture":"#0"},"north":{"uv":[7.8125,4.75,8.0625,4.9375],"tintindex":0,"rotation":0,"texture":"#0"},"west":{"uv":[6.75,0.5625,8.1875,0.75],"tintindex":0,"rotation":0,"texture":"#0"},"up":{"uv":[1.75,7.125,1.5,5.6875],"tintindex":0,"rotation":0,"texture":"#0"},"down":{"uv":[2.0,5.6875,1.75,7.125],"tintindex":0,"rotation":0,"texture":"#0"}}},{"from":[-0.8199997,7.44,4.02],"to":[1.2999992,8.288,11.44],"faces":{"east":{"uv":[7.5625,2.75,8.5,2.875],"tintindex":0,"rotation":0,"texture":"#0"},"south":{"uv":[0.25,7.875,0.5,8.0],"tintindex":0,"rotation":0,"texture":"#0"},"north":{"uv":[7.75,7.8125,8.0,7.9375],"tintindex":0,"rotation":0,"texture":"#0"},"west":{"uv":[7.5625,2.875,8.5,3.0],"tintindex":0,"rotation":0,"texture":"#0"},"up":{"uv":[7.0625,7.6875,6.8125,6.75],"tintindex":0,"rotation":0,"texture":"#0"},"down":{"uv":[2.25,6.875,2.0,7.8125],"tintindex":0,"rotation":0,"texture":"#0"}}}],"display":{"gui":{"rotation":[30,225,0]}}}