{"textures":{"0":"modelengine:entity/mantaray"},"elements":[{"from":[7.8480005,5.034,-4.677601],"to":[21.84,8.002,25.0024],"faces":{"east":{"uv":[5.6875,2.875,7.5625,3.0625],"tintindex":0,"rotation":0,"texture":"#0"},"south":{"uv":[1.0,7.375,1.875,7.5625],"tintindex":0,"rotation":0,"texture":"#0"},"north":{"uv":[4.3125,7.3125,5.1875,7.5],"tintindex":0,"rotation":0,"texture":"#0"},"west":{"uv":[5.6875,3.0625,7.5625,3.25],"tintindex":0,"rotation":0,"texture":"#0"},"up":{"uv":[5.5625,1.875,4.6875,0.0],"tintindex":0,"rotation":0,"texture":"#0"},"down":{"uv":[3.9375,4.5,4.8125,6.375],"tintindex":0,"rotation":0,"texture":"#0"}}}],"display":{"gui":{"rotation":[30,225,0]}}}