{"textures":{"0":"modelengine:entity/mantaray"},"elements":[{"from":[-5.4078436,5.032,-4.7623997],"to":[8.160156,8.0,24.917599],"faces":{"east":{"uv":[5.6875,2.5,7.5625,2.6875],"tintindex":0,"rotation":0,"texture":"#0"},"south":{"uv":[7.0625,7.25,7.9375,7.4375],"tintindex":0,"rotation":0,"texture":"#0"},"north":{"uv":[7.25,2.1875,8.125,2.375],"tintindex":0,"rotation":0,"texture":"#0"},"west":{"uv":[5.6875,2.6875,7.5625,2.875],"tintindex":0,"rotation":0,"texture":"#0"},"up":{"uv":[4.6875,1.875,5.5625,0.0],"tintindex":0,"rotation":0,"texture":"#0"},"down":{"uv":[4.8125,4.5,3.9375,6.375],"tintindex":0,"rotation":0,"texture":"#0"}}}],"display":{"gui":{"rotation":[30,225,0]}}}