{"textures":{"0":"modelengine:entity/mantaray"},"elements":[{"from":[18.44,7.44,8.76],"to":[20.56,8.288,11.94],"faces":{"east":{"uv":[2.375,7.8125,2.75,7.9375],"tintindex":0,"rotation":0,"texture":"#0"},"south":{"uv":[7.8125,7.6875,8.0625,7.8125],"tintindex":0,"rotation":0,"texture":"#0"},"north":{"uv":[7.8125,7.5625,8.0625,7.6875],"tintindex":0,"rotation":0,"texture":"#0"},"west":{"uv":[7.8125,4.25,8.1875,4.375],"tintindex":0,"rotation":0,"texture":"#0"},"up":{"uv":[7.8125,7.8125,7.5625,7.4375],"tintindex":0,"rotation":0,"texture":"#0"},"down":{"uv":[0.25,7.6875,0.0,8.0625],"tintindex":0,"rotation":0,"texture":"#0"}}},{"from":[16.32,7.44,6.216],"to":[18.44,8.288,11.516],"faces":{"east":{"uv":[7.6875,1.3125,8.375,1.4375],"tintindex":0,"rotation":0,"texture":"#0"},"south":{"uv":[7.5,7.8125,7.75,7.9375],"tintindex":0,"rotation":0,"texture":"#0"},"north":{"uv":[7.8125,7.4375,8.0625,7.5625],"tintindex":0,"rotation":0,"texture":"#0"},"west":{"uv":[6.3125,7.6875,7.0,7.8125],"tintindex":0,"rotation":0,"texture":"#0"},"up":{"uv":[7.5,2.1875,7.25,1.5],"tintindex":0,"rotation":0,"texture":"#0"},"down":{"uv":[3.1875,7.25,2.9375,7.9375],"tintindex":0,"rotation":0,"texture":"#0"}}},{"from":[14.200001,7.44,4.52],"to":[16.32,8.288,11.94],"faces":{"east":{"uv":[7.5,2.0,8.4375,2.125],"tintindex":0,"rotation":0,"texture":"#0"},"south":{"uv":[6.6875,7.8125,6.9375,7.9375],"tintindex":0,"rotation":0,"texture":"#0"},"north":{"uv":[7.25,2.375,7.5,2.5],"tintindex":0,"rotation":0,"texture":"#0"},"west":{"uv":[7.5625,2.625,8.5,2.75],"tintindex":0,"rotation":0,"texture":"#0"},"up":{"uv":[6.5625,7.6875,6.3125,6.75],"tintindex":0,"rotation":0,"texture":"#0"},"down":{"uv":[6.8125,6.75,6.5625,7.6875],"tintindex":0,"rotation":0,"texture":"#0"}}},{"from":[9.959999,7.44,2.4],"to":[12.08,8.712,14.06],"faces":{"east":{"uv":[6.75,0.0,8.1875,0.1875],"tintindex":0,"rotation":0,"texture":"#0"},"south":{"uv":[1.5,7.8125,1.75,8.0],"tintindex":0,"rotation":0,"texture":"#0"},"north":{"uv":[1.25,7.8125,1.5,8.0],"tintindex":0,"rotation":0,"texture":"#0"},"west":{"uv":[6.75,0.1875,8.1875,0.375],"tintindex":0,"rotation":0,"texture":"#0"},"up":{"uv":[1.25,7.125,1.0,5.6875],"tintindex":0,"rotation":0,"texture":"#0"},"down":{"uv":[1.5,5.6875,1.25,7.125],"tintindex":0,"rotation":0,"texture":"#0"}}},{"from":[12.08,7.44,3.46],"to":[14.200001,8.712,13.0],"faces":{"east":{"uv":[7.0,3.25,8.1875,3.4375],"tintindex":0,"rotation":0,"texture":"#0"},"south":{"uv":[2.0,7.8125,2.25,8.0],"tintindex":0,"rotation":0,"texture":"#0"},"north":{"uv":[1.75,7.8125,2.0,8.0],"tintindex":0,"rotation":0,"texture":"#0"},"west":{"uv":[7.0,3.4375,8.1875,3.625],"tintindex":0,"rotation":0,"texture":"#0"},"up":{"uv":[2.25,6.875,2.0,5.6875],"tintindex":0,"rotation":0,"texture":"#0"},"down":{"uv":[5.0625,5.875,4.8125,7.0625],"tintindex":0,"rotation":0,"texture":"#0"}}},{"from":[7.84,7.44,1.3400002],"to":[9.959999,8.712,15.12],"faces":{"east":{"uv":[5.8125,5.25,7.5625,5.4375],"tintindex":0,"rotation":0,"texture":"#0"},"south":{"uv":[1.0,7.8125,1.25,8.0],"tintindex":0,"rotation":0,"texture":"#0"},"north":{"uv":[6.0625,7.75,6.3125,7.9375],"tintindex":0,"rotation":0,"texture":"#0"},"west":{"uv":[5.8125,5.4375,7.5625,5.625],"tintindex":0,"rotation":0,"texture":"#0"},"up":{"uv":[0.25,7.4375,0.0,5.6875],"tintindex":0,"rotation":0,"texture":"#0"},"down":{"uv":[0.5,5.6875,0.25,7.4375],"tintindex":0,"rotation":0,"texture":"#0"}}}],"display":{"gui":{"rotation":[30,225,0]}}}