{"textures":{"0":"modelengine:entity/mantaray"},"elements":[{"from":[7.4700003,7.4700003,5.959999],"to":[8.53,8.318,23.98],"faces":{"east":{"uv":[5.8125,6.5,8.0625,6.625],"tintindex":0,"rotation":0,"texture":"#0"},"south":{"uv":[5.5625,1.75,5.6875,1.875],"tintindex":0,"rotation":0,"texture":"#0"},"north":{"uv":[2.9375,4.9375,3.0625,5.0625],"tintindex":0,"rotation":0,"texture":"#0"},"west":{"uv":[5.8125,6.625,8.0625,6.75],"tintindex":0,"rotation":0,"texture":"#0"},"up":{"uv":[2.375,7.9375,2.25,5.6875],"tintindex":0,"rotation":0,"texture":"#0"},"down":{"uv":[4.3125,6.375,4.1875,8.625],"tintindex":0,"rotation":0,"texture":"#0"}}}],"display":{"gui":{"rotation":[30,225,0]}}}