{"textures":{"0":"modelengine:entity/mantaray"},"elements":[{"from":[7.3640003,2.6999998,21.252],"to":[8.636,4.82,25.28],"faces":{"east":{"uv":[1.5,7.5625,2.0,7.8125],"tintindex":0,"rotation":0,"texture":"#0"},"south":{"uv":[5.125,7.0625,5.3125,7.3125],"tintindex":0,"rotation":0,"texture":"#0"},"north":{"uv":[2.9375,4.6875,3.125,4.9375],"tintindex":0,"rotation":0,"texture":"#0"},"west":{"uv":[7.5625,2.375,8.0625,2.625],"tintindex":0,"rotation":0,"texture":"#0"},"up":{"uv":[3.125,3.6875,2.9375,3.1875],"tintindex":0,"rotation":0,"texture":"#0"},"down":{"uv":[3.125,3.6875,2.9375,4.1875],"tintindex":0,"rotation":0,"texture":"#0"}},"rotation":{"origin":[8.0,8.0,11.5],"angle":-22.5,"axis":"x"}},{"from":[1.428,7.788,-5.4812],"to":[2.488,9.908,-3.3612003],"faces":{"east":{"uv":[4.5625,7.75,4.8125,8.0],"tintindex":0,"rotation":0,"texture":"#0"},"south":{"uv":[3.375,7.9375,3.5,8.1875],"tintindex":0,"rotation":0,"texture":"#0"},"north":{"uv":[3.25,7.9375,3.375,8.1875],"tintindex":0,"rotation":0,"texture":"#0"},"west":{"uv":[4.8125,7.75,5.0625,8.0],"tintindex":0,"rotation":0,"texture":"#0"},"up":{"uv":[3.625,8.1875,3.5,7.9375],"tintindex":0,"rotation":0,"texture":"#0"},"down":{"uv":[4.0625,7.9375,3.9375,8.1875],"tintindex":0,"rotation":0,"texture":"#0"}}},{"from":[1.5976,10.12,-10.124001],"to":[2.6576,12.24,-8.004],"faces":{"east":{"uv":[7.25,7.6875,7.5,7.9375],"tintindex":0,"rotation":0,"texture":"#0"},"south":{"uv":[2.25,7.9375,2.375,8.1875],"tintindex":0,"rotation":0,"texture":"#0"},"north":{"uv":[7.9375,0.9375,8.0625,1.1875],"tintindex":0,"rotation":0,"texture":"#0"},"west":{"uv":[7.75,1.6875,8.0,1.9375],"tintindex":0,"rotation":0,"texture":"#0"},"up":{"uv":[2.5,8.1875,2.375,7.9375],"tintindex":0,"rotation":0,"texture":"#0"},"down":{"uv":[2.625,7.9375,2.5,8.1875],"tintindex":0,"rotation":0,"texture":"#0"}},"rotation":{"origin":[1.6399999,10.12,-3.3400002],"angle":-45.0,"axis":"x"}},{"from":[1.6399999,8.0,-5.46],"to":[14.360001,10.12,19.98],"faces":{"east":{"uv":[5.3125,3.75,8.5,4.0],"tintindex":0,"rotation":0,"texture":"#0"},"south":{"uv":[5.6875,1.75,7.25,2.0],"tintindex":0,"rotation":0,"texture":"#0"},"north":{"uv":[5.5625,1.5,7.125,1.75],"tintindex":0,"rotation":0,"texture":"#0"},"west":{"uv":[5.3125,4.0,8.5,4.25],"tintindex":0,"rotation":0,"texture":"#0"},"up":{"uv":[1.5625,3.1875,0.0,0.0],"tintindex":0,"rotation":0,"texture":"#0"},"down":{"uv":[3.125,0.0,1.5625,3.1875],"tintindex":0,"rotation":0,"texture":"#0"}}},{"from":[3.23,6.516,19.98],"to":[12.77,9.696,22.1],"faces":{"east":{"uv":[3.9375,7.5625,4.1875,7.9375],"tintindex":0,"rotation":0,"texture":"#0"},"south":{"uv":[5.5625,0.375,6.75,0.75],"tintindex":0,"rotation":0,"texture":"#0"},"north":{"uv":[5.5625,0.0,6.75,0.375],"tintindex":0,"rotation":0,"texture":"#0"},"west":{"uv":[7.5625,5.25,7.8125,5.625],"tintindex":0,"rotation":0,"texture":"#0"},"up":{"uv":[7.0,6.25,5.8125,6.0],"tintindex":0,"rotation":0,"texture":"#0"},"down":{"uv":[7.0,6.25,5.8125,6.5],"tintindex":0,"rotation":0,"texture":"#0"}}},{"from":[6.94,7.152,26.34],"to":[9.059999,8.636,30.580002],"faces":{"east":{"uv":[7.5625,5.625,8.0625,5.8125],"tintindex":0,"rotation":0,"texture":"#0"},"south":{"uv":[5.8125,7.75,6.0625,7.9375],"tintindex":0,"rotation":0,"texture":"#0"},"north":{"uv":[5.5625,7.75,5.8125,7.9375],"tintindex":0,"rotation":0,"texture":"#0"},"west":{"uv":[7.5625,5.8125,8.0625,6.0],"tintindex":0,"rotation":0,"texture":"#0"},"up":{"uv":[3.9375,7.75,3.6875,7.25],"tintindex":0,"rotation":0,"texture":"#0"},"down":{"uv":[7.75,1.5,7.5,2.0],"tintindex":0,"rotation":0,"texture":"#0"}}},{"from":[1.6188002,8.212,-8.639999],"to":[2.6788,10.332,-4.3999996],"faces":{"east":{"uv":[4.3125,7.5,4.8125,7.75],"tintindex":0,"rotation":0,"texture":"#0"},"south":{"uv":[7.125,1.5,7.25,1.75],"tintindex":0,"rotation":0,"texture":"#0"},"north":{"uv":[4.6875,2.375,4.8125,2.625],"tintindex":0,"rotation":0,"texture":"#0"},"west":{"uv":[4.8125,7.5,5.3125,7.75],"tintindex":0,"rotation":0,"texture":"#0"},"up":{"uv":[3.0625,4.6875,2.9375,4.1875],"tintindex":0,"rotation":0,"texture":"#0"},"down":{"uv":[4.8125,1.875,4.6875,2.375],"tintindex":0,"rotation":0,"texture":"#0"}},"rotation":{"origin":[1.6399999,10.12,-3.3400002],"angle":-22.5,"axis":"x"}},{"from":[13.3424,10.12,-10.124001],"to":[14.4024,12.24,-8.004],"faces":{"east":{"uv":[3.6875,7.75,3.9375,8.0],"tintindex":0,"rotation":0,"texture":"#0"},"south":{"uv":[2.875,7.9375,3.0,8.1875],"tintindex":0,"rotation":0,"texture":"#0"},"north":{"uv":[2.625,7.9375,2.75,8.1875],"tintindex":0,"rotation":0,"texture":"#0"},"west":{"uv":[4.3125,7.75,4.5625,8.0],"tintindex":0,"rotation":0,"texture":"#0"},"up":{"uv":[3.125,8.1875,3.0,7.9375],"tintindex":0,"rotation":0,"texture":"#0"},"down":{"uv":[3.25,7.9375,3.125,8.1875],"tintindex":0,"rotation":0,"texture":"#0"}},"rotation":{"origin":[1.6399999,10.12,-3.3400002],"angle":-45.0,"axis":"x"}},{"from":[13.512,7.788,-5.4812],"to":[14.5720005,9.908,-3.3612003],"faces":{"east":{"uv":[5.0625,7.75,4.8125,8.0],"tintindex":0,"rotation":0,"texture":"#0"},"south":{"uv":[5.5625,7.9375,5.6875,8.1875],"tintindex":0,"rotation":0,"texture":"#0"},"north":{"uv":[4.0625,7.9375,4.1875,8.1875],"tintindex":0,"rotation":0,"texture":"#0"},"west":{"uv":[5.3125,7.75,5.5625,8.0],"tintindex":0,"rotation":0,"texture":"#0"},"up":{"uv":[5.8125,8.1875,5.6875,7.9375],"tintindex":0,"rotation":0,"texture":"#0"},"down":{"uv":[5.9375,7.9375,5.8125,8.1875],"tintindex":0,"rotation":0,"texture":"#0"}}},{"from":[13.321199,8.212,-8.639999],"to":[14.3812,10.332,-4.3999996],"faces":{"east":{"uv":[5.8125,7.5,6.3125,7.75],"tintindex":0,"rotation":0,"texture":"#0"},"south":{"uv":[2.75,7.8125,2.875,8.0625],"tintindex":0,"rotation":0,"texture":"#0"},"north":{"uv":[1.8125,7.125,1.9375,7.375],"tintindex":0,"rotation":0,"texture":"#0"},"west":{"uv":[1.0,7.5625,1.5,7.8125],"tintindex":0,"rotation":0,"texture":"#0"},"up":{"uv":[7.125,8.1875,7.0,7.6875],"tintindex":0,"rotation":0,"texture":"#0"},"down":{"uv":[7.25,7.6875,7.125,8.1875],"tintindex":0,"rotation":0,"texture":"#0"}},"rotation":{"origin":[1.6399999,10.12,-3.3400002],"angle":-22.5,"axis":"x"}},{"from":[1.6399999,5.88,9.38],"to":[14.360001,8.0,19.98],"faces":{"east":{"uv":[5.6875,3.25,7.0,3.5],"tintindex":0,"rotation":0,"texture":"#0"},"south":{"uv":[5.6875,2.25,7.25,2.5],"tintindex":0,"rotation":0,"texture":"#0"},"north":{"uv":[5.6875,2.0,7.25,2.25],"tintindex":0,"rotation":0,"texture":"#0"},"west":{"uv":[5.6875,3.5,7.0,3.75],"tintindex":0,"rotation":0,"texture":"#0"},"up":{"uv":[4.6875,1.3125,3.125,0.0],"tintindex":0,"rotation":0,"texture":"#0"},"down":{"uv":[4.6875,1.3125,3.125,2.625],"tintindex":0,"rotation":0,"texture":"#0"}}},{"from":[5.88,6.94,22.1],"to":[10.12,9.059999,26.34],"faces":{"east":{"uv":[0.0,7.4375,0.5,7.6875],"tintindex":0,"rotation":0,"texture":"#0"},"south":{"uv":[0.5,7.4375,1.0,7.6875],"tintindex":0,"rotation":0,"texture":"#0"},"north":{"uv":[5.8125,7.25,6.3125,7.5],"tintindex":0,"rotation":0,"texture":"#0"},"west":{"uv":[7.0625,7.4375,7.5625,7.6875],"tintindex":0,"rotation":0,"texture":"#0"},"up":{"uv":[4.8125,6.875,4.3125,6.375],"tintindex":0,"rotation":0,"texture":"#0"},"down":{"uv":[6.3125,6.75,5.8125,7.25],"tintindex":0,"rotation":0,"texture":"#0"}}}],"display":{"gui":{"rotation":[30,225,0]}}}