{
	"credit": "145968 / 748FU42QN7T",
	"texture_size": [64, 64],
	"textures": {
		"0": "modelengine:entity/piglinmech_missile",
		"1": "modelengine:entity/piglin_missile_fx",
		"particle": "modelengine:entity/piglin_missile_fx"
	},
	"elements": [
		{
			"from": [3, 4, -14.5],
			"to": [13, 14, -8.5],
			"rotation": {"angle": 0, "axis": "y", "origin": [8, 5, -10.5]},
			"faces": {
				"north": {"uv": [6.875, 2.75, 9.375, 5.25], "texture": "#0"},
				"east": {"uv": [11.125, 0, 9.625, 2.5], "texture": "#0"},
				"south": {"uv": [6.875, 5.25, 9.375, 7.75], "texture": "#0"},
				"west": {"uv": [9.625, 0, 11.125, 2.5], "texture": "#0"},
				"up": {"uv": [11.125, 2.5, 9.625, 0], "rotation": 90, "texture": "#0"},
				"down": {"uv": [11.125, 0, 9.625, 2.5], "rotation": 90, "texture": "#0"}
			}
		},
		{
			"from": [3.5, 4.5, -8.5],
			"to": [12.5, 13.5, -7],
			"rotation": {"angle": 0, "axis": "y", "origin": [8, 5, -10.5]},
			"faces": {
				"north": {"uv": [6.875, 7.75, 9.125, 10], "texture": "#0"},
				"east": {"uv": [3.625, 5.5, 4, 7.75], "texture": "#0"},
				"south": {"uv": [0, 8.25, 2.25, 10.5], "texture": "#0"},
				"west": {"uv": [11.125, 0, 11.5, 2.25], "texture": "#0"},
				"up": {"uv": [13.375, 2.625, 11.125, 2.25], "texture": "#0"},
				"down": {"uv": [13.375, 7.625, 11.125, 8], "texture": "#0"}
			}
		},
		{
			"from": [4, 5, 9.5],
			"to": [12, 13, 13],
			"rotation": {"angle": 0, "axis": "y", "origin": [8, 5, 13.5]},
			"faces": {
				"north": {"uv": [9.125, 7.75, 11.125, 9.75], "texture": "#0"},
				"east": {"uv": [0, 10.5, 2, 11.375], "rotation": 90, "texture": "#0"},
				"south": {"uv": [9.375, 2.75, 11.375, 4.75], "texture": "#0"},
				"west": {"uv": [0, 10.5, 2, 11.375], "rotation": 90, "texture": "#0"},
				"up": {"uv": [2, 11.375, 0, 10.5], "texture": "#0"},
				"down": {"uv": [2, 10.5, 0, 11.375], "texture": "#0"}
			}
		},
		{
			"from": [6, 7, -15.5],
			"to": [10, 11, -14.5],
			"rotation": {"angle": 0, "axis": "y", "origin": [8, 5, -12]},
			"faces": {
				"north": {"uv": [5.75, 8.25, 6.75, 9.25], "texture": "#0"},
				"east": {"uv": [11.125, 8, 11.375, 9], "texture": "#0"},
				"south": {"uv": [10.875, 6.625, 11.875, 7.625], "texture": "#0"},
				"west": {"uv": [9.125, 11.25, 9.375, 12.25], "texture": "#0"},
				"up": {"uv": [3.75, 8, 2.75, 7.75], "texture": "#0"},
				"down": {"uv": [3.75, 8, 2.75, 8.25], "texture": "#0"}
			}
		},
		{
			"from": [2.5, 3.5, -7],
			"to": [13.5, 14.5, 9.5],
			"rotation": {"angle": 0, "axis": "y", "origin": [8, 5, -3]},
			"faces": {
				"north": {"uv": [0, 5.5, 2.75, 8.25], "texture": "#0"},
				"east": {"uv": [4.125, 0, 0, 2.75], "texture": "#0"},
				"south": {"uv": [6.875, 0, 9.625, 2.75], "texture": "#0"},
				"west": {"uv": [0, 0, 4.125, 2.75], "texture": "#0"},
				"up": {"uv": [0, 2.75, 4.125, 0], "rotation": 90, "texture": "#0"},
				"down": {"uv": [4.125, 0, 0, 2.75], "rotation": 90, "texture": "#0"}
			}
		},
		{
			"from": [-3, 8, 1],
			"to": [4, 10.5, 11.5],
			"rotation": {"angle": 0, "axis": "y", "origin": [-3, 5, -3]},
			"faces": {
				"north": {"uv": [4, 10.875, 5.75, 11.5], "texture": "#0"},
				"east": {"uv": [10.875, 4.75, 13.5, 5.375], "texture": "#0"},
				"south": {"uv": [10.875, 6, 12.625, 6.625], "texture": "#0"},
				"west": {"uv": [10.875, 5.375, 13.5, 6], "texture": "#0"},
				"up": {"uv": [4, 10.875, 2.25, 8.25], "texture": "#0"},
				"down": {"uv": [4, 8.25, 2.25, 10.875], "texture": "#0"}
			}
		},
		{
			"from": [12, 8, 1],
			"to": [19, 10.5, 11.5],
			"rotation": {"angle": 0, "axis": "y", "origin": [19, 5, -3]},
			"faces": {
				"north": {"uv": [5.75, 10.875, 4, 11.5], "texture": "#0"},
				"east": {"uv": [13.5, 5.375, 10.875, 6], "texture": "#0"},
				"south": {"uv": [12.625, 6, 10.875, 6.625], "texture": "#0"},
				"west": {"uv": [13.5, 4.75, 10.875, 5.375], "texture": "#0"},
				"up": {"uv": [2.25, 10.875, 4, 8.25], "texture": "#0"},
				"down": {"uv": [2.25, 8.25, 4, 10.875], "texture": "#0"}
			}
		},
		{
			"from": [6.5, 13, 1],
			"to": [9, 20, 11.5],
			"rotation": {"angle": 0, "axis": "y", "origin": [12, 20, -3]},
			"faces": {
				"north": {"uv": [5.75, 10.875, 4, 11.5], "rotation": 90, "texture": "#0"},
				"east": {"uv": [2.25, 8.25, 4, 10.875], "rotation": 270, "texture": "#0"},
				"south": {"uv": [12.625, 6, 10.875, 6.625], "rotation": 270, "texture": "#0"},
				"west": {"uv": [2.25, 10.875, 4, 8.25], "rotation": 270, "texture": "#0"},
				"up": {"uv": [13.5, 5.375, 10.875, 6], "rotation": 270, "texture": "#0"},
				"down": {"uv": [13.5, 4.75, 10.875, 5.375], "rotation": 270, "texture": "#0"}
			}
		},
		{
			"from": [6.5, -2, 1],
			"to": [9, 5, 11.5],
			"rotation": {"angle": 0, "axis": "y", "origin": [12, -2, -3]},
			"faces": {
				"north": {"uv": [4, 10.875, 5.75, 11.5], "rotation": 90, "texture": "#0"},
				"east": {"uv": [4, 8.25, 2.25, 10.875], "rotation": 270, "texture": "#0"},
				"south": {"uv": [10.875, 6, 12.625, 6.625], "rotation": 270, "texture": "#0"},
				"west": {"uv": [4, 10.875, 2.25, 8.25], "rotation": 270, "texture": "#0"},
				"up": {"uv": [10.875, 4.75, 13.5, 5.375], "rotation": 270, "texture": "#0"},
				"down": {"uv": [10.875, 5.375, 13.5, 6], "rotation": 270, "texture": "#0"}
			}
		},
		{
			"from": [-8, -7, 13.25],
			"to": [24, 25, 13.25],
			"rotation": {"angle": 0, "axis": "y", "origin": [8, 9, 13.25]},
			"faces": {
				"north": {"uv": [0, 0, 8, 8], "texture": "#1"},
				"east": {"uv": [0, 0, 0, 8], "texture": "#1"},
				"south": {"uv": [0, 0, 8, 8], "texture": "#1"},
				"west": {"uv": [0, 0, 0, 8], "texture": "#1"},
				"up": {"uv": [8, 0, 0, 0], "texture": "#1"},
				"down": {"uv": [8, 0, 0, 0], "texture": "#1"}
			}
		},
		{
			"from": [2, 9, 13.25],
			"to": [14, 9, 32],
			"rotation": {"angle": 0, "axis": "z", "origin": [8, 9, 13.25]},
			"faces": {
				"north": {"uv": [0, 0, 0, 3], "rotation": 90, "texture": "#1"},
				"east": {"uv": [0, 0, 0, 4.75], "rotation": 270, "texture": "#1"},
				"south": {"uv": [0, 0, 0, 3], "rotation": 270, "texture": "#1"},
				"west": {"uv": [0, 4.75, 0, 0], "rotation": 270, "texture": "#1"},
				"up": {"uv": [8, 0, 12.75, 3], "rotation": 270, "texture": "#1"},
				"down": {"uv": [12.75, 3, 8, 0], "rotation": 270, "texture": "#1"}
			}
		},
		{
			"from": [8, 3, 13.25],
			"to": [8, 15, 32],
			"rotation": {"angle": 0, "axis": "y", "origin": [8, 9, 22.625]},
			"faces": {
				"north": {"uv": [0, 0, 0, 3], "texture": "#1"},
				"east": {"uv": [8, 0, 12.75, 3], "texture": "#1"},
				"south": {"uv": [0, 0, 0, 3], "texture": "#1"},
				"west": {"uv": [12.75, 0, 8, 3], "texture": "#1"},
				"up": {"uv": [0, 4.75, 0, 0], "texture": "#1"},
				"down": {"uv": [0, 0, 0, 4.75], "texture": "#1"}
			}
		}
	],
	"display": {
		"head": {
			"translation": [0, 0, 47],
			"scale": [3, 3, 3]
		}
	}
}