{
	"credit": "Made with Blockbench",
	"texture_size": [32, 32],
	"textures": {
		"0": "modelengine:entity/piglinmech_laser"
	},
	"elements": [
		{
			"from": [7, 5, -3],
			"to": [9, 7, 19],
			"faces": {
				"north": {"uv": [6, 2, 7, 3], "texture": "#0"},
				"east": {"uv": [4, 0, 16, 1], "texture": "#0"},
				"south": {"uv": [6, 3, 7, 4], "texture": "#0"},
				"west": {"uv": [4, 1, 16, 2], "texture": "#0"},
				"up": {"uv": [5, 14, 4, 2], "texture": "#0"},
				"down": {"uv": [6, 2, 5, 14], "texture": "#0"}
			}
		},
		{
			"from": [6, 8, -4],
			"to": [10, 8, 20],
			"faces": {
				"north": {"uv": [0, 0, 2, 0], "texture": "#0"},
				"east": {"uv": [0, 0, 12, 0], "texture": "#0"},
				"south": {"uv": [0, 0, 2, 0], "texture": "#0"},
				"west": {"uv": [0, 0, 12, 0], "texture": "#0"},
				"up": {"uv": [16, 16, 14, 4], "texture": "#0"},
				"down": {"uv": [4, 0, 2, 12], "texture": "#0"}
			}
		},
		{
			"from": [10, 4, -4],
			"to": [10, 8, 20],
			"rotation": {"angle": 0, "axis": "z", "origin": [8, 1, 4]},
			"faces": {
				"north": {"uv": [0, 0, 2, 0], "rotation": 270, "texture": "#0"},
				"east": {"uv": [16, 16, 14, 4], "rotation": 90, "texture": "#0"},
				"south": {"uv": [0, 0, 2, 0], "rotation": 90, "texture": "#0"},
				"west": {"uv": [4, 0, 2, 12], "rotation": 90, "texture": "#0"},
				"up": {"uv": [0, 0, 12, 0], "rotation": 90, "texture": "#0"},
				"down": {"uv": [0, 0, 12, 0], "rotation": 90, "texture": "#0"}
			}
		},
		{
			"from": [6, 4, -4],
			"to": [6, 8, 20],
			"rotation": {"angle": 0, "axis": "z", "origin": [8, 1, 4]},
			"faces": {
				"north": {"uv": [0, 0, 2, 0], "rotation": 90, "texture": "#0"},
				"east": {"uv": [4, 0, 2, 12], "rotation": 270, "texture": "#0"},
				"south": {"uv": [0, 0, 2, 0], "rotation": 270, "texture": "#0"},
				"west": {"uv": [16, 16, 14, 4], "rotation": 270, "texture": "#0"},
				"up": {"uv": [0, 0, 12, 0], "rotation": 270, "texture": "#0"},
				"down": {"uv": [0, 0, 12, 0], "rotation": 270, "texture": "#0"}
			}
		},
		{
			"from": [6, 4, -4],
			"to": [10, 4, 20],
			"rotation": {"angle": 0, "axis": "z", "origin": [8, 1, 4]},
			"faces": {
				"north": {"uv": [0, 0, 2, 0], "rotation": 180, "texture": "#0"},
				"east": {"uv": [0, 0, 12, 0], "rotation": 180, "texture": "#0"},
				"south": {"uv": [0, 0, 2, 0], "rotation": 180, "texture": "#0"},
				"west": {"uv": [0, 0, 12, 0], "rotation": 180, "texture": "#0"},
				"up": {"uv": [4, 0, 2, 12], "rotation": 180, "texture": "#0"},
				"down": {"uv": [16, 16, 14, 4], "rotation": 180, "texture": "#0"}
			}
		},
		{
			"from": [6, 4, -4],
			"to": [10, 8, -4],
			"rotation": {"angle": 0, "axis": "x", "origin": [8, -9, -6]},
			"faces": {
				"north": {"uv": [16, 16, 14, 4], "texture": "#0"},
				"east": {"uv": [0, 0, 12, 0], "rotation": 90, "texture": "#0"},
				"south": {"uv": [4, 0, 2, 12], "rotation": 180, "texture": "#0"},
				"west": {"uv": [0, 0, 12, 0], "rotation": 270, "texture": "#0"},
				"up": {"uv": [0, 0, 2, 0], "texture": "#0"},
				"down": {"uv": [0, 0, 2, 0], "rotation": 180, "texture": "#0"}
			}
		},
		{
			"from": [6, 4, 20],
			"to": [10, 8, 20],
			"rotation": {"angle": 0, "axis": "x", "origin": [8, -9, 22]},
			"faces": {
				"north": {"uv": [2, 0, 4, 12], "rotation": 180, "texture": "#0"},
				"east": {"uv": [0, 0, 12, 0], "rotation": 90, "texture": "#0"},
				"south": {"uv": [14, 16, 16, 4], "texture": "#0"},
				"west": {"uv": [0, 0, 12, 0], "rotation": 270, "texture": "#0"},
				"up": {"uv": [0, 0, 2, 0], "texture": "#0"},
				"down": {"uv": [0, 0, 2, 0], "rotation": 180, "texture": "#0"}
			}
		}
	],
	"display": {
		"head": {
			"translation": [0, 3.5, 35],
			"scale": [2, 2, 4]
		}
	}
}