{"textures":{"0":"modelengine:entity/mso_seahorse3"},"elements":[{"from":[6.5,1.5,5.0],"to":[8.5,6.5,8.0],"faces":{"east":{"uv":[7.0,4.0,8.5,6.5],"tintindex":0,"rotation":0,"texture":"#0"},"south":{"uv":[9.5,9.5,10.5,12.0],"tintindex":0,"rotation":0,"texture":"#0"},"north":{"uv":[9.5,7.0,10.5,9.5],"tintindex":0,"rotation":0,"texture":"#0"},"west":{"uv":[7.0,6.5,8.5,9.0],"tintindex":0,"rotation":0,"texture":"#0"},"up":{"uv":[2.0,12.5,1.0,11.0],"tintindex":0,"rotation":0,"texture":"#0"},"down":{"uv":[3.0,11.0,2.0,12.5],"tintindex":0,"rotation":0,"texture":"#0"}},"rotation":{"origin":[8.0,8.0,8.0],"angle":-22.5,"axis":"x"}},{"from":[6.5,-0.5,1.0],"to":[8.5,1.5,8.0],"faces":{"east":{"uv":[3.0,8.5,6.5,9.5],"tintindex":0,"rotation":0,"texture":"#0"},"south":{"uv":[11.5,1.5,12.5,2.5],"tintindex":0,"rotation":0,"texture":"#0"},"north":{"uv":[11.0,6.0,12.0,7.0],"tintindex":0,"rotation":0,"texture":"#0"},"west":{"uv":[8.5,4.0,12.0,5.0],"tintindex":0,"rotation":0,"texture":"#0"},"up":{"uv":[9.5,8.5,8.5,5.0],"tintindex":0,"rotation":0,"texture":"#0"},"down":{"uv":[9.5,8.5,8.5,12.0],"tintindex":0,"rotation":0,"texture":"#0"}},"rotation":{"origin":[8.0,8.0,8.0],"angle":-22.5,"axis":"x"}},{"from":[6.5,1.5,1.0],"to":[8.5,3.5,4.0],"faces":{"east":{"uv":[11.0,5.0,12.5,6.0],"tintindex":0,"rotation":0,"texture":"#0"},"south":{"uv":[11.5,7.0,12.5,8.0],"tintindex":0,"rotation":0,"texture":"#0"},"north":{"uv":[5.0,11.5,6.0,12.5],"tintindex":0,"rotation":0,"texture":"#0"},"west":{"uv":[6.0,11.0,7.5,12.0],"tintindex":0,"rotation":0,"texture":"#0"},"up":{"uv":[8.5,12.5,7.5,11.0],"tintindex":0,"rotation":0,"texture":"#0"},"down":{"uv":[12.5,0.0,11.5,1.5],"tintindex":0,"rotation":0,"texture":"#0"}},"rotation":{"origin":[8.0,8.0,8.0],"angle":-22.5,"axis":"x"}}],"display":{"gui":{"rotation":[30,225,0]}}}