{"textures":{"0":"modelengine:entity/mso_seahorse3"},"elements":[{"from":[8.0,4.476786,10.096198],"to":[8.0,14.476786,17.096199],"faces":{"east":{"uv":[0.0,0.0,3.5,5.0],"tintindex":0,"rotation":0,"texture":"#0"},"west":{"uv":[3.5,0.0,7.0,5.0],"tintindex":0,"rotation":0,"texture":"#0"}},"rotation":{"origin":[9.5,7.976786,10.096198],"angle":22.5,"axis":"x"}},{"from":[6.5,4.476786,8.096198],"to":[9.5,11.476786,12.096198],"faces":{"east":{"uv":[0.0,5.0,2.0,8.5],"tintindex":0,"rotation":0,"texture":"#0"},"south":{"uv":[5.5,5.0,7.0,8.5],"tintindex":0,"rotation":0,"texture":"#0"},"north":{"uv":[4.0,5.0,5.5,8.5],"tintindex":0,"rotation":0,"texture":"#0"},"west":{"uv":[2.0,5.0,4.0,8.5],"tintindex":0,"rotation":0,"texture":"#0"},"up":{"uv":[10.5,2.0,9.0,0.0],"tintindex":0,"rotation":0,"texture":"#0"},"down":{"uv":[10.5,2.0,9.0,4.0],"tintindex":0,"rotation":0,"texture":"#0"}},"rotation":{"origin":[8.0,7.976786,10.096198],"angle":22.5,"axis":"x"}}],"display":{"gui":{"rotation":[30,225,0]}}}