{"textures":{"0":"modelengine:entity/mso_seahorse3"},"elements":[{"from":[7.0,5.662842,7.587516],"to":[9.0,10.662842,10.587515],"faces":{"east":{"uv":[0.0,8.5,1.5,11.0],"tintindex":0,"rotation":0,"texture":"#0"},"south":{"uv":[10.5,7.0,11.5,9.5],"tintindex":0,"rotation":0,"texture":"#0"},"north":{"uv":[10.5,0.0,11.5,2.5],"tintindex":0,"rotation":0,"texture":"#0"},"west":{"uv":[1.5,8.5,3.0,11.0],"tintindex":0,"rotation":0,"texture":"#0"},"up":{"uv":[4.0,13.0,3.0,11.5],"tintindex":0,"rotation":0,"texture":"#0"},"down":{"uv":[5.0,11.5,4.0,13.0],"tintindex":0,"rotation":0,"texture":"#0"}},"rotation":{"origin":[8.5,4.1628423,7.587516],"angle":-22.5,"axis":"x"}},{"from":[7.0,8.662842,2.5875154],"to":[9.0,10.662842,7.587516],"faces":{"east":{"uv":[10.5,2.5,13.0,3.5],"tintindex":0,"rotation":0,"texture":"#0"},"south":{"uv":[11.5,10.5,12.5,11.5],"tintindex":0,"rotation":0,"texture":"#0"},"north":{"uv":[11.5,8.0,12.5,9.0],"tintindex":0,"rotation":0,"texture":"#0"},"west":{"uv":[10.5,9.5,13.0,10.5],"tintindex":0,"rotation":0,"texture":"#0"},"up":{"uv":[11.5,13.0,10.5,10.5],"tintindex":0,"rotation":0,"texture":"#0"},"down":{"uv":[1.0,11.0,0.0,13.5],"tintindex":0,"rotation":0,"texture":"#0"}},"rotation":{"origin":[8.5,4.1628423,7.587516],"angle":-22.5,"axis":"x"}},{"from":[6.5,7.7801447,5.177234],"to":[9.5,11.780145,9.177235],"faces":{"east":{"uv":[7.0,0.0,9.0,2.0],"tintindex":0,"rotation":0,"texture":"#0"},"south":{"uv":[3.0,9.5,4.5,11.5],"tintindex":0,"rotation":0,"texture":"#0"},"north":{"uv":[6.5,9.0,8.0,11.0],"tintindex":0,"rotation":0,"texture":"#0"},"west":{"uv":[7.0,2.0,9.0,4.0],"tintindex":0,"rotation":0,"texture":"#0"},"up":{"uv":[6.0,11.5,4.5,9.5],"tintindex":0,"rotation":0,"texture":"#0"},"down":{"uv":[11.0,5.0,9.5,7.0],"tintindex":0,"rotation":0,"texture":"#0"}},"rotation":{"origin":[7.5,10.280145,6.677234],"angle":-45.0,"axis":"x"}}],"display":{"gui":{"rotation":[30,225,0]}}}