{"textures":{"0":"modelengine:entity/skulkzombie"},"elements":[{"from":[4.0,-4.0,6.0],"to":[12.0,8.0,10.0],"faces":{"east":{"uv":[0.0,11.0,1.0,8.0],"tintindex":0,"rotation":0,"texture":"#0"},"south":{"uv":[4.0,11.0,6.0,8.0],"tintindex":0,"rotation":0,"texture":"#0"},"north":{"uv":[1.0,11.0,3.0,8.0],"tintindex":0,"rotation":0,"texture":"#0"},"west":{"uv":[3.0,11.0,4.0,8.0],"tintindex":0,"rotation":0,"texture":"#0"},"up":{"uv":[3.0,11.0,1.0,12.0],"tintindex":0,"rotation":0,"texture":"#0"},"down":{"uv":[5.0,11.0,3.0,12.0],"tintindex":0,"rotation":0,"texture":"#0"}}}],"display":{"gui":{"rotation":[30,225,0]}}}