{"textures":{"0":"modelengine:entity/skulkzombie"},"elements":[{"from":[3.5,7.5,3.5],"to":[12.5,16.5,12.5],"faces":{"east":{"uv":[0.0,14.0,2.0,12.0],"tintindex":0,"rotation":0,"texture":"#0"},"south":{"uv":[6.0,14.0,8.0,12.0],"tintindex":0,"rotation":0,"texture":"#0"},"north":{"uv":[2.0,14.0,4.0,12.0],"tintindex":0,"rotation":0,"texture":"#0"},"west":{"uv":[4.0,14.0,6.0,12.0],"tintindex":0,"rotation":0,"texture":"#0"},"up":{"uv":[4.0,16.0,2.0,14.0],"tintindex":0,"rotation":0,"texture":"#0"},"down":{"uv":[6.0,14.0,4.0,16.0],"tintindex":0,"rotation":0,"texture":"#0"}}},{"from":[4.0,16.0,4.0],"to":[10.0,22.0,10.0],"faces":{"east":{"uv":[7.5,8.25,9.0,6.75],"tintindex":0,"rotation":0,"texture":"#0"},"south":{"uv":[9.0,8.25,10.5,6.75],"tintindex":0,"rotation":0,"texture":"#0"},"north":{"uv":[6.0,8.25,7.5,6.75],"tintindex":0,"rotation":0,"texture":"#0"},"west":{"uv":[10.5,8.25,12.0,6.75],"tintindex":0,"rotation":0,"texture":"#0"},"up":{"uv":[4.0,0.0,6.0,2.5],"tintindex":0,"rotation":0,"texture":"#0"},"down":{"uv":[4.0,0.0,6.0,2.0],"tintindex":0,"rotation":0,"texture":"#0"}},"rotation":{"origin":[8.0,20.0,7.0],"angle":22.5,"axis":"y"}}],"display":{"gui":{"rotation":[30,225,0]}}}