{"textures":{"0":"modelengine:entity/skulkzombie"},"elements":[{"from":[4.0,8.0,4.0],"to":[12.0,16.0,12.0],"faces":{"east":{"uv":[8.25,11.25,10.25,13.25],"tintindex":0,"rotation":0,"texture":"#0"},"south":{"uv":[8.5,11.5,10.25,13.25],"tintindex":0,"rotation":0,"texture":"#0"},"north":{"uv":[7.75,12.0,9.75,10.25],"tintindex":0,"rotation":0,"texture":"#0"},"west":{"uv":[8.25,11.5,10.0,13.25],"tintindex":0,"rotation":0,"texture":"#0"},"up":{"uv":[10.75,13.25,8.5,11.5],"tintindex":0,"rotation":0,"texture":"#0"},"down":{"uv":[10.5,11.5,8.5,13.25],"tintindex":0,"rotation":0,"texture":"#0"}}}],"display":{"gui":{"rotation":[30,225,0]}}}