{"textures":{"0":"modelengine:entity/skulkzombie"},"elements":[{"from":[5.9,-4.0,6.0],"to":[9.9,8.0,10.0],"faces":{"east":{"uv":[8.0,5.75,9.0,2.75],"tintindex":0,"rotation":0,"texture":"#0"},"south":{"uv":[11.0,5.75,12.0,2.75],"tintindex":0,"rotation":0,"texture":"#0"},"north":{"uv":[9.0,5.75,10.0,2.75],"tintindex":0,"rotation":0,"texture":"#0"},"west":{"uv":[10.0,5.75,11.0,2.75],"tintindex":0,"rotation":0,"texture":"#0"},"up":{"uv":[10.0,6.75,9.0,5.75],"tintindex":0,"rotation":0,"texture":"#0"},"down":{"uv":[7.0,5.75,6.0,6.75],"tintindex":0,"rotation":0,"texture":"#0"}}}],"display":{"gui":{"rotation":[30,225,0]}}}