{"textures":{"0":"modelengine:entity/skulkzombie"},"elements":[{"from":[5.0,-2.0,6.0],"to":[9.0,10.0,10.0],"faces":{"east":{"uv":[0.0,7.0,1.0,4.0],"tintindex":0,"rotation":0,"texture":"#0"},"south":{"uv":[4.0,7.0,3.0,4.0],"tintindex":0,"rotation":0,"texture":"#0"},"north":{"uv":[1.0,7.0,2.0,4.0],"tintindex":0,"rotation":0,"texture":"#0"},"west":{"uv":[2.0,7.0,3.0,4.0],"tintindex":0,"rotation":0,"texture":"#0"},"up":{"uv":[1.0,7.0,2.0,8.0],"tintindex":0,"rotation":0,"texture":"#0"},"down":{"uv":[2.0,7.0,3.0,8.0],"tintindex":0,"rotation":0,"texture":"#0"}}}],"display":{"gui":{"rotation":[30,225,0]}}}