{"textures":{"0":"modelengine:entity/skulkzombie"},"elements":[{"from":[6.1,-4.0,6.0],"to":[10.1,8.0,10.0],"faces":{"east":{"uv":[11.0,15.0,12.0,12.0],"tintindex":0,"rotation":0,"texture":"#0"},"south":{"uv":[14.0,15.0,15.0,12.0],"tintindex":0,"rotation":0,"texture":"#0"},"north":{"uv":[12.0,15.0,13.0,12.0],"tintindex":0,"rotation":0,"texture":"#0"},"west":{"uv":[13.0,15.0,14.0,12.0],"tintindex":0,"rotation":0,"texture":"#0"},"up":{"uv":[13.0,16.0,12.0,15.0],"tintindex":0,"rotation":0,"texture":"#0"},"down":{"uv":[7.0,5.75,6.0,6.75],"tintindex":0,"rotation":0,"texture":"#0"}}}],"display":{"gui":{"rotation":[30,225,0]}}}