{"textures":{"0":"modelengine:entity/skulkzombie"},"elements":[{"from":[7.0,-2.0,6.0],"to":[11.0,10.0,10.0],"faces":{"east":{"uv":[2.0,7.0,3.0,4.0],"tintindex":0,"rotation":0,"texture":"#0"},"south":{"uv":[1.0,7.0,2.0,4.0],"tintindex":0,"rotation":0,"texture":"#0"},"north":{"uv":[3.0,7.0,4.0,4.0],"tintindex":0,"rotation":0,"texture":"#0"},"west":{"uv":[0.0,7.0,1.0,4.0],"tintindex":0,"rotation":0,"texture":"#0"},"up":{"uv":[2.0,8.0,1.0,7.0],"tintindex":0,"rotation":0,"texture":"#0"},"down":{"uv":[3.0,7.0,2.0,8.0],"tintindex":0,"rotation":0,"texture":"#0"}}}],"display":{"gui":{"rotation":[30,225,0]}}}