{"textures":{"0":"modelengine:entity/obsidian"},"elements":[{"from":[2.4,11.2,3.1999998],"to":[10.4,19.2,11.2],"faces":{"east":{"uv":[0.0,0.0,16.0,16.0],"tintindex":0,"rotation":0,"texture":"#0"},"south":{"uv":[0.0,0.0,16.0,16.0],"tintindex":0,"rotation":0,"texture":"#0"},"north":{"uv":[0.0,0.0,16.0,16.0],"tintindex":0,"rotation":0,"texture":"#0"},"west":{"uv":[0.0,0.0,16.0,16.0],"tintindex":0,"rotation":0,"texture":"#0"},"up":{"uv":[0.0,0.0,16.0,16.0],"tintindex":0,"rotation":0,"texture":"#0"},"down":{"uv":[0.0,0.0,16.0,16.0],"tintindex":0,"rotation":0,"texture":"#0"}}},{"from":[10.4,3.1999998,-4.8],"to":[18.4,11.2,3.1999998],"faces":{"east":{"uv":[0.0,0.0,16.0,16.0],"tintindex":0,"rotation":0,"texture":"#0"},"south":{"uv":[0.0,0.0,16.0,16.0],"tintindex":0,"rotation":0,"texture":"#0"},"north":{"uv":[0.0,0.0,16.0,16.0],"tintindex":0,"rotation":0,"texture":"#0"},"west":{"uv":[0.0,0.0,16.0,16.0],"tintindex":0,"rotation":0,"texture":"#0"},"up":{"uv":[0.0,0.0,16.0,16.0],"tintindex":0,"rotation":0,"texture":"#0"},"down":{"uv":[0.0,0.0,16.0,16.0],"tintindex":0,"rotation":0,"texture":"#0"}}},{"from":[2.4,3.1999998,3.1999998],"to":[10.4,11.2,11.2],"faces":{"east":{"uv":[0.0,0.0,16.0,16.0],"tintindex":0,"rotation":0,"texture":"#0"},"south":{"uv":[0.0,0.0,16.0,16.0],"tintindex":0,"rotation":0,"texture":"#0"},"north":{"uv":[0.0,0.0,16.0,16.0],"tintindex":0,"rotation":0,"texture":"#0"},"west":{"uv":[0.0,0.0,16.0,16.0],"tintindex":0,"rotation":0,"texture":"#0"},"up":{"uv":[0.0,0.0,16.0,16.0],"tintindex":0,"rotation":0,"texture":"#0"},"down":{"uv":[0.0,0.0,16.0,16.0],"tintindex":0,"rotation":0,"texture":"#0"}}},{"from":[2.4,3.1999998,11.2],"to":[10.4,11.2,19.2],"faces":{"east":{"uv":[0.0,0.0,16.0,16.0],"tintindex":0,"rotation":0,"texture":"#0"},"south":{"uv":[0.0,0.0,16.0,16.0],"tintindex":0,"rotation":0,"texture":"#0"},"north":{"uv":[0.0,0.0,16.0,16.0],"tintindex":0,"rotation":0,"texture":"#0"},"west":{"uv":[0.0,0.0,16.0,16.0],"tintindex":0,"rotation":0,"texture":"#0"},"up":{"uv":[0.0,0.0,16.0,16.0],"tintindex":0,"rotation":0,"texture":"#0"},"down":{"uv":[0.0,0.0,16.0,16.0],"tintindex":0,"rotation":0,"texture":"#0"}}},{"from":[10.4,3.1999998,3.1999998],"to":[18.4,11.2,11.2],"faces":{"east":{"uv":[0.0,0.0,16.0,16.0],"tintindex":0,"rotation":0,"texture":"#0"},"south":{"uv":[0.0,0.0,16.0,16.0],"tintindex":0,"rotation":0,"texture":"#0"},"north":{"uv":[0.0,0.0,16.0,16.0],"tintindex":0,"rotation":0,"texture":"#0"},"west":{"uv":[0.0,0.0,16.0,16.0],"tintindex":0,"rotation":0,"texture":"#0"},"up":{"uv":[0.0,0.0,16.0,16.0],"tintindex":0,"rotation":0,"texture":"#0"},"down":{"uv":[0.0,0.0,16.0,16.0],"tintindex":0,"rotation":0,"texture":"#0"}}},{"from":[-5.6000004,3.1999998,3.1999998],"to":[2.4,11.2,11.2],"faces":{"east":{"uv":[0.0,0.0,16.0,16.0],"tintindex":0,"rotation":0,"texture":"#0"},"south":{"uv":[0.0,0.0,16.0,16.0],"tintindex":0,"rotation":0,"texture":"#0"},"north":{"uv":[0.0,0.0,16.0,16.0],"tintindex":0,"rotation":0,"texture":"#0"},"west":{"uv":[0.0,0.0,16.0,16.0],"tintindex":0,"rotation":0,"texture":"#0"},"up":{"uv":[0.0,0.0,16.0,16.0],"tintindex":0,"rotation":0,"texture":"#0"},"down":{"uv":[0.0,0.0,16.0,16.0],"tintindex":0,"rotation":0,"texture":"#0"}}},{"from":[2.4,11.2,11.2],"to":[10.4,19.2,19.2],"faces":{"east":{"uv":[0.0,0.0,16.0,16.0],"tintindex":0,"rotation":0,"texture":"#0"},"south":{"uv":[0.0,0.0,16.0,16.0],"tintindex":0,"rotation":0,"texture":"#0"},"north":{"uv":[0.0,0.0,16.0,16.0],"tintindex":0,"rotation":0,"texture":"#0"},"west":{"uv":[0.0,0.0,16.0,16.0],"tintindex":0,"rotation":0,"texture":"#0"},"up":{"uv":[0.0,0.0,16.0,16.0],"tintindex":0,"rotation":0,"texture":"#0"},"down":{"uv":[0.0,0.0,16.0,16.0],"tintindex":0,"rotation":0,"texture":"#0"}}},{"from":[2.4,-4.8,3.1999998],"to":[10.4,3.1999998,11.2],"faces":{"east":{"uv":[0.0,0.0,16.0,16.0],"tintindex":0,"rotation":0,"texture":"#0"},"south":{"uv":[0.0,0.0,16.0,16.0],"tintindex":0,"rotation":0,"texture":"#0"},"north":{"uv":[0.0,0.0,16.0,16.0],"tintindex":0,"rotation":0,"texture":"#0"},"west":{"uv":[0.0,0.0,16.0,16.0],"tintindex":0,"rotation":0,"texture":"#0"},"up":{"uv":[0.0,0.0,16.0,16.0],"tintindex":0,"rotation":0,"texture":"#0"},"down":{"uv":[0.0,0.0,16.0,16.0],"tintindex":0,"rotation":0,"texture":"#0"}}},{"from":[2.4,3.1999998,-4.8],"to":[10.4,11.2,3.1999998],"faces":{"east":{"uv":[0.0,0.0,16.0,16.0],"tintindex":0,"rotation":0,"texture":"#0"},"south":{"uv":[0.0,0.0,16.0,16.0],"tintindex":0,"rotation":0,"texture":"#0"},"north":{"uv":[0.0,0.0,16.0,16.0],"tintindex":0,"rotation":0,"texture":"#0"},"west":{"uv":[0.0,0.0,16.0,16.0],"tintindex":0,"rotation":0,"texture":"#0"},"up":{"uv":[0.0,0.0,16.0,16.0],"tintindex":0,"rotation":0,"texture":"#0"},"down":{"uv":[0.0,0.0,16.0,16.0],"tintindex":0,"rotation":0,"texture":"#0"}}},{"from":[10.4,3.1999998,11.2],"to":[18.4,11.2,19.2],"faces":{"east":{"uv":[0.0,0.0,16.0,16.0],"tintindex":0,"rotation":0,"texture":"#0"},"south":{"uv":[0.0,0.0,16.0,16.0],"tintindex":0,"rotation":0,"texture":"#0"},"north":{"uv":[0.0,0.0,16.0,16.0],"tintindex":0,"rotation":0,"texture":"#0"},"west":{"uv":[0.0,0.0,16.0,16.0],"tintindex":0,"rotation":0,"texture":"#0"},"up":{"uv":[0.0,0.0,16.0,16.0],"tintindex":0,"rotation":0,"texture":"#0"},"down":{"uv":[0.0,0.0,16.0,16.0],"tintindex":0,"rotation":0,"texture":"#0"}}}],"display":{"gui":{"rotation":[30,225,0]}}}