{"textures":{"0":"modelengine:entity/forester"},"elements":[{"from":[4.0,8.0,6.0],"to":[12.0,14.0,10.0],"faces":{"east":{"uv":[10.0,10.25,11.0,11.75],"tintindex":0,"rotation":0,"texture":"#0"},"south":{"uv":[0.0,6.0,2.0,7.5],"tintindex":0,"rotation":0,"texture":"#0"},"north":{"uv":[2.0,5.5,4.0,7.0],"tintindex":0,"rotation":0,"texture":"#0"},"west":{"uv":[0.0,10.5,1.0,12.0],"tintindex":0,"rotation":0,"texture":"#0"},"up":{"uv":[8.0,7.0,6.0,6.0],"tintindex":0,"rotation":0,"texture":"#0"},"down":{"uv":[6.0,6.5,4.0,7.5],"tintindex":0,"rotation":0,"texture":"#0"}}}],"display":{"gui":{"rotation":[30,225,0]}}}