{"textures":{"0":"modelengine:entity/forester"},"elements":[{"from":[8.0,5.0004997,3.6],"to":[8.0,10.0005,8.5],"faces":{"east":{"uv":[8.5,0.0,7.25,1.25],"tintindex":0,"rotation":0,"texture":"#0"},"west":{"uv":[7.25,0.0,8.5,1.25],"tintindex":0,"rotation":0,"texture":"#0"}}},{"from":[8.0,7.0004997,7.5],"to":[8.0,10.0005,12.5],"faces":{"east":{"uv":[12.0,2.5,13.25,3.25],"tintindex":0,"rotation":0,"texture":"#0"},"west":{"uv":[12.0,3.25,13.25,4.0],"tintindex":0,"rotation":0,"texture":"#0"}}},{"from":[6.5,8.4995,7.5],"to":[9.5,8.4995,12.5],"faces":{"up":{"uv":[12.0,2.5,13.25,3.25],"tintindex":0,"rotation":270,"texture":"#0"},"down":{"uv":[12.0,3.25,13.25,4.0],"tintindex":0,"rotation":270,"texture":"#0"}}},{"from":[5.5,7.4995003,3.6],"to":[10.5,7.4995003,8.5],"faces":{"up":{"uv":[8.5,0.0,7.25,1.25],"tintindex":0,"rotation":270,"texture":"#0"},"down":{"uv":[7.25,0.0,8.5,1.25],"tintindex":0,"rotation":270,"texture":"#0"}}}],"display":{"gui":{"rotation":[30,225,0]}}}