{"textures":{"0":"modelengine:entity/forester"},"elements":[{"from":[6.001,2.001,6.001],"to":[9.999,7.999,9.999],"faces":{"east":{"uv":[8.25,7.25,9.25,8.75],"tintindex":0,"rotation":0,"texture":"#0"},"south":{"uv":[7.0,8.5,8.0,10.0],"tintindex":0,"rotation":0,"texture":"#0"},"north":{"uv":[6.0,8.25,7.0,9.75],"tintindex":0,"rotation":0,"texture":"#0"},"west":{"uv":[2.0,8.75,3.0,10.25],"tintindex":0,"rotation":0,"texture":"#0"},"up":{"uv":[12.0,10.75,11.0,9.75],"tintindex":0,"rotation":0,"texture":"#0"},"down":{"uv":[12.0,10.75,11.0,11.75],"tintindex":0,"rotation":0,"texture":"#0"}}},{"from":[6.0,3.0,10.0],"to":[10.0,7.0,11.0],"faces":{"east":{"uv":[7.75,2.75,8.0,3.75],"tintindex":0,"rotation":0,"texture":"#0"},"south":{"uv":[1.75,11.75,2.75,12.75],"tintindex":0,"rotation":0,"texture":"#0"},"north":{"uv":[6.75,11.5,7.75,12.5],"tintindex":0,"rotation":0,"texture":"#0"},"west":{"uv":[8.0,5.75,8.25,6.75],"tintindex":0,"rotation":0,"texture":"#0"},"up":{"uv":[13.25,1.0,12.25,0.75],"tintindex":0,"rotation":0,"texture":"#0"},"down":{"uv":[14.5,11.0,13.5,11.25],"tintindex":0,"rotation":0,"texture":"#0"}}}],"display":{"gui":{"rotation":[30,225,0]}}}