{"textures":{"0":"modelengine:entity/forester"},"elements":[{"from":[6.001,2.001,6.001],"to":[9.999,7.999,9.999],"faces":{"east":{"uv":[9.25,0.0,10.25,1.5],"tintindex":0,"rotation":0,"texture":"#0"},"south":{"uv":[9.25,5.75,10.25,7.25],"tintindex":0,"rotation":0,"texture":"#0"},"north":{"uv":[9.0,8.75,10.0,10.25],"tintindex":0,"rotation":0,"texture":"#0"},"west":{"uv":[9.25,7.25,10.25,8.75],"tintindex":0,"rotation":0,"texture":"#0"},"up":{"uv":[12.25,7.5,11.25,6.5],"tintindex":0,"rotation":0,"texture":"#0"},"down":{"uv":[12.25,7.5,11.25,8.5],"tintindex":0,"rotation":0,"texture":"#0"}}},{"from":[6.1,2.0,5.0],"to":[10.0,4.0,6.0],"faces":{"east":{"uv":[1.75,10.5,2.0,11.0],"tintindex":0,"rotation":0,"texture":"#0"},"south":{"uv":[13.25,8.0,14.25,8.5],"tintindex":0,"rotation":0,"texture":"#0"},"north":{"uv":[13.25,7.5,14.25,8.0],"tintindex":0,"rotation":0,"texture":"#0"},"west":{"uv":[5.75,10.5,6.0,11.0],"tintindex":0,"rotation":0,"texture":"#0"},"up":{"uv":[14.75,7.5,13.75,7.25],"tintindex":0,"rotation":0,"texture":"#0"},"down":{"uv":[15.0,9.5,14.0,9.75],"tintindex":0,"rotation":0,"texture":"#0"}}}],"display":{"gui":{"rotation":[30,225,0]}}}