{"textures":{"0":"modelengine:entity/forester"},"elements":[{"from":[6.001,2.001,6.001],"to":[9.999,7.999,9.999],"faces":{"east":{"uv":[7.0,10.0,8.0,11.5],"tintindex":0,"rotation":0,"texture":"#0"},"south":{"uv":[10.0,8.75,11.0,10.25],"tintindex":0,"rotation":0,"texture":"#0"},"north":{"uv":[10.0,3.0,11.0,4.5],"tintindex":0,"rotation":0,"texture":"#0"},"west":{"uv":[10.25,0.0,11.25,1.5],"tintindex":0,"rotation":0,"texture":"#0"},"up":{"uv":[3.75,12.75,2.75,11.75],"tintindex":0,"rotation":0,"texture":"#0"},"down":{"uv":[5.75,11.75,4.75,12.75],"tintindex":0,"rotation":0,"texture":"#0"}}},{"from":[6.0,3.0,10.0],"to":[10.0,7.0,11.0],"faces":{"east":{"uv":[9.0,0.0,9.25,1.0],"tintindex":0,"rotation":0,"texture":"#0"},"south":{"uv":[8.75,11.75,9.75,12.75],"tintindex":0,"rotation":0,"texture":"#0"},"north":{"uv":[7.75,11.75,8.75,12.75],"tintindex":0,"rotation":0,"texture":"#0"},"west":{"uv":[10.0,4.5,10.25,5.5],"tintindex":0,"rotation":0,"texture":"#0"},"up":{"uv":[14.5,11.5,13.5,11.25],"tintindex":0,"rotation":0,"texture":"#0"},"down":{"uv":[14.75,7.0,13.75,7.25],"tintindex":0,"rotation":0,"texture":"#0"}}}],"display":{"gui":{"rotation":[30,225,0]}}}