{"textures":{"0":"modelengine:entity/forester"},"elements":[{"from":[6.05,2.0,5.0],"to":[9.9,4.0,6.0],"faces":{"east":{"uv":[1.75,11.0,2.0,11.5],"tintindex":0,"rotation":0,"texture":"#0"},"south":{"uv":[13.25,12.0,14.25,12.5],"tintindex":0,"rotation":0,"texture":"#0"},"north":{"uv":[13.25,11.5,14.25,12.0],"tintindex":0,"rotation":0,"texture":"#0"},"west":{"uv":[3.75,11.75,4.0,12.25],"tintindex":0,"rotation":0,"texture":"#0"},"up":{"uv":[15.0,10.0,14.0,9.75],"tintindex":0,"rotation":0,"texture":"#0"},"down":{"uv":[15.0,10.0,14.0,10.25],"tintindex":0,"rotation":0,"texture":"#0"}}},{"from":[6.001,2.001,6.001],"to":[9.999,7.999,9.999],"faces":{"east":{"uv":[8.0,4.25,9.0,5.75],"tintindex":0,"rotation":0,"texture":"#0"},"south":{"uv":[8.25,1.25,9.25,2.75],"tintindex":0,"rotation":0,"texture":"#0"},"north":{"uv":[8.0,2.75,9.0,4.25],"tintindex":0,"rotation":0,"texture":"#0"},"west":{"uv":[8.25,5.75,9.25,7.25],"tintindex":0,"rotation":0,"texture":"#0"},"up":{"uv":[12.0,4.5,11.0,3.5],"tintindex":0,"rotation":0,"texture":"#0"},"down":{"uv":[12.0,8.75,11.0,9.75],"tintindex":0,"rotation":0,"texture":"#0"}}}],"display":{"gui":{"rotation":[30,225,0]}}}