{"textures":{"0":"modelengine:entity/forester"},"elements":[{"from":[6.0,2.0,6.0],"to":[10.0,8.0,10.0],"faces":{"east":{"uv":[1.0,7.5,2.0,9.0],"tintindex":0,"rotation":0,"texture":"#0"},"south":{"uv":[4.0,7.5,5.0,9.0],"tintindex":0,"rotation":0,"texture":"#0"},"north":{"uv":[0.0,7.5,1.0,9.0],"tintindex":0,"rotation":0,"texture":"#0"},"west":{"uv":[5.0,7.5,6.0,9.0],"tintindex":0,"rotation":0,"texture":"#0"},"up":{"uv":[12.0,2.5,11.0,1.5],"tintindex":0,"rotation":0,"texture":"#0"},"down":{"uv":[12.0,2.5,11.0,3.5],"tintindex":0,"rotation":0,"texture":"#0"}}}],"display":{"gui":{"rotation":[30,225,0]}}}