{"textures":{"0":"modelengine:entity/forester"},"elements":[{"from":[6.0,2.5500002,6.0],"to":[8.0,8.55,10.0],"faces":{"east":{"uv":[6.0,9.75,7.0,11.25],"tintindex":0,"rotation":0,"texture":"#0"},"south":{"uv":[12.25,5.5,12.75,7.0],"tintindex":0,"rotation":0,"texture":"#0"},"north":{"uv":[4.25,12.25,4.75,13.75],"tintindex":0,"rotation":0,"texture":"#0"},"west":{"uv":[10.0,1.5,11.0,3.0],"tintindex":0,"rotation":0,"texture":"#0"},"up":{"uv":[13.75,4.5,13.25,3.5],"tintindex":0,"rotation":0,"texture":"#0"},"down":{"uv":[13.75,4.5,13.25,5.5],"tintindex":0,"rotation":0,"texture":"#0"}}},{"from":[8.0,2.5500002,7.0],"to":[10.0,8.55,9.0],"faces":{"east":{"uv":[1.0,12.25,1.5,13.75],"tintindex":0,"rotation":0,"texture":"#0"},"south":{"uv":[3.75,12.25,4.25,13.75],"tintindex":0,"rotation":0,"texture":"#0"},"north":{"uv":[12.0,10.25,12.5,11.75],"tintindex":0,"rotation":0,"texture":"#0"},"west":{"uv":[12.25,4.0,12.75,5.5],"tintindex":0,"rotation":0,"texture":"#0"},"up":{"uv":[4.25,14.25,3.75,13.75],"tintindex":0,"rotation":0,"texture":"#0"},"down":{"uv":[4.75,13.75,4.25,14.25],"tintindex":0,"rotation":0,"texture":"#0"}}}],"display":{"gui":{"rotation":[30,225,0]}}}