{"textures":{"0":"modelengine:entity/forester"},"elements":[{"from":[7.0,2.0,7.0],"to":[9.0,8.0,9.0],"faces":{"east":{"uv":[2.0,12.75,2.5,14.25],"tintindex":0,"rotation":0,"texture":"#0"},"south":{"uv":[2.5,12.75,3.0,14.25],"tintindex":0,"rotation":0,"texture":"#0"},"north":{"uv":[1.5,12.75,2.0,14.25],"tintindex":0,"rotation":0,"texture":"#0"},"west":{"uv":[3.0,12.75,3.5,14.25],"tintindex":0,"rotation":0,"texture":"#0"},"up":{"uv":[6.75,14.25,6.25,13.75],"tintindex":0,"rotation":0,"texture":"#0"},"down":{"uv":[14.25,6.5,13.75,7.0],"tintindex":0,"rotation":0,"texture":"#0"}}}],"display":{"gui":{"rotation":[30,225,0]}}}