{"textures":{"0":"modelengine:entity/forester"},"elements":[{"from":[7.0,2.0,7.0],"to":[9.0,8.0,9.0],"faces":{"east":{"uv":[4.75,12.75,5.25,14.25],"tintindex":0,"rotation":0,"texture":"#0"},"south":{"uv":[5.25,12.75,5.75,14.25],"tintindex":0,"rotation":0,"texture":"#0"},"north":{"uv":[12.75,4.0,13.25,5.5],"tintindex":0,"rotation":0,"texture":"#0"},"west":{"uv":[12.75,5.5,13.25,7.0],"tintindex":0,"rotation":0,"texture":"#0"},"up":{"uv":[12.25,14.25,11.75,13.75],"tintindex":0,"rotation":0,"texture":"#0"},"down":{"uv":[14.25,13.5,13.75,14.0],"tintindex":0,"rotation":0,"texture":"#0"}}}],"display":{"gui":{"rotation":[30,225,0]}}}