{"textures":{"0":"modelengine:entity/plant_monster"},"elements":[{"from":[6.961298,-0.86901474,3.2142859],"to":[12.961298,-0.86901474,7.214286],"faces":{"up":{"uv":[2.5,8.0,4.0,7.0],"tintindex":0,"rotation":0,"texture":"#0"},"down":{"uv":[2.5,7.0,4.0,8.0],"tintindex":0,"rotation":0,"texture":"#0"}},"rotation":{"origin":[9.325007,7.3484354,7.839286],"angle":22.5,"axis":"z"}},{"from":[7.325007,0.27903605,2.7039375],"to":[11.3250065,0.27903605,8.703938],"faces":{"up":{"uv":[2.5,8.0,4.0,7.0],"tintindex":0,"rotation":90,"texture":"#0"},"down":{"uv":[2.5,7.0,4.0,8.0],"tintindex":0,"rotation":270,"texture":"#0"}},"rotation":{"origin":[9.325007,7.3484354,7.839286],"angle":-22.5,"axis":"x"}},{"from":[7.325007,-2.017065,1.4313564],"to":[11.3250065,-2.017065,7.4313564],"faces":{"up":{"uv":[4.0,8.0,2.5,7.0],"tintindex":0,"rotation":90,"texture":"#0"},"down":{"uv":[4.0,7.0,2.5,8.0],"tintindex":0,"rotation":270,"texture":"#0"}},"rotation":{"origin":[9.325007,7.3484354,7.839286],"angle":22.5,"axis":"x"}},{"from":[-5.0561457,4.1087737,3.2142859],"to":[0.94385386,4.1087737,7.214286],"faces":{"up":{"uv":[5.75,8.5,4.25,7.5],"tintindex":0,"rotation":0,"texture":"#0"},"down":{"uv":[5.75,7.5,4.25,8.5],"tintindex":0,"rotation":0,"texture":"#0"}},"rotation":{"origin":[9.325007,7.3484354,7.839286],"angle":22.5,"axis":"z"}},{"from":[7.325007,2.9607239,13.4488],"to":[11.3250065,2.9607239,19.4488],"faces":{"up":{"uv":[4.25,8.5,5.75,7.5],"tintindex":0,"rotation":90,"texture":"#0"},"down":{"uv":[4.25,7.5,5.75,8.5],"tintindex":0,"rotation":270,"texture":"#0"}},"rotation":{"origin":[9.325007,7.3484354,7.839286],"angle":22.5,"axis":"x"}},{"from":[5.6887164,-0.86901474,3.2142859],"to":[11.688717,-0.86901474,7.214286],"faces":{"up":{"uv":[4.0,8.0,2.5,7.0],"tintindex":0,"rotation":0,"texture":"#0"},"down":{"uv":[4.0,7.0,2.5,8.0],"tintindex":0,"rotation":0,"texture":"#0"}},"rotation":{"origin":[9.325007,7.3484354,7.839286],"angle":-22.5,"axis":"z"}},{"from":[7.325007,5.256824,-9.313507],"to":[11.3250065,5.256824,-3.3135061],"faces":{"up":{"uv":[5.75,8.5,4.25,7.5],"tintindex":0,"rotation":90,"texture":"#0"},"down":{"uv":[5.75,7.5,4.25,8.5],"tintindex":0,"rotation":270,"texture":"#0"}},"rotation":{"origin":[9.325007,7.3484354,7.839286],"angle":-22.5,"axis":"x"}},{"from":[17.706161,4.1087737,3.2142859],"to":[23.706161,4.1087737,7.214286],"faces":{"up":{"uv":[4.25,8.5,5.75,7.5],"tintindex":0,"rotation":0,"texture":"#0"},"down":{"uv":[4.25,7.5,5.75,8.5],"tintindex":0,"rotation":0,"texture":"#0"}},"rotation":{"origin":[9.325007,7.3484354,7.839286],"angle":-22.5,"axis":"z"}}],"display":{"gui":{"rotation":[30,225,0]}}}