{"textures":{"0":"modelengine:entity/plant_monster"},"elements":[{"from":[3.9083166,13.39534,8.438933],"to":[5.9083166,19.39534,10.438934],"faces":{"east":{"uv":[3.0,11.25,3.5,12.75],"tintindex":0,"rotation":0,"texture":"#0"},"south":{"uv":[11.5,4.5,12.0,6.0],"tintindex":0,"rotation":0,"texture":"#0"},"north":{"uv":[2.25,11.25,2.75,12.75],"tintindex":0,"rotation":0,"texture":"#0"},"west":{"uv":[11.5,6.25,12.0,7.75],"tintindex":0,"rotation":0,"texture":"#0"},"up":{"uv":[6.5,8.0,6.0,7.5],"tintindex":0,"rotation":0,"texture":"#0"},"down":{"uv":[9.5,1.75,9.0,2.25],"tintindex":0,"rotation":0,"texture":"#0"}},"rotation":{"origin":[4.9083166,9.906643,8.0959015],"angle":-22.5,"axis":"x"}},{"from":[3.9083166,8.026419,6.925514],"to":[5.9083166,14.026419,8.925514],"faces":{"east":{"uv":[0.75,11.75,1.25,13.25],"tintindex":0,"rotation":0,"texture":"#0"},"south":{"uv":[1.5,11.75,2.0,13.25],"tintindex":0,"rotation":0,"texture":"#0"},"north":{"uv":[0.0,11.75,0.5,13.25],"tintindex":0,"rotation":0,"texture":"#0"},"west":{"uv":[9.0,11.75,9.5,13.25],"tintindex":0,"rotation":0,"texture":"#0"},"up":{"uv":[12.75,5.75,12.25,5.25],"tintindex":0,"rotation":0,"texture":"#0"},"down":{"uv":[12.75,6.0,12.25,6.5],"tintindex":0,"rotation":0,"texture":"#0"}}}],"display":{"gui":{"rotation":[30,225,0]}}}