{"textures":{"0":"modelengine:entity/plant_monster"},"elements":[{"from":[4.125,8.31955,-4.306593],"to":[12.125,10.31955,-4.306593],"faces":{"south":{"uv":[11.5,3.75,13.5,4.25],"tintindex":0,"rotation":0,"texture":"#0"},"north":{"uv":[11.5,3.0,13.5,3.5],"tintindex":0,"rotation":0,"texture":"#0"}},"rotation":{"origin":[8.125,1.6960506,8.927153],"angle":22.5,"axis":"x"}},{"from":[5.625,1.3807936,14.622843],"to":[9.625,9.380793,14.622843],"faces":{"south":{"uv":[8.75,0.0,6.75,1.0],"tintindex":0,"rotation":270,"texture":"#0"},"north":{"uv":[6.75,0.0,8.75,1.0],"tintindex":0,"rotation":90,"texture":"#0"}},"rotation":{"origin":[8.125,1.6960506,8.927153],"angle":-45.0,"axis":"x"}},{"from":[5.625,7.7432194,0.9159317],"to":[9.625,15.743219,0.9159317],"faces":{"south":{"uv":[6.75,0.0,8.75,1.0],"tintindex":0,"rotation":270,"texture":"#0"},"north":{"uv":[8.75,0.0,6.75,1.0],"tintindex":0,"rotation":90,"texture":"#0"}},"rotation":{"origin":[8.125,1.6960506,8.927153],"angle":45.0,"axis":"x"}},{"from":[8.085924,9.905979,7.6775465],"to":[16.085924,13.905979,7.6775465],"faces":{"south":{"uv":[6.75,0.0,8.75,1.0],"tintindex":0,"rotation":0,"texture":"#0"},"north":{"uv":[8.75,0.0,6.75,1.0],"tintindex":0,"rotation":0,"texture":"#0"}},"rotation":{"origin":[8.125,1.6960506,8.927153],"angle":-22.5,"axis":"y"}},{"from":[4.175,8.31955,-4.306593],"to":[4.175,10.31955,3.693406],"faces":{"east":{"uv":[11.5,0.0,13.5,0.5],"tintindex":0,"rotation":0,"texture":"#0"},"west":{"uv":[11.5,0.75,13.5,1.25],"tintindex":0,"rotation":0,"texture":"#0"}},"rotation":{"origin":[8.125,1.6960506,8.927153],"angle":22.5,"axis":"x"}},{"from":[12.075,8.31955,-4.306593],"to":[12.075,10.31955,3.693406],"faces":{"east":{"uv":[11.5,1.5,13.5,2.0],"tintindex":0,"rotation":0,"texture":"#0"},"west":{"uv":[11.5,2.25,13.5,2.75],"tintindex":0,"rotation":0,"texture":"#0"}},"rotation":{"origin":[8.125,1.6960506,8.927153],"angle":22.5,"axis":"x"}},{"from":[4.125,10.31955,-4.306593],"to":[12.125,14.31955,3.693406],"faces":{"east":{"uv":[4.5,3.75,6.5,4.75],"tintindex":0,"rotation":0,"texture":"#0"},"south":{"uv":[4.5,5.0,6.5,6.0],"tintindex":0,"rotation":0,"texture":"#0"},"north":{"uv":[4.5,2.5,6.5,3.5],"tintindex":0,"rotation":0,"texture":"#0"},"west":{"uv":[0.0,5.75,2.0,6.75],"tintindex":0,"rotation":0,"texture":"#0"},"up":{"uv":[4.25,2.0,2.25,0.0],"tintindex":0,"rotation":0,"texture":"#0"},"down":{"uv":[4.25,2.25,2.25,4.25],"tintindex":0,"rotation":0,"texture":"#0"}},"rotation":{"origin":[8.125,1.6960506,8.927153],"angle":22.5,"axis":"x"}},{"from":[0.16407585,9.905979,7.6775465],"to":[8.164076,13.905979,7.6775465],"faces":{"south":{"uv":[8.75,0.0,6.75,1.0],"tintindex":0,"rotation":0,"texture":"#0"},"north":{"uv":[6.75,0.0,8.75,1.0],"tintindex":0,"rotation":0,"texture":"#0"}},"rotation":{"origin":[8.125,1.6960506,8.927153],"angle":22.5,"axis":"y"}}],"display":{"gui":{"rotation":[30,225,0]}}}