{"textures":{"0":"modelengine:entity/plant_monster"},"elements":[{"from":[11.975,7.9864597,3.9088402],"to":[11.975,9.98646,11.90884],"faces":{"east":{"uv":[0.0,11.0,2.0,11.5],"tintindex":0,"rotation":0,"texture":"#0"},"west":{"uv":[9.0,11.0,11.0,11.5],"tintindex":0,"rotation":0,"texture":"#0"}},"rotation":{"origin":[8.0,-1.828886,9.444307],"angle":-22.5,"axis":"x"}},{"from":[4.0,7.9864597,3.9088402],"to":[12.0,9.98646,3.9088402],"faces":{"south":{"uv":[11.25,11.0,13.25,11.5],"tintindex":0,"rotation":0,"texture":"#0"},"north":{"uv":[6.75,11.25,8.75,11.75],"tintindex":0,"rotation":0,"texture":"#0"}},"rotation":{"origin":[8.0,-1.828886,9.444307],"angle":-22.5,"axis":"x"}},{"from":[4.0,3.9864588,3.9088402],"to":[12.0,7.9864597,11.90884],"faces":{"east":{"uv":[4.5,0.0,6.5,1.0],"tintindex":0,"rotation":0,"texture":"#0"},"south":{"uv":[4.5,1.25,6.5,2.25],"tintindex":0,"rotation":0,"texture":"#0"},"north":{"uv":[0.0,4.5,2.0,5.5],"tintindex":0,"rotation":0,"texture":"#0"},"west":{"uv":[2.25,4.5,4.25,5.5],"tintindex":0,"rotation":0,"texture":"#0"},"up":{"uv":[2.0,2.0,0.0,0.0],"tintindex":0,"rotation":0,"texture":"#0"},"down":{"uv":[2.0,2.25,0.0,4.25],"tintindex":0,"rotation":0,"texture":"#0"}},"rotation":{"origin":[8.0,-1.828886,9.444307],"angle":-22.5,"axis":"x"}},{"from":[4.025,7.9864597,3.9088402],"to":[4.025,9.98646,11.90884],"faces":{"east":{"uv":[10.75,9.5,12.75,10.0],"tintindex":0,"rotation":0,"texture":"#0"},"west":{"uv":[10.75,10.25,12.75,10.75],"tintindex":0,"rotation":0,"texture":"#0"}},"rotation":{"origin":[8.0,-1.828886,9.444307],"angle":-22.5,"axis":"x"}}],"display":{"gui":{"rotation":[30,225,0]}}}