{"textures":{"0":"modelengine:entity/plant_monster"},"elements":[{"from":[12.211125,12.079638,6.0],"to":[18.211124,12.079638,10.0],"faces":{"up":{"uv":[5.5,10.5,7.0,9.5],"tintindex":0,"rotation":0,"texture":"#0"},"down":{"uv":[5.5,9.5,7.0,10.5],"tintindex":0,"rotation":0,"texture":"#0"}},"rotation":{"origin":[8.0,7.875,8.0],"angle":-22.5,"axis":"z"}},{"from":[7.9515495,7.87012,6.0],"to":[13.95155,7.87012,10.0],"faces":{"up":{"uv":[9.75,4.0,11.25,3.0],"tintindex":0,"rotation":0,"texture":"#0"},"down":{"uv":[9.75,3.0,11.25,4.0],"tintindex":0,"rotation":0,"texture":"#0"}},"rotation":{"origin":[8.0,7.875,8.0],"angle":22.5,"axis":"z"}}],"display":{"gui":{"rotation":[30,225,0]}}}