{"textures":{"0":"modelengine:entity/plant_monster"},"elements":[{"from":[6.5,9.675865,3.319131],"to":[9.5,10.675865,7.319131],"faces":{"east":{"uv":[10.75,12.25,11.75,12.5],"tintindex":0,"rotation":0,"texture":"#0"},"south":{"uv":[6.75,12.5,7.5,12.75],"tintindex":0,"rotation":0,"texture":"#0"},"north":{"uv":[12.0,12.25,12.75,12.5],"tintindex":0,"rotation":0,"texture":"#0"},"west":{"uv":[12.25,11.75,13.25,12.0],"tintindex":0,"rotation":0,"texture":"#0"},"up":{"uv":[12.25,9.0,11.5,8.0],"tintindex":0,"rotation":0,"texture":"#0"},"down":{"uv":[10.5,11.75,9.75,12.75],"tintindex":0,"rotation":0,"texture":"#0"}},"rotation":{"origin":[8.0,-0.9496021,11.193183],"angle":-22.5,"axis":"x"}},{"from":[6.0,7.418911,2.9912653],"to":[10.0,8.418911,7.9912653],"faces":{"east":{"uv":[10.75,11.75,12.0,12.0],"tintindex":0,"rotation":0,"texture":"#0"},"south":{"uv":[12.25,7.25,13.25,7.5],"tintindex":0,"rotation":0,"texture":"#0"},"north":{"uv":[12.25,6.75,13.25,7.0],"tintindex":0,"rotation":0,"texture":"#0"},"west":{"uv":[6.75,12.0,8.0,12.25],"tintindex":0,"rotation":0,"texture":"#0"},"up":{"uv":[11.25,1.25,10.25,0.0],"tintindex":0,"rotation":0,"texture":"#0"},"down":{"uv":[11.25,8.0,10.25,9.25],"tintindex":0,"rotation":0,"texture":"#0"}}}],"display":{"gui":{"rotation":[30,225,0]}}}