{"textures":{"0":"modelengine:entity/plant_monster"},"elements":[{"from":[7.0,7.2734375,10.610993],"to":[9.0,15.2734375,12.610993],"faces":{"east":{"uv":[4.5,10.5,5.0,12.5],"tintindex":0,"rotation":0,"texture":"#0"},"south":{"uv":[5.25,10.75,5.75,12.75],"tintindex":0,"rotation":0,"texture":"#0"},"north":{"uv":[3.75,10.5,4.25,12.5],"tintindex":0,"rotation":0,"texture":"#0"},"west":{"uv":[6.0,10.75,6.5,12.75],"tintindex":0,"rotation":0,"texture":"#0"},"up":{"uv":[8.75,12.5,8.25,12.0],"tintindex":0,"rotation":0,"texture":"#0"},"down":{"uv":[12.75,4.5,12.25,5.0],"tintindex":0,"rotation":0,"texture":"#0"}},"rotation":{"origin":[8.0,16.693058,11.125],"angle":22.5,"axis":"x"}}],"display":{"gui":{"rotation":[30,225,0]}}}