{"textures":{"0":"modelengine:entity/snow_flakes_particles"},"elements":[{"from":[5.0,5.0,5.0],"to":[11.0,11.0,11.0],"faces":{"east":{"uv":[13.0,13.0,16.0,16.0],"tintindex":0,"rotation":0,"texture":"#0"},"south":{"uv":[13.0,13.0,16.0,16.0],"tintindex":0,"rotation":0,"texture":"#0"},"north":{"uv":[13.0,13.0,16.0,16.0],"tintindex":0,"rotation":0,"texture":"#0"},"west":{"uv":[13.0,13.0,16.0,16.0],"tintindex":0,"rotation":0,"texture":"#0"},"up":{"uv":[13.0,13.0,16.0,16.0],"tintindex":0,"rotation":0,"texture":"#0"},"down":{"uv":[13.0,13.0,16.0,16.0],"tintindex":0,"rotation":0,"texture":"#0"}}}],"display":{"gui":{"rotation":[30,225,0]}}}