{"textures":{"0":"modelengine:entity/snow_flakes_particles"},"elements":[{"from":[13.0,-1.0,-1.0],"to":[13.0,10.0,10.0],"faces":{"east":{"uv":[0.0,0.0,5.5,5.5],"tintindex":0,"rotation":0,"texture":"#0"},"west":{"uv":[0.0,0.0,5.5,5.5],"tintindex":0,"rotation":0,"texture":"#0"}},"rotation":{"origin":[12.0,9.5,6.5],"angle":22.5,"axis":"y"}},{"from":[0.0,13.0,2.0],"to":[11.0,13.0,13.0],"faces":{"up":{"uv":[0.0,0.0,5.5,5.5],"tintindex":0,"rotation":0,"texture":"#0"},"down":{"uv":[0.0,0.0,5.5,5.5],"tintindex":0,"rotation":0,"texture":"#0"}},"rotation":{"origin":[5.5,13.0,7.5],"angle":22.5,"axis":"z"}},{"from":[1.0,-1.0,1.0],"to":[1.0,10.0,12.0],"faces":{"east":{"uv":[5.5,0.0,11.0,5.5],"tintindex":0,"rotation":0,"texture":"#0"},"west":{"uv":[5.5,0.0,11.0,5.5],"tintindex":0,"rotation":0,"texture":"#0"}},"rotation":{"origin":[2.0,4.5,6.5],"angle":22.5,"axis":"z"}},{"from":[21.0,8.0,3.0],"to":[21.0,19.0,14.0],"faces":{"east":{"uv":[0.0,5.5,5.5,11.0],"tintindex":0,"rotation":0,"texture":"#0"},"west":{"uv":[0.0,5.5,5.5,11.0],"tintindex":0,"rotation":0,"texture":"#0"}},"rotation":{"origin":[16.0,4.5,13.5],"angle":45.0,"axis":"z"}},{"from":[7.0,-1.0,9.0],"to":[7.0,10.0,20.0],"faces":{"east":{"uv":[0.0,5.5,5.5,11.0],"tintindex":0,"rotation":0,"texture":"#0"},"west":{"uv":[0.0,5.5,5.5,11.0],"tintindex":0,"rotation":0,"texture":"#0"}},"rotation":{"origin":[7.0,4.5,14.5],"angle":45.0,"axis":"y"}},{"from":[15.0,-1.0,8.0],"to":[15.0,10.0,19.0],"faces":{"east":{"uv":[5.5,5.5,11.0,11.0],"tintindex":0,"rotation":0,"texture":"#0"},"west":{"uv":[5.5,5.5,11.0,11.0],"tintindex":0,"rotation":0,"texture":"#0"}},"rotation":{"origin":[16.0,4.5,13.5],"angle":-45.0,"axis":"y"}}],"display":{"gui":{"rotation":[30,225,0]}}}