{"textures":{"0":"modelengine:entity/2021_09_21_emerald-pillager-18964084"},"elements":[{"from":[4.75,-2.25,5.75],"to":[9.25,10.25,10.25],"faces":{"east":{"uv":[12.0,13.0,13.0,16.0],"tintindex":0,"rotation":0,"texture":"#0"},"south":{"uv":[15.0,13.0,16.0,16.0],"tintindex":0,"rotation":0,"texture":"#0"},"north":{"uv":[13.0,13.0,14.0,16.0],"tintindex":0,"rotation":0,"texture":"#0"},"west":{"uv":[14.0,13.0,15.0,16.0],"tintindex":0,"rotation":0,"texture":"#0"},"up":{"uv":[14.0,13.0,13.0,12.0],"tintindex":0,"rotation":0,"texture":"#0"},"down":{"uv":[15.0,12.0,14.0,13.0],"tintindex":0,"rotation":0,"texture":"#0"}}}],"display":{"gui":{"rotation":[30,225,0]}}}