{"textures":{"0":"modelengine:entity/2021_09_21_emerald-pillager-18964084"},"elements":[{"from":[7.0,6.0,2.0],"to":[9.0,10.0,4.0],"faces":{"east":{"uv":[2.75,3.25,3.25,4.0],"tintindex":0,"rotation":0,"texture":"#0"},"south":{"uv":[2.75,3.25,3.25,4.0],"tintindex":0,"rotation":0,"texture":"#0"},"north":{"uv":[2.75,3.25,3.25,4.0],"tintindex":0,"rotation":0,"texture":"#0"},"west":{"uv":[2.75,3.25,3.25,4.0],"tintindex":0,"rotation":0,"texture":"#0"},"up":{"uv":[3.25,3.75,2.75,3.25],"tintindex":0,"rotation":0,"texture":"#0"},"down":{"uv":[3.25,3.25,2.75,3.75],"tintindex":0,"rotation":0,"texture":"#0"}}}],"display":{"gui":{"rotation":[30,225,0]}}}