{"textures":{"0":"modelengine:entity/2021_09_21_emerald-pillager-18964084"},"elements":[{"from":[7.0,2.0,6.0],"to":[11.0,10.0,10.0],"faces":{"east":{"uv":[11.0,6.5,12.0,8.5],"tintindex":0,"rotation":0,"texture":"#0"},"south":{"uv":[14.0,6.5,15.0,8.5],"tintindex":0,"rotation":0,"texture":"#0"},"north":{"uv":[12.0,6.5,13.0,8.5],"tintindex":0,"rotation":0,"texture":"#0"},"west":{"uv":[13.0,6.5,14.0,8.5],"tintindex":0,"rotation":0,"texture":"#0"},"up":{"uv":[13.0,6.5,12.0,5.5],"tintindex":0,"rotation":0,"texture":"#0"},"down":{"uv":[14.0,5.5,13.0,6.5],"tintindex":0,"rotation":0,"texture":"#0"}}}],"display":{"gui":{"rotation":[30,225,0]}}}