{"textures":{"0":"modelengine:entity/pyromancer"},"elements":[{"from":[3.73,-3.27,3.73],"to":[12.27,8.27,8.27],"faces":{"east":{"uv":[2.75,13.25,1.75,16.0],"tintindex":0,"rotation":0,"texture":"#0"},"south":{"uv":[2.5,13.25,4.5,16.0],"tintindex":0,"rotation":0,"texture":"#0"},"north":{"uv":[0.0,13.25,2.0,16.0],"tintindex":0,"rotation":0,"texture":"#0"},"west":{"uv":[1.75,13.25,2.75,16.0],"tintindex":0,"rotation":0,"texture":"#0"},"up":{"uv":[0.0,13.25,2.0,14.25],"tintindex":0,"rotation":0,"texture":"#0"}}}],"display":{"gui":{"rotation":[30,225,0]}}}