{"textures":{"0":"modelengine:entity/pyromancer"},"elements":[{"from":[3.7,7.7,4.7],"to":[12.3,20.3,11.3],"faces":{"east":{"uv":[12.75,8.5,14.25,11.5],"tintindex":0,"rotation":0,"texture":"#0"},"south":{"uv":[14.0,8.5,16.0,11.5],"tintindex":0,"rotation":0,"texture":"#0"},"north":{"uv":[11.0,8.5,13.0,11.5],"tintindex":0,"rotation":0,"texture":"#0"},"west":{"uv":[12.75,8.5,14.25,11.5],"tintindex":0,"rotation":0,"texture":"#0"}}},{"from":[4.0,8.0,5.0],"to":[12.0,20.0,11.0],"faces":{"east":{"uv":[14.25,13.0,12.75,16.0],"tintindex":0,"rotation":0,"texture":"#0"},"south":{"uv":[14.0,13.0,16.0,16.0],"tintindex":0,"rotation":0,"texture":"#0"},"north":{"uv":[11.0,13.0,13.0,16.0],"tintindex":0,"rotation":0,"texture":"#0"},"west":{"uv":[12.75,13.0,14.25,16.0],"tintindex":0,"rotation":0,"texture":"#0"},"up":{"uv":[11.0,11.75,13.0,13.25],"tintindex":0,"rotation":0,"texture":"#0"},"down":{"uv":[14.0,11.5,16.0,13.0],"tintindex":0,"rotation":0,"texture":"#0"}}}],"display":{"gui":{"rotation":[30,225,0]}}}