{"textures":{"1":"modelengine:entity/pyromancer_effects"},"elements":[{"from":[2.5,13.5,0.0],"to":[13.5,13.5,20.5],"faces":{"up":{"uv":[0.0,10.5,10.25,16.0],"tintindex":0,"rotation":90,"texture":"#1"},"down":{"uv":[10.25,10.5,0.0,16.0],"tintindex":0,"rotation":90,"texture":"#1"}}},{"from":[2.5,2.5,0.0],"to":[13.5,2.5,20.5],"faces":{"up":{"uv":[0.0,10.5,10.25,16.0],"tintindex":0,"rotation":90,"texture":"#1"},"down":{"uv":[10.25,10.5,0.0,16.0],"tintindex":0,"rotation":90,"texture":"#1"}}},{"from":[13.5,2.5,0.0],"to":[13.5,13.5,20.5],"faces":{"east":{"uv":[10.25,10.5,0.0,16.0],"tintindex":0,"rotation":0,"texture":"#1"},"west":{"uv":[0.0,10.5,10.25,16.0],"tintindex":0,"rotation":0,"texture":"#1"}}},{"from":[2.5,2.5,0.0],"to":[2.5,13.5,20.5],"faces":{"east":{"uv":[10.25,10.5,0.0,16.0],"tintindex":0,"rotation":0,"texture":"#1"},"west":{"uv":[0.0,10.5,10.25,16.0],"tintindex":0,"rotation":0,"texture":"#1"}}},{"from":[8.0,2.5,8.5],"to":[8.0,13.5,29.0],"faces":{"east":{"uv":[10.25,10.5,0.0,16.0],"tintindex":0,"rotation":0,"texture":"#1"},"west":{"uv":[0.0,10.5,10.25,16.0],"tintindex":0,"rotation":0,"texture":"#1"}},"rotation":{"origin":[8.0,8.0,16.5],"angle":-45.0,"axis":"z"}},{"from":[2.5,2.5,0.0],"to":[13.5,13.5,0.0],"faces":{"south":{"uv":[16.0,10.5,10.5,16.0],"tintindex":0,"rotation":0,"texture":"#1"},"north":{"uv":[10.5,10.5,16.0,16.0],"tintindex":0,"rotation":0,"texture":"#1"}}},{"from":[8.0,2.5,8.5],"to":[8.0,13.5,29.0],"faces":{"east":{"uv":[10.25,10.5,0.0,16.0],"tintindex":0,"rotation":0,"texture":"#1"},"west":{"uv":[0.0,10.5,10.25,16.0],"tintindex":0,"rotation":0,"texture":"#1"}},"rotation":{"origin":[8.0,8.0,16.5],"angle":45.0,"axis":"z"}}],"display":{"gui":{"rotation":[30,225,0]}}}