{"textures":{"1":"modelengine:entity/pyromancer_effects"},"elements":[{"from":[6.1,2.1000004,6.1],"to":[9.9,13.9,9.9],"faces":{"east":{"uv":[0.0,5.5,1.0,8.5],"tintindex":0,"rotation":0,"texture":"#1"},"south":{"uv":[3.0,5.5,4.0,8.5],"tintindex":0,"rotation":0,"texture":"#1"},"north":{"uv":[1.0,5.5,2.0,8.5],"tintindex":0,"rotation":0,"texture":"#1"},"west":{"uv":[3.0,5.5,2.0,8.5],"tintindex":0,"rotation":0,"texture":"#1"},"up":{"uv":[2.0,4.5,1.0,5.5],"tintindex":0,"rotation":0,"texture":"#1"},"down":{"uv":[3.0,5.5,2.0,4.5],"tintindex":0,"rotation":0,"texture":"#1"}}}],"display":{"gui":{"rotation":[30,225,0]}}}