{"textures":{"1":"modelengine:entity/pyromancer_effects"},"elements":[{"from":[4.1,3.0,4.1],"to":[11.9,12.900002,11.9],"faces":{"east":{"uv":[0.0,2.0,2.0,4.5],"tintindex":0,"rotation":0,"texture":"#1"},"south":{"uv":[6.0,2.0,8.0,4.5],"tintindex":0,"rotation":0,"texture":"#1"},"north":{"uv":[2.0,2.0,4.0,4.5],"tintindex":0,"rotation":0,"texture":"#1"},"west":{"uv":[4.0,2.0,6.0,4.5],"tintindex":0,"rotation":0,"texture":"#1"},"up":{"uv":[4.0,2.0,2.0,0.0],"tintindex":0,"rotation":0,"texture":"#1"},"down":{"uv":[6.0,0.0,4.0,2.0],"tintindex":0,"rotation":0,"texture":"#1"}}}],"display":{"gui":{"rotation":[30,225,0]}}}