{"textures":{"0":"modelengine:entity/pyromancer"},"elements":[{"from":[8.0,4.0,6.0],"to":[12.0,8.0,10.0],"faces":{"east":{"uv":[2.0,8.5,3.0,9.5],"tintindex":0,"rotation":0,"texture":"#0"},"south":{"uv":[4.0,8.5,3.0,9.5],"tintindex":0,"rotation":0,"texture":"#0"},"north":{"uv":[2.0,8.5,1.0,9.5],"tintindex":0,"rotation":0,"texture":"#0"},"west":{"uv":[1.0,8.5,0.0,9.5],"tintindex":0,"rotation":0,"texture":"#0"},"up":{"uv":[1.0,7.5,2.0,8.5],"tintindex":0,"rotation":0,"texture":"#0"},"down":{"uv":[2.0,8.5,3.0,7.5],"tintindex":0,"rotation":0,"texture":"#0"}}}],"display":{"gui":{"rotation":[30,225,0]}}}