{"textures":{"0":"modelengine:entity/pyromancer"},"elements":[{"from":[4.0,2.0,6.0],"to":[8.0,10.0,10.0],"faces":{"east":{"uv":[3.0,5.5,2.0,7.5],"tintindex":0,"rotation":0,"texture":"#0"},"south":{"uv":[3.0,5.5,4.0,7.5],"tintindex":0,"rotation":0,"texture":"#0"},"north":{"uv":[1.0,5.5,2.0,7.5],"tintindex":0,"rotation":0,"texture":"#0"},"west":{"uv":[0.0,5.5,1.0,7.5],"tintindex":0,"rotation":0,"texture":"#0"},"up":{"uv":[2.0,5.5,1.0,4.5],"tintindex":0,"rotation":0,"texture":"#0"},"down":{"uv":[3.0,4.5,2.0,5.5],"tintindex":0,"rotation":0,"texture":"#0"}}},{"from":[3.75,5.25,5.5],"to":[6.75,10.25,10.5],"faces":{"east":{"uv":[13.75,1.0,12.5,2.25],"tintindex":0,"rotation":0,"texture":"#0"},"south":{"uv":[14.5,1.0,13.75,2.25],"tintindex":0,"rotation":0,"texture":"#0"},"north":{"uv":[13.75,1.0,14.5,2.25],"tintindex":0,"rotation":0,"texture":"#0"},"west":{"uv":[14.75,1.0,16.0,2.25],"tintindex":0,"rotation":0,"texture":"#0"},"up":{"uv":[16.0,0.0,14.75,0.75],"tintindex":0,"rotation":90,"texture":"#0"},"down":{"uv":[13.5,0.75,14.75,0.0],"tintindex":0,"rotation":90,"texture":"#0"}}},{"from":[2.75,5.25,5.5],"to":[3.75,7.25,10.5],"faces":{"south":{"uv":[14.5,1.75,14.75,2.25],"tintindex":0,"rotation":0,"texture":"#0"},"north":{"uv":[14.5,1.75,14.75,2.25],"tintindex":0,"rotation":0,"texture":"#0"},"west":{"uv":[14.75,1.75,16.0,2.25],"tintindex":0,"rotation":0,"texture":"#0"},"up":{"uv":[16.0,1.0,14.75,0.75],"tintindex":0,"rotation":90,"texture":"#0"},"down":{"uv":[13.5,1.0,14.75,0.75],"tintindex":0,"rotation":90,"texture":"#0"}}}],"display":{"gui":{"rotation":[30,225,0]}}}