{"textures":{"0":"modelengine:entity/pyromancer"},"elements":[{"from":[6.0,-4.0,6.0],"to":[10.0,8.0,10.0],"faces":{"east":{"uv":[6.0,5.5,5.0,8.5],"tintindex":0,"rotation":0,"texture":"#0"},"south":{"uv":[6.0,5.5,7.0,8.5],"tintindex":0,"rotation":0,"texture":"#0"},"north":{"uv":[5.0,5.5,4.0,8.5],"tintindex":0,"rotation":0,"texture":"#0"},"west":{"uv":[5.0,5.5,6.0,8.5],"tintindex":0,"rotation":0,"texture":"#0"},"up":{"uv":[4.0,4.5,5.0,5.5],"tintindex":0,"rotation":0,"texture":"#0"},"down":{"uv":[5.0,4.5,6.0,5.5],"tintindex":0,"rotation":0,"texture":"#0"}}}],"display":{"gui":{"rotation":[30,225,0]}}}