{"textures":{"0":"modelengine:entity/pyromancer"},"elements":[{"from":[4.0,4.0,6.0],"to":[8.0,8.0,10.0],"faces":{"east":{"uv":[0.0,8.5,1.0,9.5],"tintindex":0,"rotation":0,"texture":"#0"},"south":{"uv":[3.0,8.5,4.0,9.5],"tintindex":0,"rotation":0,"texture":"#0"},"north":{"uv":[1.0,8.5,2.0,9.5],"tintindex":0,"rotation":0,"texture":"#0"},"west":{"uv":[3.0,8.5,2.0,9.5],"tintindex":0,"rotation":0,"texture":"#0"},"up":{"uv":[2.0,7.5,1.0,8.5],"tintindex":0,"rotation":0,"texture":"#0"},"down":{"uv":[3.0,8.5,2.0,7.5],"tintindex":0,"rotation":0,"texture":"#0"}}}],"display":{"gui":{"rotation":[30,225,0]}}}