{"textures":{"0":"modelengine:entity/pyromancer"},"elements":[{"from":[8.0,2.0,6.0],"to":[12.0,10.0,10.0],"faces":{"east":{"uv":[1.0,5.5,0.0,7.5],"tintindex":0,"rotation":0,"texture":"#0"},"south":{"uv":[4.0,5.5,3.0,7.5],"tintindex":0,"rotation":0,"texture":"#0"},"north":{"uv":[2.0,5.5,1.0,7.5],"tintindex":0,"rotation":0,"texture":"#0"},"west":{"uv":[2.0,5.5,3.0,7.5],"tintindex":0,"rotation":0,"texture":"#0"},"up":{"uv":[1.0,5.5,2.0,4.5],"tintindex":0,"rotation":0,"texture":"#0"},"down":{"uv":[2.0,4.5,3.0,5.5],"tintindex":0,"rotation":0,"texture":"#0"}}},{"from":[9.25,5.25,5.5],"to":[12.25,10.25,10.5],"faces":{"east":{"uv":[16.0,1.0,14.75,2.25],"tintindex":0,"rotation":0,"texture":"#0"},"south":{"uv":[13.75,1.0,14.5,2.25],"tintindex":0,"rotation":0,"texture":"#0"},"north":{"uv":[14.5,1.0,13.75,2.25],"tintindex":0,"rotation":0,"texture":"#0"},"west":{"uv":[12.5,1.0,13.75,2.25],"tintindex":0,"rotation":0,"texture":"#0"},"up":{"uv":[16.0,0.75,14.75,0.0],"tintindex":0,"rotation":90,"texture":"#0"},"down":{"uv":[13.5,0.0,14.75,0.75],"tintindex":0,"rotation":90,"texture":"#0"}}},{"from":[12.25,5.25,5.5],"to":[13.25,7.25,10.5],"faces":{"east":{"uv":[16.0,1.75,14.75,2.25],"tintindex":0,"rotation":0,"texture":"#0"},"south":{"uv":[14.75,1.75,14.5,2.25],"tintindex":0,"rotation":0,"texture":"#0"},"north":{"uv":[14.75,1.75,14.5,2.25],"tintindex":0,"rotation":0,"texture":"#0"},"up":{"uv":[16.0,0.75,14.75,1.0],"tintindex":0,"rotation":90,"texture":"#0"},"down":{"uv":[13.5,0.75,14.75,1.0],"tintindex":0,"rotation":90,"texture":"#0"}}}],"display":{"gui":{"rotation":[30,225,0]}}}