{"textures":{"0":"modelengine:entity/pillager_nether_mage"},"elements":[{"from":[3.75,1.75,4.75],"to":[12.25,20.25,11.25],"faces":{"east":{"uv":[0.0,8.25,1.5,12.75],"tintindex":0,"rotation":0,"texture":"#0"},"south":{"uv":[5.0,8.25,7.0,12.75],"tintindex":0,"rotation":0,"texture":"#0"},"north":{"uv":[1.5,8.25,3.5,12.75],"tintindex":0,"rotation":0,"texture":"#0"},"west":{"uv":[3.5,8.25,5.0,12.75],"tintindex":0,"rotation":0,"texture":"#0"},"up":{"uv":[3.5,8.25,1.5,6.75],"tintindex":0,"rotation":0,"texture":"#0"},"down":{"uv":[5.5,6.75,3.5,8.25],"tintindex":0,"rotation":0,"texture":"#0"}}},{"from":[4.0,8.0,5.0],"to":[12.0,20.0,11.0],"faces":{"east":{"uv":[7.25,1.5,8.75,4.5],"tintindex":0,"rotation":0,"texture":"#0"},"south":{"uv":[12.25,1.5,14.25,4.5],"tintindex":0,"rotation":0,"texture":"#0"},"north":{"uv":[8.75,1.5,10.75,4.5],"tintindex":0,"rotation":0,"texture":"#0"},"west":{"uv":[10.75,1.5,12.25,4.5],"tintindex":0,"rotation":0,"texture":"#0"},"up":{"uv":[10.75,1.5,8.75,0.0],"tintindex":0,"rotation":0,"texture":"#0"},"down":{"uv":[12.75,0.0,10.75,1.5],"tintindex":0,"rotation":0,"texture":"#0"}}}],"display":{"gui":{"rotation":[30,225,0]}}}