{"textures":{"0":"modelengine:entity/pillager_nether_mage"},"elements":[{"from":[7.0,7.0,2.0],"to":[9.0,11.0,4.0],"faces":{"east":{"uv":[4.0,0.5,4.5,1.5],"tintindex":0,"rotation":0,"texture":"#0"},"south":{"uv":[5.5,0.5,6.0,1.5],"tintindex":0,"rotation":0,"texture":"#0"},"north":{"uv":[4.5,0.5,5.0,1.5],"tintindex":0,"rotation":0,"texture":"#0"},"west":{"uv":[5.0,0.5,5.5,1.5],"tintindex":0,"rotation":0,"texture":"#0"},"up":{"uv":[5.0,0.5,4.5,0.0],"tintindex":0,"rotation":0,"texture":"#0"},"down":{"uv":[5.5,0.0,5.0,0.5],"tintindex":0,"rotation":0,"texture":"#0"}}},{"from":[4.0,8.0,4.0],"to":[12.0,18.0,12.0],"faces":{"east":{"uv":[7.0,8.75,9.0,11.25],"tintindex":0,"rotation":0,"texture":"#0"},"south":{"uv":[13.0,8.75,15.0,11.25],"tintindex":0,"rotation":0,"texture":"#0"},"north":{"uv":[9.0,8.75,11.0,11.25],"tintindex":0,"rotation":0,"texture":"#0"},"west":{"uv":[11.0,8.75,13.0,11.25],"tintindex":0,"rotation":0,"texture":"#0"},"up":{"uv":[11.0,8.75,9.0,6.75],"tintindex":0,"rotation":0,"texture":"#0"},"down":{"uv":[13.0,6.75,11.0,8.75],"tintindex":0,"rotation":0,"texture":"#0"}}}],"display":{"gui":{"rotation":[30,225,0]}}}