{"textures":{"0":"modelengine:entity/pillager_nether_mage"},"elements":[{"from":[5.0,-2.0,6.0],"to":[9.0,10.0,10.0],"faces":{"east":{"uv":[14.5,12.25,13.5,15.25],"tintindex":0,"rotation":0,"texture":"#0"},"south":{"uv":[15.5,12.25,14.5,15.25],"tintindex":0,"rotation":0,"texture":"#0"},"north":{"uv":[13.5,12.25,12.5,15.25],"tintindex":0,"rotation":0,"texture":"#0"},"west":{"uv":[12.5,12.25,11.5,15.25],"tintindex":0,"rotation":0,"texture":"#0"},"up":{"uv":[12.5,12.25,13.5,11.25],"tintindex":0,"rotation":0,"texture":"#0"},"down":{"uv":[13.5,11.25,14.5,12.25],"tintindex":0,"rotation":0,"texture":"#0"}}},{"from":[4.1,5.1999993,5.4],"to":[9.3,10.4,10.6],"faces":{"east":{"uv":[3.75,14.0,2.5,15.25],"tintindex":0,"rotation":0,"texture":"#0"},"south":{"uv":[5.0,14.0,3.75,15.25],"tintindex":0,"rotation":0,"texture":"#0"},"north":{"uv":[2.5,14.0,1.25,15.25],"tintindex":0,"rotation":0,"texture":"#0"},"west":{"uv":[1.25,14.0,0.0,15.25],"tintindex":0,"rotation":0,"texture":"#0"},"up":{"uv":[1.25,14.0,2.5,12.75],"tintindex":0,"rotation":0,"texture":"#0"},"down":{"uv":[2.5,12.75,3.75,14.0],"tintindex":0,"rotation":0,"texture":"#0"}}}],"display":{"gui":{"rotation":[30,225,0]}}}