{"textures":{"0":"modelengine:entity/pillager_nether_mage"},"elements":[{"from":[6.0,-4.0,6.0],"to":[10.0,8.0,10.0],"faces":{"east":{"uv":[3.0,1.0,2.0,4.0],"tintindex":0,"rotation":0,"texture":"#0"},"south":{"uv":[4.0,1.0,3.0,4.0],"tintindex":0,"rotation":0,"texture":"#0"},"north":{"uv":[2.0,1.0,1.0,4.0],"tintindex":0,"rotation":0,"texture":"#0"},"west":{"uv":[1.0,1.0,0.0,4.0],"tintindex":0,"rotation":0,"texture":"#0"},"up":{"uv":[1.0,1.0,2.0,0.0],"tintindex":0,"rotation":0,"texture":"#0"},"down":{"uv":[2.0,0.0,3.0,1.0],"tintindex":0,"rotation":0,"texture":"#0"}}}],"display":{"gui":{"rotation":[30,225,0]}}}