{"textures":{"0":"modelengine:entity/pillager_nether_mage"},"elements":[{"from":[7.0,-2.0,6.0],"to":[11.0,10.0,10.0],"faces":{"east":{"uv":[11.5,12.25,12.5,15.25],"tintindex":0,"rotation":0,"texture":"#0"},"south":{"uv":[14.5,12.25,15.5,15.25],"tintindex":0,"rotation":0,"texture":"#0"},"north":{"uv":[12.5,12.25,13.5,15.25],"tintindex":0,"rotation":0,"texture":"#0"},"west":{"uv":[13.5,12.25,14.5,15.25],"tintindex":0,"rotation":0,"texture":"#0"},"up":{"uv":[13.5,12.25,12.5,11.25],"tintindex":0,"rotation":0,"texture":"#0"},"down":{"uv":[14.5,11.25,13.5,12.25],"tintindex":0,"rotation":0,"texture":"#0"}}},{"from":[6.9,5.1999993,5.4],"to":[12.1,10.4,10.6],"faces":{"east":{"uv":[0.0,14.0,1.25,15.25],"tintindex":0,"rotation":0,"texture":"#0"},"south":{"uv":[3.75,14.0,5.0,15.25],"tintindex":0,"rotation":0,"texture":"#0"},"north":{"uv":[1.25,14.0,2.5,15.25],"tintindex":0,"rotation":0,"texture":"#0"},"west":{"uv":[2.5,14.0,3.75,15.25],"tintindex":0,"rotation":0,"texture":"#0"},"up":{"uv":[2.5,14.0,1.25,12.75],"tintindex":0,"rotation":0,"texture":"#0"},"down":{"uv":[3.75,12.75,2.5,14.0],"tintindex":0,"rotation":0,"texture":"#0"}}}],"display":{"gui":{"rotation":[30,225,0]}}}