{"textures":{"0":"modelengine:entity/pillager_nether_mage"},"elements":[{"from":[7.0,7.0,-3.125],"to":[9.0,9.0,21.875],"faces":{"east":{"uv":[0.0,6.25,6.25,6.75],"tintindex":0,"rotation":0,"texture":"#0"},"south":{"uv":[13.0,6.25,13.5,6.75],"tintindex":0,"rotation":0,"texture":"#0"},"north":{"uv":[6.25,6.25,6.75,6.75],"tintindex":0,"rotation":0,"texture":"#0"},"west":{"uv":[6.75,6.25,13.0,6.75],"tintindex":0,"rotation":0,"texture":"#0"},"up":{"uv":[6.75,6.25,6.25,0.0],"tintindex":0,"rotation":0,"texture":"#0"},"down":{"uv":[7.25,0.0,6.75,6.25],"tintindex":0,"rotation":0,"texture":"#0"}}},{"from":[6.5,6.5,-6.625],"to":[9.5,9.5,-3.625],"faces":{"east":{"uv":[3.25,4.0,4.0,4.75],"tintindex":0,"rotation":0,"texture":"#0"},"south":{"uv":[5.5,4.0,6.25,4.75],"tintindex":0,"rotation":0,"texture":"#0"},"north":{"uv":[4.0,4.0,4.75,4.75],"tintindex":0,"rotation":0,"texture":"#0"},"west":{"uv":[4.75,4.0,5.5,4.75],"tintindex":0,"rotation":0,"texture":"#0"},"up":{"uv":[4.75,4.0,4.0,3.25],"tintindex":0,"rotation":0,"texture":"#0"},"down":{"uv":[5.5,3.25,4.75,4.0],"tintindex":0,"rotation":0,"texture":"#0"}}},{"from":[5.5,5.5,-8.125],"to":[10.5,10.5,-0.125],"faces":{"east":{"uv":[5.0,13.25,7.0,14.5],"tintindex":0,"rotation":0,"texture":"#0"},"south":{"uv":[10.25,13.25,11.5,14.5],"tintindex":0,"rotation":0,"texture":"#0"},"north":{"uv":[7.0,13.25,8.25,14.5],"tintindex":0,"rotation":0,"texture":"#0"},"west":{"uv":[8.25,13.25,10.25,14.5],"tintindex":0,"rotation":0,"texture":"#0"},"up":{"uv":[8.25,13.25,7.0,11.25],"tintindex":0,"rotation":0,"texture":"#0"},"down":{"uv":[9.5,11.25,8.25,13.25],"tintindex":0,"rotation":0,"texture":"#0"}}},{"from":[6.0,6.0,-2.125],"to":[10.0,10.0,1.875],"faces":{"east":{"uv":[0.0,5.0,1.0,6.0],"tintindex":0,"rotation":0,"texture":"#0"},"south":{"uv":[3.0,5.0,4.0,6.0],"tintindex":0,"rotation":0,"texture":"#0"},"north":{"uv":[1.0,5.0,2.0,6.0],"tintindex":0,"rotation":0,"texture":"#0"},"west":{"uv":[2.0,5.0,3.0,6.0],"tintindex":0,"rotation":0,"texture":"#0"},"up":{"uv":[2.0,5.0,1.0,4.0],"tintindex":0,"rotation":0,"texture":"#0"},"down":{"uv":[3.0,4.0,2.0,5.0],"tintindex":0,"rotation":0,"texture":"#0"}}}],"display":{"gui":{"rotation":[30,225,0]}}}