{"textures":{"0":"modelengine:entity/geomancer"},"elements":[{"from":[5.5,0.0,7.5],"to":[10.5,9.0,10.5],"faces":{"east":{"uv":[14.0,0.75,14.75,3.0],"tintindex":0,"rotation":0,"texture":"#0"},"south":{"uv":[14.75,0.75,16.0,3.0],"tintindex":0,"rotation":0,"texture":"#0"},"north":{"uv":[14.75,0.75,16.0,3.0],"tintindex":0,"rotation":0,"texture":"#0"},"west":{"uv":[14.75,0.75,14.0,3.0],"tintindex":0,"rotation":0,"texture":"#0"},"up":{"uv":[14.75,0.0,16.0,0.75],"tintindex":0,"rotation":0,"texture":"#0"},"down":{"uv":[14.75,3.0,16.0,3.75],"tintindex":0,"rotation":0,"texture":"#0"}}},{"from":[10.5,2.0,7.5],"to":[12.5,9.0,12.5],"faces":{"east":{"uv":[11.75,0.5,10.5,2.25],"tintindex":0,"rotation":0,"texture":"#0"},"south":{"uv":[11.5,0.5,12.0,2.25],"tintindex":0,"rotation":0,"texture":"#0"},"north":{"uv":[10.5,0.5,10.0,2.25],"tintindex":0,"rotation":0,"texture":"#0"},"west":{"uv":[10.5,0.5,11.75,2.25],"tintindex":0,"rotation":0,"texture":"#0"},"up":{"uv":[10.5,0.5,11.75,0.0],"tintindex":0,"rotation":90,"texture":"#0"},"down":{"uv":[11.75,0.0,12.25,1.25],"tintindex":0,"rotation":0,"texture":"#0"}}},{"from":[6.5,-5.0,7.0],"to":[9.5,-2.0,10.0],"faces":{"east":{"uv":[13.75,0.75,13.0,1.5],"tintindex":0,"rotation":0,"texture":"#0"},"south":{"uv":[12.25,0.75,13.0,1.5],"tintindex":0,"rotation":0,"texture":"#0"},"north":{"uv":[12.25,0.75,13.0,1.5],"tintindex":0,"rotation":0,"texture":"#0"},"west":{"uv":[13.0,0.75,13.75,1.5],"tintindex":0,"rotation":0,"texture":"#0"},"up":{"uv":[12.25,0.75,13.0,0.0],"tintindex":0,"rotation":0,"texture":"#0"},"down":{"uv":[13.0,0.0,13.75,0.75],"tintindex":0,"rotation":0,"texture":"#0"}}},{"from":[6.9,-2.1,7.4],"to":[9.1,0.1,9.6],"faces":{"east":{"uv":[13.75,0.0,14.25,0.5],"tintindex":0,"rotation":0,"texture":"#0"},"south":{"uv":[13.75,0.0,14.25,0.5],"tintindex":0,"rotation":0,"texture":"#0"},"north":{"uv":[13.75,0.0,14.25,0.5],"tintindex":0,"rotation":0,"texture":"#0"},"west":{"uv":[13.75,0.0,14.25,0.5],"tintindex":0,"rotation":0,"texture":"#0"},"up":{"uv":[13.75,0.0,14.25,0.5],"tintindex":0,"rotation":0,"texture":"#0"},"down":{"uv":[13.75,0.0,14.25,0.5],"tintindex":0,"rotation":0,"texture":"#0"}}},{"from":[3.5,2.0,7.5],"to":[5.5,9.0,12.5],"faces":{"east":{"uv":[10.5,0.5,11.75,2.25],"tintindex":0,"rotation":0,"texture":"#0"},"south":{"uv":[11.5,0.5,12.0,2.25],"tintindex":0,"rotation":0,"texture":"#0"},"north":{"uv":[10.0,0.5,10.5,2.25],"tintindex":0,"rotation":0,"texture":"#0"},"west":{"uv":[10.5,0.5,11.75,2.25],"tintindex":0,"rotation":0,"texture":"#0"},"up":{"uv":[10.5,0.0,11.75,0.5],"tintindex":0,"rotation":90,"texture":"#0"},"down":{"uv":[11.75,0.0,12.25,1.25],"tintindex":0,"rotation":0,"texture":"#0"}}}],"display":{"gui":{"rotation":[30,225,0]}}}