{"textures":{"0":"modelengine:entity/geomancer"},"elements":[{"from":[2.69,5.69,4.69],"to":[13.31,20.31,11.31],"faces":{"east":{"uv":[8.75,12.5,10.25,16.0],"tintindex":0,"rotation":0,"texture":"#0"},"south":{"uv":[13.5,12.5,16.0,16.0],"tintindex":0,"rotation":0,"texture":"#0"},"north":{"uv":[10.0,12.5,12.5,16.0],"tintindex":0,"rotation":0,"texture":"#0"},"west":{"uv":[12.25,12.5,13.75,16.0],"tintindex":0,"rotation":0,"texture":"#0"},"up":{"uv":[12.5,11.0,10.0,12.5],"tintindex":0,"rotation":0,"texture":"#0"},"down":{"uv":[12.5,11.0,15.0,12.5],"tintindex":0,"rotation":0,"texture":"#0"}}},{"from":[3.0,6.0,5.0],"to":[13.0,20.0,11.0],"faces":{"east":{"uv":[13.75,7.5,12.25,11.0],"tintindex":0,"rotation":0,"texture":"#0"},"south":{"uv":[16.0,7.5,13.5,11.0],"tintindex":0,"rotation":0,"texture":"#0"},"north":{"uv":[12.5,7.5,10.0,11.0],"tintindex":0,"rotation":0,"texture":"#0"},"west":{"uv":[12.25,7.5,13.75,11.0],"tintindex":0,"rotation":0,"texture":"#0"},"up":{"uv":[13.5,6.0,16.0,7.5],"tintindex":0,"rotation":0,"texture":"#0"}}}],"display":{"gui":{"rotation":[30,225,0]}}}