{"textures":{"1":"modelengine:entity/stone_effects"},"elements":[{"from":[4.0,13.0,4.0],"to":[5.333333,16.333334,5.333333],"faces":{"north":{"uv":[14.0,12.125,13.5,13.375],"tintindex":0,"rotation":0,"texture":"#1"},"west":{"uv":[13.5,12.125,14.0,13.375],"tintindex":0,"rotation":0,"texture":"#1"},"up":{"uv":[13.5,12.125,14.0,12.625],"tintindex":0,"rotation":0,"texture":"#1"},"down":{"uv":[13.5,13.375,14.0,12.875],"tintindex":0,"rotation":0,"texture":"#1"}}},{"from":[10.666667,16.333334,6.333333],"to":[12.0,19.333334,9.666667],"faces":{"east":{"uv":[11.875,11.0,13.125,12.125],"tintindex":0,"rotation":0,"texture":"#1"},"south":{"uv":[11.0,11.0,11.5,12.125],"tintindex":0,"rotation":0,"texture":"#1"},"north":{"uv":[13.5,11.0,14.0,12.125],"tintindex":0,"rotation":0,"texture":"#1"},"up":{"uv":[13.125,11.0,11.875,11.5],"tintindex":0,"rotation":90,"texture":"#1"}}},{"from":[7.0,18.333334,4.6666665],"to":[9.0,21.333334,5.333333],"faces":{"east":{"uv":[15.125,10.25,15.375,11.375],"tintindex":0,"rotation":0,"texture":"#1"},"south":{"uv":[14.625,10.25,15.375,11.375],"tintindex":0,"rotation":0,"texture":"#1"},"north":{"uv":[14.625,10.25,15.375,11.375],"tintindex":0,"rotation":0,"texture":"#1"},"west":{"uv":[14.625,10.25,14.875,11.375],"tintindex":0,"rotation":0,"texture":"#1"},"up":{"uv":[14.625,10.25,15.375,10.5],"tintindex":0,"rotation":0,"texture":"#1"},"down":{"uv":[14.625,11.125,15.375,11.375],"tintindex":0,"rotation":0,"texture":"#1"}}},{"from":[10.666667,13.0,5.333333],"to":[12.0,16.333334,9.666667],"faces":{"east":{"uv":[11.875,12.125,13.5,13.375],"tintindex":0,"rotation":0,"texture":"#1"},"south":{"uv":[11.0,12.125,11.5,13.375],"tintindex":0,"rotation":0,"texture":"#1"},"north":{"uv":[14.0,8.5,14.5,9.75],"tintindex":0,"rotation":0,"texture":"#1"},"up":{"uv":[13.5,12.125,11.875,12.625],"tintindex":0,"rotation":90,"texture":"#1"},"down":{"uv":[11.875,13.375,13.5,12.875],"tintindex":0,"rotation":90,"texture":"#1"}}},{"from":[10.666667,13.0,4.0],"to":[12.0,16.333334,5.333333],"faces":{"east":{"uv":[14.0,12.125,13.5,13.375],"tintindex":0,"rotation":0,"texture":"#1"},"north":{"uv":[13.5,12.125,14.0,13.375],"tintindex":0,"rotation":0,"texture":"#1"},"up":{"uv":[14.0,12.125,13.5,12.625],"tintindex":0,"rotation":0,"texture":"#1"},"down":{"uv":[14.0,13.375,13.5,12.875],"tintindex":0,"rotation":0,"texture":"#1"}}},{"from":[4.0,16.333334,6.333333],"to":[5.333333,19.333334,9.666667],"faces":{"south":{"uv":[11.5,11.0,11.0,12.125],"tintindex":0,"rotation":0,"texture":"#1"},"north":{"uv":[14.0,11.0,13.5,12.125],"tintindex":0,"rotation":0,"texture":"#1"},"west":{"uv":[13.125,11.0,11.875,12.125],"tintindex":0,"rotation":0,"texture":"#1"},"up":{"uv":[13.125,11.5,11.875,11.0],"tintindex":0,"rotation":90,"texture":"#1"}}},{"from":[5.333333,13.0,4.0],"to":[10.666667,16.333334,5.333333],"faces":{"north":{"uv":[14.0,12.125,16.0,13.375],"tintindex":0,"rotation":0,"texture":"#1"},"up":{"uv":[16.0,12.125,14.0,12.625],"tintindex":0,"rotation":0,"texture":"#1"},"down":{"uv":[16.0,13.375,14.0,12.875],"tintindex":0,"rotation":0,"texture":"#1"}}},{"from":[5.333333,6.0,5.333333],"to":[10.666667,26.0,10.666667],"faces":{"east":{"uv":[11.5,8.5,13.5,16.0],"tintindex":0,"rotation":0,"texture":"#1"},"south":{"uv":[9.0,8.5,11.0,16.0],"tintindex":0,"rotation":0,"texture":"#1"},"north":{"uv":[14.0,8.5,16.0,16.0],"tintindex":0,"rotation":0,"texture":"#1"},"west":{"uv":[13.5,8.5,11.5,16.0],"tintindex":0,"rotation":0,"texture":"#1"},"up":{"uv":[6.75,9.25,8.75,11.25],"tintindex":0,"rotation":0,"texture":"#1"}}},{"from":[4.0,13.0,5.333333],"to":[5.333333,16.333334,9.666667],"faces":{"south":{"uv":[11.5,12.125,11.0,13.375],"tintindex":0,"rotation":0,"texture":"#1"},"north":{"uv":[14.5,8.5,14.0,9.75],"tintindex":0,"rotation":0,"texture":"#1"},"west":{"uv":[13.5,12.125,11.875,13.375],"tintindex":0,"rotation":0,"texture":"#1"},"up":{"uv":[13.5,12.625,11.875,12.125],"tintindex":0,"rotation":90,"texture":"#1"},"down":{"uv":[11.875,12.875,13.5,13.375],"tintindex":0,"rotation":90,"texture":"#1"}}}],"display":{"gui":{"rotation":[30,225,0]}}}