{"textures":{"1":"modelengine:entity/stone_effects"},"elements":[{"from":[5.333333,6.0,16.0],"to":[10.666667,26.0,21.333334],"faces":{"east":{"uv":[13.5,8.5,11.5,16.0],"tintindex":0,"rotation":0,"texture":"#1"},"south":{"uv":[14.0,8.5,16.0,16.0],"tintindex":0,"rotation":0,"texture":"#1"},"north":{"uv":[9.0,8.5,11.0,16.0],"tintindex":0,"rotation":0,"texture":"#1"},"west":{"uv":[11.5,8.5,13.5,16.0],"tintindex":0,"rotation":0,"texture":"#1"},"up":{"uv":[6.75,9.25,8.75,11.25],"tintindex":0,"rotation":180,"texture":"#1"}}},{"from":[21.333334,13.0,5.333333],"to":[22.666668,16.333334,10.666667],"faces":{"east":{"uv":[14.0,12.125,16.0,13.375],"tintindex":0,"rotation":0,"texture":"#1"},"up":{"uv":[16.0,12.125,14.0,12.625],"tintindex":0,"rotation":90,"texture":"#1"},"down":{"uv":[16.0,13.375,14.0,12.875],"tintindex":0,"rotation":270,"texture":"#1"}}},{"from":[10.666667,13.0,21.333334],"to":[12.0,16.333334,22.666668],"faces":{"east":{"uv":[13.5,12.125,14.0,13.375],"tintindex":0,"rotation":0,"texture":"#1"},"south":{"uv":[14.0,12.125,13.5,13.375],"tintindex":0,"rotation":0,"texture":"#1"},"up":{"uv":[13.5,12.125,14.0,12.625],"tintindex":0,"rotation":180,"texture":"#1"},"down":{"uv":[13.5,13.375,14.0,12.875],"tintindex":0,"rotation":180,"texture":"#1"}},"rotation":{"origin":[8.0,8.0,8.0],"angle":45.0,"axis":"y"}},{"from":[17.0,16.333334,4.0],"to":[20.333334,19.333334,5.333333],"faces":{"east":{"uv":[14.0,11.0,13.5,12.125],"tintindex":0,"rotation":0,"texture":"#1"},"north":{"uv":[13.125,11.0,11.875,12.125],"tintindex":0,"rotation":0,"texture":"#1"},"west":{"uv":[11.5,11.0,11.0,12.125],"tintindex":0,"rotation":0,"texture":"#1"},"up":{"uv":[13.125,11.5,11.875,11.0],"tintindex":0,"rotation":180,"texture":"#1"}},"rotation":{"origin":[8.0,8.0,8.0],"angle":45.0,"axis":"y"}},{"from":[-6.666667,13.0,4.0],"to":[-5.333334,16.333334,5.333333],"faces":{"north":{"uv":[14.0,12.125,13.5,13.375],"tintindex":0,"rotation":0,"texture":"#1"},"west":{"uv":[13.5,12.125,14.0,13.375],"tintindex":0,"rotation":0,"texture":"#1"},"up":{"uv":[14.0,12.125,13.5,12.625],"tintindex":0,"rotation":270,"texture":"#1"},"down":{"uv":[14.0,13.375,13.5,12.875],"tintindex":0,"rotation":90,"texture":"#1"}},"rotation":{"origin":[8.0,8.0,8.0],"angle":45.0,"axis":"y"}},{"from":[21.333334,13.0,10.666667],"to":[22.666668,16.333334,12.0],"faces":{"east":{"uv":[13.5,12.125,14.0,13.375],"tintindex":0,"rotation":0,"texture":"#1"},"south":{"uv":[14.0,12.125,13.5,13.375],"tintindex":0,"rotation":0,"texture":"#1"},"up":{"uv":[14.0,12.125,13.5,12.625],"tintindex":0,"rotation":90,"texture":"#1"},"down":{"uv":[14.0,13.375,13.5,12.875],"tintindex":0,"rotation":270,"texture":"#1"}},"rotation":{"origin":[8.0,8.0,8.0],"angle":45.0,"axis":"y"}},{"from":[-5.333334,13.0,10.666667],"to":[-1.0,16.333334,12.0],"faces":{"east":{"uv":[11.5,12.125,11.0,13.375],"tintindex":0,"rotation":0,"texture":"#1"},"south":{"uv":[13.5,12.125,11.875,13.375],"tintindex":0,"rotation":0,"texture":"#1"},"west":{"uv":[14.5,8.5,14.0,9.75],"tintindex":0,"rotation":0,"texture":"#1"},"up":{"uv":[13.5,12.625,11.875,12.125],"tintindex":0,"rotation":0,"texture":"#1"},"down":{"uv":[11.875,12.875,13.5,13.375],"tintindex":0,"rotation":180,"texture":"#1"}},"rotation":{"origin":[8.0,8.0,8.0],"angle":45.0,"axis":"y"}},{"from":[10.666667,13.0,17.0],"to":[12.0,16.333334,21.333334],"faces":{"east":{"uv":[13.5,12.125,11.875,13.375],"tintindex":0,"rotation":0,"texture":"#1"},"south":{"uv":[14.5,8.5,14.0,9.75],"tintindex":0,"rotation":0,"texture":"#1"},"north":{"uv":[11.5,12.125,11.0,13.375],"tintindex":0,"rotation":0,"texture":"#1"},"up":{"uv":[13.5,12.625,11.875,12.125],"tintindex":0,"rotation":270,"texture":"#1"},"down":{"uv":[11.875,12.875,13.5,13.375],"tintindex":0,"rotation":270,"texture":"#1"}},"rotation":{"origin":[8.0,8.0,8.0],"angle":45.0,"axis":"y"}},{"from":[4.0,16.333334,-4.333334],"to":[5.333333,19.333334,-1.0],"faces":{"south":{"uv":[11.5,11.0,11.0,12.125],"tintindex":0,"rotation":0,"texture":"#1"},"north":{"uv":[14.0,11.0,13.5,12.125],"tintindex":0,"rotation":0,"texture":"#1"},"west":{"uv":[13.125,11.0,11.875,12.125],"tintindex":0,"rotation":0,"texture":"#1"},"up":{"uv":[13.125,11.5,11.875,11.0],"tintindex":0,"rotation":90,"texture":"#1"}}},{"from":[-4.333334,16.333334,4.0],"to":[-1.0,19.333334,5.333333],"faces":{"east":{"uv":[11.0,11.0,11.5,12.125],"tintindex":0,"rotation":0,"texture":"#1"},"north":{"uv":[11.875,11.0,13.125,12.125],"tintindex":0,"rotation":0,"texture":"#1"},"west":{"uv":[13.5,11.0,14.0,12.125],"tintindex":0,"rotation":0,"texture":"#1"},"up":{"uv":[13.125,11.0,11.875,11.5],"tintindex":0,"rotation":0,"texture":"#1"}}},{"from":[17.0,13.0,4.0],"to":[21.333334,16.333334,5.333333],"faces":{"east":{"uv":[14.5,8.5,14.0,9.75],"tintindex":0,"rotation":0,"texture":"#1"},"north":{"uv":[13.5,12.125,11.875,13.375],"tintindex":0,"rotation":0,"texture":"#1"},"west":{"uv":[11.5,12.125,11.0,13.375],"tintindex":0,"rotation":0,"texture":"#1"},"up":{"uv":[13.5,12.625,11.875,12.125],"tintindex":0,"rotation":180,"texture":"#1"},"down":{"uv":[11.875,12.875,13.5,13.375],"tintindex":0,"rotation":0,"texture":"#1"}}},{"from":[-6.666667,13.0,5.333333],"to":[-5.333334,16.333334,10.666667],"faces":{"west":{"uv":[14.0,12.125,16.0,13.375],"tintindex":0,"rotation":0,"texture":"#1"},"up":{"uv":[16.0,12.125,14.0,12.625],"tintindex":0,"rotation":270,"texture":"#1"},"down":{"uv":[16.0,13.375,14.0,12.875],"tintindex":0,"rotation":90,"texture":"#1"}}},{"from":[17.0,16.333334,10.666667],"to":[20.333334,19.333334,12.0],"faces":{"east":{"uv":[13.5,11.0,14.0,12.125],"tintindex":0,"rotation":0,"texture":"#1"},"south":{"uv":[11.875,11.0,13.125,12.125],"tintindex":0,"rotation":0,"texture":"#1"},"west":{"uv":[11.0,11.0,11.5,12.125],"tintindex":0,"rotation":0,"texture":"#1"},"up":{"uv":[13.125,11.0,11.875,11.5],"tintindex":0,"rotation":180,"texture":"#1"}}},{"from":[21.333334,18.333334,7.0],"to":[22.0,21.333334,9.0],"faces":{"east":{"uv":[14.625,10.25,15.375,11.375],"tintindex":0,"rotation":0,"texture":"#1"},"south":{"uv":[15.125,10.25,15.375,11.375],"tintindex":0,"rotation":0,"texture":"#1"},"north":{"uv":[14.625,10.25,14.875,11.375],"tintindex":0,"rotation":0,"texture":"#1"},"west":{"uv":[14.625,10.25,15.375,11.375],"tintindex":0,"rotation":0,"texture":"#1"},"up":{"uv":[14.625,10.25,15.375,10.5],"tintindex":0,"rotation":90,"texture":"#1"},"down":{"uv":[14.625,11.125,15.375,11.375],"tintindex":0,"rotation":270,"texture":"#1"}},"rotation":{"origin":[8.0,8.0,8.0],"angle":45.0,"axis":"y"}},{"from":[7.0,18.333334,21.333334],"to":[9.0,21.333334,22.0],"faces":{"east":{"uv":[14.625,10.25,14.875,11.375],"tintindex":0,"rotation":0,"texture":"#1"},"south":{"uv":[14.625,10.25,15.375,11.375],"tintindex":0,"rotation":0,"texture":"#1"},"north":{"uv":[14.625,10.25,15.375,11.375],"tintindex":0,"rotation":0,"texture":"#1"},"west":{"uv":[15.125,10.25,15.375,11.375],"tintindex":0,"rotation":0,"texture":"#1"},"up":{"uv":[14.625,10.25,15.375,10.5],"tintindex":0,"rotation":180,"texture":"#1"},"down":{"uv":[14.625,11.125,15.375,11.375],"tintindex":0,"rotation":180,"texture":"#1"}}},{"from":[7.0,18.333334,-6.0],"to":[9.0,21.333334,-5.333334],"faces":{"east":{"uv":[15.125,10.25,15.375,11.375],"tintindex":0,"rotation":0,"texture":"#1"},"south":{"uv":[14.625,10.25,15.375,11.375],"tintindex":0,"rotation":0,"texture":"#1"},"north":{"uv":[14.625,10.25,15.375,11.375],"tintindex":0,"rotation":0,"texture":"#1"},"west":{"uv":[14.625,10.25,14.875,11.375],"tintindex":0,"rotation":0,"texture":"#1"},"up":{"uv":[14.625,10.25,15.375,10.5],"tintindex":0,"rotation":0,"texture":"#1"},"down":{"uv":[14.625,11.125,15.375,11.375],"tintindex":0,"rotation":0,"texture":"#1"}},"rotation":{"origin":[8.0,8.0,8.0],"angle":45.0,"axis":"y"}},{"from":[7.0,18.333334,21.333334],"to":[9.0,21.333334,22.0],"faces":{"east":{"uv":[14.625,10.25,14.875,11.375],"tintindex":0,"rotation":0,"texture":"#1"},"south":{"uv":[14.625,10.25,15.375,11.375],"tintindex":0,"rotation":0,"texture":"#1"},"north":{"uv":[14.625,10.25,15.375,11.375],"tintindex":0,"rotation":0,"texture":"#1"},"west":{"uv":[15.125,10.25,15.375,11.375],"tintindex":0,"rotation":0,"texture":"#1"},"up":{"uv":[14.625,10.25,15.375,10.5],"tintindex":0,"rotation":180,"texture":"#1"},"down":{"uv":[14.625,11.125,15.375,11.375],"tintindex":0,"rotation":180,"texture":"#1"}},"rotation":{"origin":[8.0,8.0,8.0],"angle":45.0,"axis":"y"}},{"from":[10.666667,13.0,-5.333334],"to":[12.0,16.333334,-1.0],"faces":{"east":{"uv":[11.875,12.125,13.5,13.375],"tintindex":0,"rotation":0,"texture":"#1"},"south":{"uv":[11.0,12.125,11.5,13.375],"tintindex":0,"rotation":0,"texture":"#1"},"north":{"uv":[14.0,8.5,14.5,9.75],"tintindex":0,"rotation":0,"texture":"#1"},"up":{"uv":[13.5,12.125,11.875,12.625],"tintindex":0,"rotation":90,"texture":"#1"},"down":{"uv":[11.875,13.375,13.5,12.875],"tintindex":0,"rotation":90,"texture":"#1"}}},{"from":[5.333333,6.0,-5.333334],"to":[10.666667,26.0,0.0],"faces":{"east":{"uv":[11.5,8.5,13.5,16.0],"tintindex":0,"rotation":0,"texture":"#1"},"south":{"uv":[9.0,8.5,11.0,16.0],"tintindex":0,"rotation":0,"texture":"#1"},"north":{"uv":[14.0,8.5,16.0,16.0],"tintindex":0,"rotation":0,"texture":"#1"},"west":{"uv":[13.5,8.5,11.5,16.0],"tintindex":0,"rotation":0,"texture":"#1"},"up":{"uv":[6.75,9.25,8.75,11.25],"tintindex":0,"rotation":0,"texture":"#1"}},"rotation":{"origin":[8.0,8.0,8.0],"angle":45.0,"axis":"y"}},{"from":[-6.666667,13.0,5.333333],"to":[-5.333334,16.333334,10.666667],"faces":{"west":{"uv":[14.0,12.125,16.0,13.375],"tintindex":0,"rotation":0,"texture":"#1"},"up":{"uv":[16.0,12.125,14.0,12.625],"tintindex":0,"rotation":270,"texture":"#1"},"down":{"uv":[16.0,13.375,14.0,12.875],"tintindex":0,"rotation":90,"texture":"#1"}},"rotation":{"origin":[8.0,8.0,8.0],"angle":45.0,"axis":"y"}},{"from":[4.0,16.333334,17.0],"to":[5.333333,19.333334,20.333334],"faces":{"south":{"uv":[13.5,11.0,14.0,12.125],"tintindex":0,"rotation":0,"texture":"#1"},"north":{"uv":[11.0,11.0,11.5,12.125],"tintindex":0,"rotation":0,"texture":"#1"},"west":{"uv":[11.875,11.0,13.125,12.125],"tintindex":0,"rotation":0,"texture":"#1"},"up":{"uv":[13.125,11.0,11.875,11.5],"tintindex":0,"rotation":270,"texture":"#1"}},"rotation":{"origin":[8.0,8.0,8.0],"angle":45.0,"axis":"y"}},{"from":[-4.333334,16.333334,4.0],"to":[-1.0,19.333334,5.333333],"faces":{"east":{"uv":[11.0,11.0,11.5,12.125],"tintindex":0,"rotation":0,"texture":"#1"},"north":{"uv":[11.875,11.0,13.125,12.125],"tintindex":0,"rotation":0,"texture":"#1"},"west":{"uv":[13.5,11.0,14.0,12.125],"tintindex":0,"rotation":0,"texture":"#1"},"up":{"uv":[13.125,11.0,11.875,11.5],"tintindex":0,"rotation":0,"texture":"#1"}},"rotation":{"origin":[8.0,8.0,8.0],"angle":45.0,"axis":"y"}},{"from":[-5.333334,13.0,4.0],"to":[-1.0,16.333334,5.333333],"faces":{"east":{"uv":[11.0,12.125,11.5,13.375],"tintindex":0,"rotation":0,"texture":"#1"},"north":{"uv":[11.875,12.125,13.5,13.375],"tintindex":0,"rotation":0,"texture":"#1"},"west":{"uv":[14.0,8.5,14.5,9.75],"tintindex":0,"rotation":0,"texture":"#1"},"up":{"uv":[13.5,12.125,11.875,12.625],"tintindex":0,"rotation":0,"texture":"#1"},"down":{"uv":[11.875,13.375,13.5,12.875],"tintindex":0,"rotation":180,"texture":"#1"}},"rotation":{"origin":[8.0,8.0,8.0],"angle":45.0,"axis":"y"}},{"from":[-5.333334,6.0,5.333333],"to":[0.0,26.0,10.666667],"faces":{"east":{"uv":[9.0,8.5,11.0,16.0],"tintindex":0,"rotation":0,"texture":"#1"},"south":{"uv":[13.5,8.5,11.5,16.0],"tintindex":0,"rotation":0,"texture":"#1"},"north":{"uv":[11.5,8.5,13.5,16.0],"tintindex":0,"rotation":0,"texture":"#1"},"west":{"uv":[14.0,8.5,16.0,16.0],"tintindex":0,"rotation":0,"texture":"#1"},"up":{"uv":[6.75,9.25,8.75,11.25],"tintindex":0,"rotation":270,"texture":"#1"}},"rotation":{"origin":[8.0,8.0,8.0],"angle":45.0,"axis":"y"}},{"from":[10.666667,16.333334,17.0],"to":[12.0,19.333334,20.333334],"faces":{"east":{"uv":[13.125,11.0,11.875,12.125],"tintindex":0,"rotation":0,"texture":"#1"},"south":{"uv":[14.0,11.0,13.5,12.125],"tintindex":0,"rotation":0,"texture":"#1"},"north":{"uv":[11.5,11.0,11.0,12.125],"tintindex":0,"rotation":0,"texture":"#1"},"up":{"uv":[13.125,11.5,11.875,11.0],"tintindex":0,"rotation":270,"texture":"#1"}}},{"from":[4.0,16.333334,-4.333334],"to":[5.333333,19.333334,-1.0],"faces":{"south":{"uv":[11.5,11.0,11.0,12.125],"tintindex":0,"rotation":0,"texture":"#1"},"north":{"uv":[14.0,11.0,13.5,12.125],"tintindex":0,"rotation":0,"texture":"#1"},"west":{"uv":[13.125,11.0,11.875,12.125],"tintindex":0,"rotation":0,"texture":"#1"},"up":{"uv":[13.125,11.5,11.875,11.0],"tintindex":0,"rotation":90,"texture":"#1"}},"rotation":{"origin":[8.0,8.0,8.0],"angle":45.0,"axis":"y"}},{"from":[10.666667,13.0,-6.666667],"to":[12.0,16.333334,-5.333334],"faces":{"east":{"uv":[14.0,12.125,13.5,13.375],"tintindex":0,"rotation":0,"texture":"#1"},"north":{"uv":[13.5,12.125,14.0,13.375],"tintindex":0,"rotation":0,"texture":"#1"},"up":{"uv":[14.0,12.125,13.5,12.625],"tintindex":0,"rotation":0,"texture":"#1"},"down":{"uv":[14.0,13.375,13.5,12.875],"tintindex":0,"rotation":0,"texture":"#1"}}},{"from":[10.666667,13.0,21.333334],"to":[12.0,16.333334,22.666668],"faces":{"east":{"uv":[13.5,12.125,14.0,13.375],"tintindex":0,"rotation":0,"texture":"#1"},"south":{"uv":[14.0,12.125,13.5,13.375],"tintindex":0,"rotation":0,"texture":"#1"},"up":{"uv":[13.5,12.125,14.0,12.625],"tintindex":0,"rotation":180,"texture":"#1"},"down":{"uv":[13.5,13.375,14.0,12.875],"tintindex":0,"rotation":180,"texture":"#1"}}},{"from":[5.333333,6.0,16.0],"to":[10.666667,26.0,21.333334],"faces":{"east":{"uv":[13.5,8.5,11.5,16.0],"tintindex":0,"rotation":0,"texture":"#1"},"south":{"uv":[14.0,8.5,16.0,16.0],"tintindex":0,"rotation":0,"texture":"#1"},"north":{"uv":[9.0,8.5,11.0,16.0],"tintindex":0,"rotation":0,"texture":"#1"},"west":{"uv":[11.5,8.5,13.5,16.0],"tintindex":0,"rotation":0,"texture":"#1"},"up":{"uv":[6.75,9.25,8.75,11.25],"tintindex":0,"rotation":180,"texture":"#1"}},"rotation":{"origin":[8.0,8.0,8.0],"angle":45.0,"axis":"y"}},{"from":[-6.666667,13.0,10.666667],"to":[-5.333334,16.333334,12.0],"faces":{"south":{"uv":[13.5,12.125,14.0,13.375],"tintindex":0,"rotation":0,"texture":"#1"},"west":{"uv":[14.0,12.125,13.5,13.375],"tintindex":0,"rotation":0,"texture":"#1"},"up":{"uv":[13.5,12.125,14.0,12.625],"tintindex":0,"rotation":270,"texture":"#1"},"down":{"uv":[13.5,13.375,14.0,12.875],"tintindex":0,"rotation":90,"texture":"#1"}},"rotation":{"origin":[8.0,8.0,8.0],"angle":45.0,"axis":"y"}},{"from":[4.0,13.0,17.0],"to":[5.333333,16.333334,21.333334],"faces":{"south":{"uv":[14.0,8.5,14.5,9.75],"tintindex":0,"rotation":0,"texture":"#1"},"north":{"uv":[11.0,12.125,11.5,13.375],"tintindex":0,"rotation":0,"texture":"#1"},"west":{"uv":[11.875,12.125,13.5,13.375],"tintindex":0,"rotation":0,"texture":"#1"},"up":{"uv":[13.5,12.125,11.875,12.625],"tintindex":0,"rotation":270,"texture":"#1"},"down":{"uv":[11.875,13.375,13.5,12.875],"tintindex":0,"rotation":270,"texture":"#1"}},"rotation":{"origin":[8.0,8.0,8.0],"angle":45.0,"axis":"y"}},{"from":[-6.0,18.333334,7.0],"to":[-5.333334,21.333334,9.0],"faces":{"east":{"uv":[14.625,10.25,15.375,11.375],"tintindex":0,"rotation":0,"texture":"#1"},"south":{"uv":[14.625,10.25,14.875,11.375],"tintindex":0,"rotation":0,"texture":"#1"},"north":{"uv":[15.125,10.25,15.375,11.375],"tintindex":0,"rotation":0,"texture":"#1"},"west":{"uv":[14.625,10.25,15.375,11.375],"tintindex":0,"rotation":0,"texture":"#1"},"up":{"uv":[14.625,10.25,15.375,10.5],"tintindex":0,"rotation":270,"texture":"#1"},"down":{"uv":[14.625,11.125,15.375,11.375],"tintindex":0,"rotation":90,"texture":"#1"}}},{"from":[7.0,18.333334,-6.0],"to":[9.0,21.333334,-5.333334],"faces":{"east":{"uv":[15.125,10.25,15.375,11.375],"tintindex":0,"rotation":0,"texture":"#1"},"south":{"uv":[14.625,10.25,15.375,11.375],"tintindex":0,"rotation":0,"texture":"#1"},"north":{"uv":[14.625,10.25,15.375,11.375],"tintindex":0,"rotation":0,"texture":"#1"},"west":{"uv":[14.625,10.25,14.875,11.375],"tintindex":0,"rotation":0,"texture":"#1"},"up":{"uv":[14.625,10.25,15.375,10.5],"tintindex":0,"rotation":0,"texture":"#1"},"down":{"uv":[14.625,11.125,15.375,11.375],"tintindex":0,"rotation":0,"texture":"#1"}}},{"from":[5.333333,13.0,21.333334],"to":[10.666667,16.333334,22.666668],"faces":{"south":{"uv":[14.0,12.125,16.0,13.375],"tintindex":0,"rotation":0,"texture":"#1"},"up":{"uv":[16.0,12.125,14.0,12.625],"tintindex":0,"rotation":180,"texture":"#1"},"down":{"uv":[16.0,13.375,14.0,12.875],"tintindex":0,"rotation":180,"texture":"#1"}}},{"from":[4.0,13.0,-6.666667],"to":[5.333333,16.333334,-5.333334],"faces":{"north":{"uv":[14.0,12.125,13.5,13.375],"tintindex":0,"rotation":0,"texture":"#1"},"west":{"uv":[13.5,12.125,14.0,13.375],"tintindex":0,"rotation":0,"texture":"#1"},"up":{"uv":[13.5,12.125,14.0,12.625],"tintindex":0,"rotation":0,"texture":"#1"},"down":{"uv":[13.5,13.375,14.0,12.875],"tintindex":0,"rotation":0,"texture":"#1"}}},{"from":[4.0,13.0,-5.333334],"to":[5.333333,16.333334,-1.0],"faces":{"south":{"uv":[11.5,12.125,11.0,13.375],"tintindex":0,"rotation":0,"texture":"#1"},"north":{"uv":[14.5,8.5,14.0,9.75],"tintindex":0,"rotation":0,"texture":"#1"},"west":{"uv":[13.5,12.125,11.875,13.375],"tintindex":0,"rotation":0,"texture":"#1"},"up":{"uv":[13.5,12.625,11.875,12.125],"tintindex":0,"rotation":90,"texture":"#1"},"down":{"uv":[11.875,12.875,13.5,13.375],"tintindex":0,"rotation":90,"texture":"#1"}},"rotation":{"origin":[8.0,8.0,8.0],"angle":45.0,"axis":"y"}},{"from":[10.666667,13.0,-6.666667],"to":[12.0,16.333334,-5.333334],"faces":{"east":{"uv":[14.0,12.125,13.5,13.375],"tintindex":0,"rotation":0,"texture":"#1"},"north":{"uv":[13.5,12.125,14.0,13.375],"tintindex":0,"rotation":0,"texture":"#1"},"up":{"uv":[14.0,12.125,13.5,12.625],"tintindex":0,"rotation":0,"texture":"#1"},"down":{"uv":[14.0,13.375,13.5,12.875],"tintindex":0,"rotation":0,"texture":"#1"}},"rotation":{"origin":[8.0,8.0,8.0],"angle":45.0,"axis":"y"}},{"from":[10.666667,13.0,-5.333334],"to":[12.0,16.333334,-1.0],"faces":{"east":{"uv":[11.875,12.125,13.5,13.375],"tintindex":0,"rotation":0,"texture":"#1"},"south":{"uv":[11.0,12.125,11.5,13.375],"tintindex":0,"rotation":0,"texture":"#1"},"north":{"uv":[14.0,8.5,14.5,9.75],"tintindex":0,"rotation":0,"texture":"#1"},"up":{"uv":[13.5,12.125,11.875,12.625],"tintindex":0,"rotation":90,"texture":"#1"},"down":{"uv":[11.875,13.375,13.5,12.875],"tintindex":0,"rotation":90,"texture":"#1"}},"rotation":{"origin":[8.0,8.0,8.0],"angle":45.0,"axis":"y"}},{"from":[4.0,16.333334,17.0],"to":[5.333333,19.333334,20.333334],"faces":{"south":{"uv":[13.5,11.0,14.0,12.125],"tintindex":0,"rotation":0,"texture":"#1"},"north":{"uv":[11.0,11.0,11.5,12.125],"tintindex":0,"rotation":0,"texture":"#1"},"west":{"uv":[11.875,11.0,13.125,12.125],"tintindex":0,"rotation":0,"texture":"#1"},"up":{"uv":[13.125,11.0,11.875,11.5],"tintindex":0,"rotation":270,"texture":"#1"}}},{"from":[10.666667,13.0,17.0],"to":[12.0,16.333334,21.333334],"faces":{"east":{"uv":[13.5,12.125,11.875,13.375],"tintindex":0,"rotation":0,"texture":"#1"},"south":{"uv":[14.5,8.5,14.0,9.75],"tintindex":0,"rotation":0,"texture":"#1"},"north":{"uv":[11.5,12.125,11.0,13.375],"tintindex":0,"rotation":0,"texture":"#1"},"up":{"uv":[13.5,12.625,11.875,12.125],"tintindex":0,"rotation":270,"texture":"#1"},"down":{"uv":[11.875,12.875,13.5,13.375],"tintindex":0,"rotation":270,"texture":"#1"}}},{"from":[-6.666667,13.0,4.0],"to":[-5.333334,16.333334,5.333333],"faces":{"north":{"uv":[14.0,12.125,13.5,13.375],"tintindex":0,"rotation":0,"texture":"#1"},"west":{"uv":[13.5,12.125,14.0,13.375],"tintindex":0,"rotation":0,"texture":"#1"},"up":{"uv":[14.0,12.125,13.5,12.625],"tintindex":0,"rotation":270,"texture":"#1"},"down":{"uv":[14.0,13.375,13.5,12.875],"tintindex":0,"rotation":90,"texture":"#1"}}},{"from":[4.0,13.0,-6.666667],"to":[5.333333,16.333334,-5.333334],"faces":{"north":{"uv":[14.0,12.125,13.5,13.375],"tintindex":0,"rotation":0,"texture":"#1"},"west":{"uv":[13.5,12.125,14.0,13.375],"tintindex":0,"rotation":0,"texture":"#1"},"up":{"uv":[13.5,12.125,14.0,12.625],"tintindex":0,"rotation":0,"texture":"#1"},"down":{"uv":[13.5,13.375,14.0,12.875],"tintindex":0,"rotation":0,"texture":"#1"}},"rotation":{"origin":[8.0,8.0,8.0],"angle":45.0,"axis":"y"}},{"from":[-4.333334,16.333334,10.666667],"to":[-1.0,19.333334,12.0],"faces":{"east":{"uv":[11.5,11.0,11.0,12.125],"tintindex":0,"rotation":0,"texture":"#1"},"south":{"uv":[13.125,11.0,11.875,12.125],"tintindex":0,"rotation":0,"texture":"#1"},"west":{"uv":[14.0,11.0,13.5,12.125],"tintindex":0,"rotation":0,"texture":"#1"},"up":{"uv":[13.125,11.5,11.875,11.0],"tintindex":0,"rotation":0,"texture":"#1"}}},{"from":[21.333334,13.0,4.0],"to":[22.666668,16.333334,5.333333],"faces":{"east":{"uv":[14.0,12.125,13.5,13.375],"tintindex":0,"rotation":0,"texture":"#1"},"north":{"uv":[13.5,12.125,14.0,13.375],"tintindex":0,"rotation":0,"texture":"#1"},"up":{"uv":[13.5,12.125,14.0,12.625],"tintindex":0,"rotation":90,"texture":"#1"},"down":{"uv":[13.5,13.375,14.0,12.875],"tintindex":0,"rotation":270,"texture":"#1"}}},{"from":[4.0,13.0,21.333334],"to":[5.333333,16.333334,22.666668],"faces":{"south":{"uv":[13.5,12.125,14.0,13.375],"tintindex":0,"rotation":0,"texture":"#1"},"west":{"uv":[14.0,12.125,13.5,13.375],"tintindex":0,"rotation":0,"texture":"#1"},"up":{"uv":[14.0,12.125,13.5,12.625],"tintindex":0,"rotation":180,"texture":"#1"},"down":{"uv":[14.0,13.375,13.5,12.875],"tintindex":0,"rotation":180,"texture":"#1"}}},{"from":[10.666667,16.333334,17.0],"to":[12.0,19.333334,20.333334],"faces":{"east":{"uv":[13.125,11.0,11.875,12.125],"tintindex":0,"rotation":0,"texture":"#1"},"south":{"uv":[14.0,11.0,13.5,12.125],"tintindex":0,"rotation":0,"texture":"#1"},"north":{"uv":[11.5,11.0,11.0,12.125],"tintindex":0,"rotation":0,"texture":"#1"},"up":{"uv":[13.125,11.5,11.875,11.0],"tintindex":0,"rotation":270,"texture":"#1"}},"rotation":{"origin":[8.0,8.0,8.0],"angle":45.0,"axis":"y"}},{"from":[-6.0,18.333334,7.0],"to":[-5.333334,21.333334,9.0],"faces":{"east":{"uv":[14.625,10.25,15.375,11.375],"tintindex":0,"rotation":0,"texture":"#1"},"south":{"uv":[14.625,10.25,14.875,11.375],"tintindex":0,"rotation":0,"texture":"#1"},"north":{"uv":[15.125,10.25,15.375,11.375],"tintindex":0,"rotation":0,"texture":"#1"},"west":{"uv":[14.625,10.25,15.375,11.375],"tintindex":0,"rotation":0,"texture":"#1"},"up":{"uv":[14.625,10.25,15.375,10.5],"tintindex":0,"rotation":270,"texture":"#1"},"down":{"uv":[14.625,11.125,15.375,11.375],"tintindex":0,"rotation":90,"texture":"#1"}},"rotation":{"origin":[8.0,8.0,8.0],"angle":45.0,"axis":"y"}},{"from":[5.333333,13.0,-6.666667],"to":[10.666667,16.333334,-5.333334],"faces":{"north":{"uv":[14.0,12.125,16.0,13.375],"tintindex":0,"rotation":0,"texture":"#1"},"up":{"uv":[16.0,12.125,14.0,12.625],"tintindex":0,"rotation":0,"texture":"#1"},"down":{"uv":[16.0,13.375,14.0,12.875],"tintindex":0,"rotation":0,"texture":"#1"}}},{"from":[5.333333,6.0,-5.333334],"to":[10.666667,26.0,0.0],"faces":{"east":{"uv":[11.5,8.5,13.5,16.0],"tintindex":0,"rotation":0,"texture":"#1"},"south":{"uv":[9.0,8.5,11.0,16.0],"tintindex":0,"rotation":0,"texture":"#1"},"north":{"uv":[14.0,8.5,16.0,16.0],"tintindex":0,"rotation":0,"texture":"#1"},"west":{"uv":[13.5,8.5,11.5,16.0],"tintindex":0,"rotation":0,"texture":"#1"},"up":{"uv":[6.75,9.25,8.75,11.25],"tintindex":0,"rotation":0,"texture":"#1"}}},{"from":[17.0,13.0,10.666667],"to":[21.333334,16.333334,12.0],"faces":{"east":{"uv":[14.0,8.5,14.5,9.75],"tintindex":0,"rotation":0,"texture":"#1"},"south":{"uv":[11.875,12.125,13.5,13.375],"tintindex":0,"rotation":0,"texture":"#1"},"west":{"uv":[11.0,12.125,11.5,13.375],"tintindex":0,"rotation":0,"texture":"#1"},"up":{"uv":[13.5,12.125,11.875,12.625],"tintindex":0,"rotation":180,"texture":"#1"},"down":{"uv":[11.875,13.375,13.5,12.875],"tintindex":0,"rotation":0,"texture":"#1"}},"rotation":{"origin":[8.0,8.0,8.0],"angle":45.0,"axis":"y"}},{"from":[16.0,6.0,5.333333],"to":[21.333334,26.0,10.666667],"faces":{"east":{"uv":[14.0,8.5,16.0,16.0],"tintindex":0,"rotation":0,"texture":"#1"},"south":{"uv":[11.5,8.5,13.5,16.0],"tintindex":0,"rotation":0,"texture":"#1"},"north":{"uv":[13.5,8.5,11.5,16.0],"tintindex":0,"rotation":0,"texture":"#1"},"west":{"uv":[9.0,8.5,11.0,16.0],"tintindex":0,"rotation":0,"texture":"#1"},"up":{"uv":[6.75,9.25,8.75,11.25],"tintindex":0,"rotation":90,"texture":"#1"}},"rotation":{"origin":[8.0,8.0,8.0],"angle":45.0,"axis":"y"}},{"from":[21.333334,13.0,10.666667],"to":[22.666668,16.333334,12.0],"faces":{"east":{"uv":[13.5,12.125,14.0,13.375],"tintindex":0,"rotation":0,"texture":"#1"},"south":{"uv":[14.0,12.125,13.5,13.375],"tintindex":0,"rotation":0,"texture":"#1"},"up":{"uv":[14.0,12.125,13.5,12.625],"tintindex":0,"rotation":90,"texture":"#1"},"down":{"uv":[14.0,13.375,13.5,12.875],"tintindex":0,"rotation":270,"texture":"#1"}}},{"from":[10.666667,16.333334,-4.333334],"to":[12.0,19.333334,-1.0],"faces":{"east":{"uv":[11.875,11.0,13.125,12.125],"tintindex":0,"rotation":0,"texture":"#1"},"south":{"uv":[11.0,11.0,11.5,12.125],"tintindex":0,"rotation":0,"texture":"#1"},"north":{"uv":[13.5,11.0,14.0,12.125],"tintindex":0,"rotation":0,"texture":"#1"},"up":{"uv":[13.125,11.0,11.875,11.5],"tintindex":0,"rotation":90,"texture":"#1"}}},{"from":[21.333334,13.0,4.0],"to":[22.666668,16.333334,5.333333],"faces":{"east":{"uv":[14.0,12.125,13.5,13.375],"tintindex":0,"rotation":0,"texture":"#1"},"north":{"uv":[13.5,12.125,14.0,13.375],"tintindex":0,"rotation":0,"texture":"#1"},"up":{"uv":[13.5,12.125,14.0,12.625],"tintindex":0,"rotation":90,"texture":"#1"},"down":{"uv":[13.5,13.375,14.0,12.875],"tintindex":0,"rotation":270,"texture":"#1"}},"rotation":{"origin":[8.0,8.0,8.0],"angle":45.0,"axis":"y"}},{"from":[-6.666667,13.0,10.666667],"to":[-5.333334,16.333334,12.0],"faces":{"south":{"uv":[13.5,12.125,14.0,13.375],"tintindex":0,"rotation":0,"texture":"#1"},"west":{"uv":[14.0,12.125,13.5,13.375],"tintindex":0,"rotation":0,"texture":"#1"},"up":{"uv":[13.5,12.125,14.0,12.625],"tintindex":0,"rotation":270,"texture":"#1"},"down":{"uv":[13.5,13.375,14.0,12.875],"tintindex":0,"rotation":90,"texture":"#1"}}},{"from":[-5.333334,13.0,10.666667],"to":[-1.0,16.333334,12.0],"faces":{"east":{"uv":[11.5,12.125,11.0,13.375],"tintindex":0,"rotation":0,"texture":"#1"},"south":{"uv":[13.5,12.125,11.875,13.375],"tintindex":0,"rotation":0,"texture":"#1"},"west":{"uv":[14.5,8.5,14.0,9.75],"tintindex":0,"rotation":0,"texture":"#1"},"up":{"uv":[13.5,12.625,11.875,12.125],"tintindex":0,"rotation":0,"texture":"#1"},"down":{"uv":[11.875,12.875,13.5,13.375],"tintindex":0,"rotation":180,"texture":"#1"}}},{"from":[17.0,13.0,10.666667],"to":[21.333334,16.333334,12.0],"faces":{"east":{"uv":[14.0,8.5,14.5,9.75],"tintindex":0,"rotation":0,"texture":"#1"},"south":{"uv":[11.875,12.125,13.5,13.375],"tintindex":0,"rotation":0,"texture":"#1"},"west":{"uv":[11.0,12.125,11.5,13.375],"tintindex":0,"rotation":0,"texture":"#1"},"up":{"uv":[13.5,12.125,11.875,12.625],"tintindex":0,"rotation":180,"texture":"#1"},"down":{"uv":[11.875,13.375,13.5,12.875],"tintindex":0,"rotation":0,"texture":"#1"}}},{"from":[16.0,6.0,5.333333],"to":[21.333334,26.0,10.666667],"faces":{"east":{"uv":[14.0,8.5,16.0,16.0],"tintindex":0,"rotation":0,"texture":"#1"},"south":{"uv":[11.5,8.5,13.5,16.0],"tintindex":0,"rotation":0,"texture":"#1"},"north":{"uv":[13.5,8.5,11.5,16.0],"tintindex":0,"rotation":0,"texture":"#1"},"west":{"uv":[9.0,8.5,11.0,16.0],"tintindex":0,"rotation":0,"texture":"#1"},"up":{"uv":[6.75,9.25,8.75,11.25],"tintindex":0,"rotation":90,"texture":"#1"}}},{"from":[21.333334,13.0,5.333333],"to":[22.666668,16.333334,10.666667],"faces":{"east":{"uv":[14.0,12.125,16.0,13.375],"tintindex":0,"rotation":0,"texture":"#1"},"up":{"uv":[16.0,12.125,14.0,12.625],"tintindex":0,"rotation":90,"texture":"#1"},"down":{"uv":[16.0,13.375,14.0,12.875],"tintindex":0,"rotation":270,"texture":"#1"}},"rotation":{"origin":[8.0,8.0,8.0],"angle":45.0,"axis":"y"}},{"from":[4.0,13.0,17.0],"to":[5.333333,16.333334,21.333334],"faces":{"south":{"uv":[14.0,8.5,14.5,9.75],"tintindex":0,"rotation":0,"texture":"#1"},"north":{"uv":[11.0,12.125,11.5,13.375],"tintindex":0,"rotation":0,"texture":"#1"},"west":{"uv":[11.875,12.125,13.5,13.375],"tintindex":0,"rotation":0,"texture":"#1"},"up":{"uv":[13.5,12.125,11.875,12.625],"tintindex":0,"rotation":270,"texture":"#1"},"down":{"uv":[11.875,13.375,13.5,12.875],"tintindex":0,"rotation":270,"texture":"#1"}}},{"from":[4.0,13.0,21.333334],"to":[5.333333,16.333334,22.666668],"faces":{"south":{"uv":[13.5,12.125,14.0,13.375],"tintindex":0,"rotation":0,"texture":"#1"},"west":{"uv":[14.0,12.125,13.5,13.375],"tintindex":0,"rotation":0,"texture":"#1"},"up":{"uv":[14.0,12.125,13.5,12.625],"tintindex":0,"rotation":180,"texture":"#1"},"down":{"uv":[14.0,13.375,13.5,12.875],"tintindex":0,"rotation":180,"texture":"#1"}},"rotation":{"origin":[8.0,8.0,8.0],"angle":45.0,"axis":"y"}},{"from":[17.0,16.333334,4.0],"to":[20.333334,19.333334,5.333333],"faces":{"east":{"uv":[14.0,11.0,13.5,12.125],"tintindex":0,"rotation":0,"texture":"#1"},"north":{"uv":[13.125,11.0,11.875,12.125],"tintindex":0,"rotation":0,"texture":"#1"},"west":{"uv":[11.5,11.0,11.0,12.125],"tintindex":0,"rotation":0,"texture":"#1"},"up":{"uv":[13.125,11.5,11.875,11.0],"tintindex":0,"rotation":180,"texture":"#1"}}},{"from":[-5.333334,6.0,5.333333],"to":[0.0,26.0,10.666667],"faces":{"east":{"uv":[9.0,8.5,11.0,16.0],"tintindex":0,"rotation":0,"texture":"#1"},"south":{"uv":[13.5,8.5,11.5,16.0],"tintindex":0,"rotation":0,"texture":"#1"},"north":{"uv":[11.5,8.5,13.5,16.0],"tintindex":0,"rotation":0,"texture":"#1"},"west":{"uv":[14.0,8.5,16.0,16.0],"tintindex":0,"rotation":0,"texture":"#1"},"up":{"uv":[6.75,9.25,8.75,11.25],"tintindex":0,"rotation":270,"texture":"#1"}}},{"from":[17.0,13.0,4.0],"to":[21.333334,16.333334,5.333333],"faces":{"east":{"uv":[14.5,8.5,14.0,9.75],"tintindex":0,"rotation":0,"texture":"#1"},"north":{"uv":[13.5,12.125,11.875,13.375],"tintindex":0,"rotation":0,"texture":"#1"},"west":{"uv":[11.5,12.125,11.0,13.375],"tintindex":0,"rotation":0,"texture":"#1"},"up":{"uv":[13.5,12.625,11.875,12.125],"tintindex":0,"rotation":180,"texture":"#1"},"down":{"uv":[11.875,12.875,13.5,13.375],"tintindex":0,"rotation":0,"texture":"#1"}},"rotation":{"origin":[8.0,8.0,8.0],"angle":45.0,"axis":"y"}},{"from":[17.0,16.333334,10.666667],"to":[20.333334,19.333334,12.0],"faces":{"east":{"uv":[13.5,11.0,14.0,12.125],"tintindex":0,"rotation":0,"texture":"#1"},"south":{"uv":[11.875,11.0,13.125,12.125],"tintindex":0,"rotation":0,"texture":"#1"},"west":{"uv":[11.0,11.0,11.5,12.125],"tintindex":0,"rotation":0,"texture":"#1"},"up":{"uv":[13.125,11.0,11.875,11.5],"tintindex":0,"rotation":180,"texture":"#1"}},"rotation":{"origin":[8.0,8.0,8.0],"angle":45.0,"axis":"y"}},{"from":[4.0,13.0,-5.333334],"to":[5.333333,16.333334,-1.0],"faces":{"south":{"uv":[11.5,12.125,11.0,13.375],"tintindex":0,"rotation":0,"texture":"#1"},"north":{"uv":[14.5,8.5,14.0,9.75],"tintindex":0,"rotation":0,"texture":"#1"},"west":{"uv":[13.5,12.125,11.875,13.375],"tintindex":0,"rotation":0,"texture":"#1"},"up":{"uv":[13.5,12.625,11.875,12.125],"tintindex":0,"rotation":90,"texture":"#1"},"down":{"uv":[11.875,12.875,13.5,13.375],"tintindex":0,"rotation":90,"texture":"#1"}}},{"from":[5.333333,13.0,-6.666667],"to":[10.666667,16.333334,-5.333334],"faces":{"north":{"uv":[14.0,12.125,16.0,13.375],"tintindex":0,"rotation":0,"texture":"#1"},"up":{"uv":[16.0,12.125,14.0,12.625],"tintindex":0,"rotation":0,"texture":"#1"},"down":{"uv":[16.0,13.375,14.0,12.875],"tintindex":0,"rotation":0,"texture":"#1"}},"rotation":{"origin":[8.0,8.0,8.0],"angle":45.0,"axis":"y"}},{"from":[-5.333334,13.0,4.0],"to":[-1.0,16.333334,5.333333],"faces":{"east":{"uv":[11.0,12.125,11.5,13.375],"tintindex":0,"rotation":0,"texture":"#1"},"north":{"uv":[11.875,12.125,13.5,13.375],"tintindex":0,"rotation":0,"texture":"#1"},"west":{"uv":[14.0,8.5,14.5,9.75],"tintindex":0,"rotation":0,"texture":"#1"},"up":{"uv":[13.5,12.125,11.875,12.625],"tintindex":0,"rotation":0,"texture":"#1"},"down":{"uv":[11.875,13.375,13.5,12.875],"tintindex":0,"rotation":180,"texture":"#1"}}},{"from":[-4.333334,16.333334,10.666667],"to":[-1.0,19.333334,12.0],"faces":{"east":{"uv":[11.5,11.0,11.0,12.125],"tintindex":0,"rotation":0,"texture":"#1"},"south":{"uv":[13.125,11.0,11.875,12.125],"tintindex":0,"rotation":0,"texture":"#1"},"west":{"uv":[14.0,11.0,13.5,12.125],"tintindex":0,"rotation":0,"texture":"#1"},"up":{"uv":[13.125,11.5,11.875,11.0],"tintindex":0,"rotation":0,"texture":"#1"}},"rotation":{"origin":[8.0,8.0,8.0],"angle":45.0,"axis":"y"}},{"from":[10.666667,16.333334,-4.333334],"to":[12.0,19.333334,-1.0],"faces":{"east":{"uv":[11.875,11.0,13.125,12.125],"tintindex":0,"rotation":0,"texture":"#1"},"south":{"uv":[11.0,11.0,11.5,12.125],"tintindex":0,"rotation":0,"texture":"#1"},"north":{"uv":[13.5,11.0,14.0,12.125],"tintindex":0,"rotation":0,"texture":"#1"},"up":{"uv":[13.125,11.0,11.875,11.5],"tintindex":0,"rotation":90,"texture":"#1"}},"rotation":{"origin":[8.0,8.0,8.0],"angle":45.0,"axis":"y"}},{"from":[21.333334,18.333334,7.0],"to":[22.0,21.333334,9.0],"faces":{"east":{"uv":[14.625,10.25,15.375,11.375],"tintindex":0,"rotation":0,"texture":"#1"},"south":{"uv":[15.125,10.25,15.375,11.375],"tintindex":0,"rotation":0,"texture":"#1"},"north":{"uv":[14.625,10.25,14.875,11.375],"tintindex":0,"rotation":0,"texture":"#1"},"west":{"uv":[14.625,10.25,15.375,11.375],"tintindex":0,"rotation":0,"texture":"#1"},"up":{"uv":[14.625,10.25,15.375,10.5],"tintindex":0,"rotation":90,"texture":"#1"},"down":{"uv":[14.625,11.125,15.375,11.375],"tintindex":0,"rotation":270,"texture":"#1"}}},{"from":[5.333333,13.0,21.333334],"to":[10.666667,16.333334,22.666668],"faces":{"south":{"uv":[14.0,12.125,16.0,13.375],"tintindex":0,"rotation":0,"texture":"#1"},"up":{"uv":[16.0,12.125,14.0,12.625],"tintindex":0,"rotation":180,"texture":"#1"},"down":{"uv":[16.0,13.375,14.0,12.875],"tintindex":0,"rotation":180,"texture":"#1"}},"rotation":{"origin":[8.0,8.0,8.0],"angle":45.0,"axis":"y"}}],"display":{"gui":{"rotation":[30,225,0]}}}