{"textures":{"0":"modelengine:entity/geomancer"},"elements":[{"from":[6.5,7.0,2.0],"to":[9.5,11.0,4.0],"faces":{"east":{"uv":[0.0,0.5,0.5,1.5],"tintindex":0,"rotation":0,"texture":"#0"},"south":{"uv":[1.25,0.5,2.0,1.5],"tintindex":0,"rotation":0,"texture":"#0"},"north":{"uv":[0.25,0.5,1.0,1.5],"tintindex":0,"rotation":0,"texture":"#0"},"west":{"uv":[0.75,0.5,1.25,1.5],"tintindex":0,"rotation":0,"texture":"#0"},"up":{"uv":[1.0,0.5,0.25,0.0],"tintindex":0,"rotation":0,"texture":"#0"},"down":{"uv":[1.75,0.0,1.0,0.5],"tintindex":0,"rotation":0,"texture":"#0"}}},{"from":[3.75,12.0,3.75],"to":[12.25,14.099998,5.8],"faces":{"east":{"uv":[5.5,5.25,5.0,5.75],"tintindex":0,"rotation":0,"texture":"#0"},"north":{"uv":[3.0,5.25,5.0,5.75],"tintindex":0,"rotation":0,"texture":"#0"},"west":{"uv":[5.0,5.25,5.5,5.75],"tintindex":0,"rotation":0,"texture":"#0"}}},{"from":[4.0,8.0,4.0],"to":[12.0,18.0,12.0],"faces":{"east":{"uv":[0.0,2.0,2.0,4.5],"tintindex":0,"rotation":0,"texture":"#0"},"south":{"uv":[6.0,2.0,8.0,4.5],"tintindex":0,"rotation":0,"texture":"#0"},"north":{"uv":[2.0,2.0,4.0,4.5],"tintindex":0,"rotation":0,"texture":"#0"},"west":{"uv":[4.0,2.0,6.0,4.5],"tintindex":0,"rotation":0,"texture":"#0"},"up":{"uv":[4.0,2.0,2.0,0.0],"tintindex":0,"rotation":0,"texture":"#0"},"down":{"uv":[6.0,0.0,4.0,2.0],"tintindex":0,"rotation":0,"texture":"#0"}}}],"display":{"gui":{"rotation":[30,225,0]}}}