{"textures":{"0":"modelengine:entity/geomancer"},"elements":[{"from":[4.0,-4.0,5.5],"to":[8.0,4.0,10.5],"faces":{"east":{"uv":[6.25,7.5,5.0,9.5],"tintindex":0,"rotation":0,"texture":"#0"},"south":{"uv":[8.5,7.5,9.5,9.5],"tintindex":0,"rotation":0,"texture":"#0"},"north":{"uv":[6.25,7.5,7.25,9.5],"tintindex":0,"rotation":0,"texture":"#0"},"west":{"uv":[7.25,7.5,8.5,9.5],"tintindex":0,"rotation":0,"texture":"#0"},"down":{"uv":[3.0,4.5,2.0,5.75],"tintindex":0,"rotation":0,"texture":"#0"}}},{"from":[3.0,4.0,4.5],"to":[8.0,11.0,11.5],"faces":{"east":{"uv":[6.25,5.75,4.5,7.5],"tintindex":0,"rotation":0,"texture":"#0"},"south":{"uv":[9.0,5.75,10.25,7.5],"tintindex":0,"rotation":0,"texture":"#0"},"north":{"uv":[6.0,5.75,7.25,7.5],"tintindex":0,"rotation":0,"texture":"#0"},"west":{"uv":[9.0,5.75,7.25,7.5],"tintindex":0,"rotation":0,"texture":"#0"},"up":{"uv":[9.0,4.5,7.25,5.75],"tintindex":0,"rotation":90,"texture":"#0"},"down":{"uv":[5.5,5.75,7.25,4.5],"tintindex":0,"rotation":90,"texture":"#0"}}}],"display":{"gui":{"rotation":[30,225,0]}}}