{"textures":{"0":"modelengine:entity/geomancer"},"elements":[{"from":[7.7,-1.3,4.7],"to":[13.3,9.3,12.3],"faces":{"east":{"uv":[7.5,11.0,5.75,13.5],"tintindex":0,"rotation":0,"texture":"#0"},"south":{"uv":[7.25,13.5,8.5,16.0],"tintindex":0,"rotation":0,"texture":"#0"},"north":{"uv":[4.5,13.5,5.75,16.0],"tintindex":0,"rotation":0,"texture":"#0"},"west":{"uv":[5.75,13.5,7.5,16.0],"tintindex":0,"rotation":0,"texture":"#0"},"up":{"uv":[5.75,11.75,4.5,13.5],"tintindex":0,"rotation":0,"texture":"#0"}}}],"display":{"gui":{"rotation":[30,225,0]}}}