{"textures":{"0":"modelengine:entity/geomancer"},"elements":[{"from":[6.0,-6.0,5.0],"to":[11.0,8.0,11.0],"faces":{"east":{"uv":[2.75,12.5,1.25,16.0],"tintindex":0,"rotation":0,"texture":"#0"},"south":{"uv":[2.75,12.5,4.0,16.0],"tintindex":0,"rotation":0,"texture":"#0"},"north":{"uv":[1.25,12.5,0.0,16.0],"tintindex":0,"rotation":0,"texture":"#0"},"west":{"uv":[1.25,12.5,2.75,16.0],"tintindex":0,"rotation":0,"texture":"#0"},"up":{"uv":[0.0,11.0,1.25,12.5],"tintindex":0,"rotation":0,"texture":"#0"},"down":{"uv":[1.25,11.0,2.5,12.5],"tintindex":0,"rotation":0,"texture":"#0"}}}],"display":{"gui":{"rotation":[30,225,0]}}}