{"textures":{"0":"modelengine:entity/geomancer"},"elements":[{"from":[8.0,-4.0,5.5],"to":[12.0,10.0,10.5],"faces":{"east":{"uv":[3.5,5.75,2.25,9.25],"tintindex":0,"rotation":0,"texture":"#0"},"south":{"uv":[4.5,5.75,3.5,9.25],"tintindex":0,"rotation":0,"texture":"#0"},"north":{"uv":[2.25,5.75,1.25,9.25],"tintindex":0,"rotation":0,"texture":"#0"},"west":{"uv":[1.25,5.75,0.0,9.25],"tintindex":0,"rotation":0,"texture":"#0"},"up":{"uv":[1.0,5.75,2.0,4.5],"tintindex":0,"rotation":0,"texture":"#0"},"down":{"uv":[2.0,4.5,3.0,5.75],"tintindex":0,"rotation":0,"texture":"#0"}}}],"display":{"gui":{"rotation":[30,225,0]}}}