{"textures":{"0":"modelengine:entity/geomancer"},"elements":[{"from":[7.495,-3.005,7.495],"to":[8.505,17.005001,8.505],"faces":{"east":{"uv":[0.0,9.5,10.0,10.0],"tintindex":0,"rotation":90,"texture":"#0"},"south":{"uv":[0.0,9.5,10.0,10.0],"tintindex":0,"rotation":90,"texture":"#0"},"north":{"uv":[0.0,9.5,10.0,10.0],"tintindex":0,"rotation":90,"texture":"#0"},"west":{"uv":[0.0,9.5,10.0,10.0],"tintindex":0,"rotation":90,"texture":"#0"},"down":{"uv":[9.0,11.75,9.5,12.25],"tintindex":0,"rotation":0,"texture":"#0"}}},{"from":[7.5,20.5,10.5],"to":[8.5,21.5,12.0],"faces":{"east":{"uv":[9.25,10.0,10.0,10.5],"tintindex":0,"rotation":0,"texture":"#0"},"south":{"uv":[8.75,10.0,9.25,10.5],"tintindex":0,"rotation":0,"texture":"#0"},"north":{"uv":[9.25,10.0,9.75,10.5],"tintindex":0,"rotation":0,"texture":"#0"},"west":{"uv":[9.25,10.0,10.0,10.5],"tintindex":0,"rotation":0,"texture":"#0"},"up":{"uv":[8.5,10.0,9.25,10.5],"tintindex":0,"rotation":90,"texture":"#0"}},"rotation":{"origin":[8.0,17.0,8.5],"angle":-45.0,"axis":"x"}},{"from":[7.5,19.5,8.5],"to":[8.5,20.5,12.0],"faces":{"east":{"uv":[10.0,10.5,8.25,11.0],"tintindex":0,"rotation":0,"texture":"#0"},"south":{"uv":[9.5,11.25,10.0,10.75],"tintindex":0,"rotation":0,"texture":"#0"},"west":{"uv":[8.25,10.5,10.0,11.0],"tintindex":0,"rotation":0,"texture":"#0"},"up":{"uv":[3.0,10.75,3.5,12.5],"tintindex":0,"rotation":0,"texture":"#0"},"down":{"uv":[2.5,10.75,3.0,12.5],"tintindex":0,"rotation":0,"texture":"#0"}},"rotation":{"origin":[8.0,17.0,8.5],"angle":-45.0,"axis":"x"}},{"from":[7.5,17.0,7.5],"to":[8.5,20.5,8.5],"faces":{"east":{"uv":[7.75,10.5,8.25,12.25],"tintindex":0,"rotation":0,"texture":"#0"},"south":{"uv":[7.75,10.5,8.25,12.25],"tintindex":0,"rotation":0,"texture":"#0"},"north":{"uv":[7.75,10.5,8.25,12.25],"tintindex":0,"rotation":0,"texture":"#0"},"west":{"uv":[7.75,10.5,8.25,12.25],"tintindex":0,"rotation":0,"texture":"#0"},"up":{"uv":[7.75,10.5,8.25,11.0],"tintindex":0,"rotation":0,"texture":"#0"}},"rotation":{"origin":[8.0,17.0,8.5],"angle":-45.0,"axis":"x"}},{"from":[7.25,18.0,8.5],"to":[8.75,19.5,10.0],"faces":{"east":{"uv":[8.25,11.0,9.0,11.75],"tintindex":0,"rotation":0,"texture":"#0"},"south":{"uv":[8.25,11.0,9.0,11.75],"tintindex":0,"rotation":0,"texture":"#0"},"north":{"uv":[8.25,11.0,9.0,11.75],"tintindex":0,"rotation":0,"texture":"#0"},"west":{"uv":[8.25,11.0,9.0,11.75],"tintindex":0,"rotation":0,"texture":"#0"},"up":{"uv":[8.25,11.0,9.0,11.75],"tintindex":0,"rotation":0,"texture":"#0"},"down":{"uv":[8.25,11.0,9.0,11.75],"tintindex":0,"rotation":0,"texture":"#0"}},"rotation":{"origin":[8.0,17.0,8.5],"angle":-45.0,"axis":"x"}}],"display":{"gui":{"rotation":[30,225,0]}}}