{"textures":{"1":"modelengine:entity/stone_effects"},"elements":[{"from":[6.6,2.1000004,2.3000002],"to":[9.4,5.8999996,4.1],"faces":{"east":{"uv":[0.0,0.25,0.25,0.75],"tintindex":0,"rotation":0,"texture":"#1"},"south":{"uv":[0.625,0.25,1.0,0.75],"tintindex":0,"rotation":0,"texture":"#1"},"north":{"uv":[0.125,0.25,0.5,0.75],"tintindex":0,"rotation":0,"texture":"#1"},"west":{"uv":[0.375,0.25,0.625,0.75],"tintindex":0,"rotation":0,"texture":"#1"},"up":{"uv":[0.5,0.25,0.125,0.0],"tintindex":0,"rotation":0,"texture":"#1"},"down":{"uv":[0.875,0.0,0.5,0.25],"tintindex":0,"rotation":0,"texture":"#1"}}},{"from":[4.1,3.1000004,4.1],"to":[11.9,12.900002,11.9],"faces":{"east":{"uv":[0.0,1.0,1.0,2.25],"tintindex":0,"rotation":0,"texture":"#1"},"south":{"uv":[3.0,1.0,4.0,2.25],"tintindex":0,"rotation":0,"texture":"#1"},"north":{"uv":[1.0,1.0,2.0,2.25],"tintindex":0,"rotation":0,"texture":"#1"},"west":{"uv":[2.0,1.0,3.0,2.25],"tintindex":0,"rotation":0,"texture":"#1"},"up":{"uv":[2.0,1.0,1.0,0.0],"tintindex":0,"rotation":0,"texture":"#1"},"down":{"uv":[3.0,0.0,2.0,1.0],"tintindex":0,"rotation":0,"texture":"#1"}}}],"display":{"gui":{"rotation":[30,225,0]}}}