{"textures":{"1":"modelengine:entity/stone_effects"},"elements":[{"from":[6.1,1.1000004,5.6],"to":[9.9,14.9,10.4],"faces":{"east":{"uv":[1.75,2.875,1.125,4.625],"tintindex":0,"rotation":0,"texture":"#1"},"south":{"uv":[2.25,2.875,1.75,4.625],"tintindex":0,"rotation":0,"texture":"#1"},"north":{"uv":[1.125,2.875,0.625,4.625],"tintindex":0,"rotation":0,"texture":"#1"},"west":{"uv":[0.625,2.875,0.0,4.625],"tintindex":0,"rotation":0,"texture":"#1"},"up":{"uv":[0.5,2.875,1.0,2.25],"tintindex":0,"rotation":0,"texture":"#1"},"down":{"uv":[1.0,2.25,1.5,2.875],"tintindex":0,"rotation":0,"texture":"#1"}}}],"display":{"gui":{"rotation":[30,225,0]}}}