{"textures":{"1":"modelengine:entity/stone_effects"},"elements":[{"from":[3.1,0.10000038,5.1],"to":[12.9,13.9,10.9],"faces":{"east":{"uv":[5.875,1.875,5.125,3.625],"tintindex":0,"rotation":0,"texture":"#1"},"south":{"uv":[7.0,1.875,5.75,3.625],"tintindex":0,"rotation":0,"texture":"#1"},"north":{"uv":[5.25,1.875,4.0,3.625],"tintindex":0,"rotation":0,"texture":"#1"},"west":{"uv":[5.125,1.875,5.875,3.625],"tintindex":0,"rotation":0,"texture":"#1"},"up":{"uv":[5.75,1.125,7.0,1.875],"tintindex":0,"rotation":0,"texture":"#1"}}}],"display":{"gui":{"rotation":[30,225,0]}}}