{"textures":{"1":"modelengine:entity/stone_effects"},"elements":[{"from":[6.1000004,4.1000004,5.6],"to":[9.9,11.9,10.4],"faces":{"east":{"uv":[2.875,3.625,2.25,4.625],"tintindex":0,"rotation":0,"texture":"#1"},"south":{"uv":[4.0,3.625,4.5,4.625],"tintindex":0,"rotation":0,"texture":"#1"},"north":{"uv":[2.875,3.625,3.375,4.625],"tintindex":0,"rotation":0,"texture":"#1"},"west":{"uv":[3.375,3.625,4.0,4.625],"tintindex":0,"rotation":0,"texture":"#1"},"down":{"uv":[1.5,2.25,1.0,2.875],"tintindex":0,"rotation":0,"texture":"#1"}}}],"display":{"gui":{"rotation":[30,225,0]}}}