{"textures":{"1":"modelengine:entity/stone_effects"},"elements":[{"from":[-1.333334,8.0,6.333333],"to":[2.6666665,15.333334,9.666667],"faces":{"east":{"uv":[5.25,13.25,6.5,16.0],"tintindex":0,"rotation":0,"texture":"#1"},"south":{"uv":[6.75,13.25,5.25,16.0],"tintindex":0,"rotation":0,"texture":"#1"},"north":{"uv":[5.25,13.25,6.75,16.0],"tintindex":0,"rotation":0,"texture":"#1"},"west":{"uv":[6.75,13.25,8.0,16.0],"tintindex":0,"rotation":0,"texture":"#1"},"up":{"uv":[8.0,12.0,6.5,13.25],"tintindex":0,"rotation":0,"texture":"#1"},"down":{"uv":[6.75,14.75,5.25,16.0],"tintindex":0,"rotation":0,"texture":"#1"}}},{"from":[2.6666665,8.0,6.333333],"to":[13.333334,24.666668,9.666667],"faces":{"east":{"uv":[0.0,9.75,1.25,16.0],"tintindex":0,"rotation":0,"texture":"#1"},"south":{"uv":[5.25,9.75,1.25,16.0],"tintindex":0,"rotation":0,"texture":"#1"},"north":{"uv":[1.25,9.75,5.25,16.0],"tintindex":0,"rotation":0,"texture":"#1"},"west":{"uv":[5.25,9.75,6.5,16.0],"tintindex":0,"rotation":0,"texture":"#1"},"up":{"uv":[1.25,8.5,5.25,9.75],"tintindex":0,"rotation":0,"texture":"#1"},"down":{"uv":[5.25,14.75,1.25,16.0],"tintindex":0,"rotation":0,"texture":"#1"}}}],"display":{"gui":{"rotation":[30,225,0]}}}