{"textures":{"1":"modelengine:entity/stone_effects"},"elements":[{"from":[5.6,2.1,5.1],"to":[10.4,15.9,10.9],"faces":{"east":{"uv":[9.375,0.75,8.625,2.5],"tintindex":0,"rotation":0,"texture":"#1"},"south":{"uv":[9.375,0.75,10.0,2.5],"tintindex":0,"rotation":0,"texture":"#1"},"north":{"uv":[8.625,0.75,8.0,2.5],"tintindex":0,"rotation":0,"texture":"#1"},"west":{"uv":[8.625,0.75,9.375,2.5],"tintindex":0,"rotation":0,"texture":"#1"},"up":{"uv":[8.0,0.0,8.625,0.75],"tintindex":0,"rotation":0,"texture":"#1"},"down":{"uv":[8.625,0.0,9.25,0.75],"tintindex":0,"rotation":0,"texture":"#1"}}}],"display":{"gui":{"rotation":[30,225,0]}}}