{
    "mech.slam": {
        "sounds": [
            "littleroom_piglinmech:slam_1",
            "littleroom_piglinmech:slam_2",
            "littleroom_piglinmech:slam_3",
            "littleroom_piglinmech:slam_4"
        ]
    },
    "mech.land": {
        "sounds": [
            "littleroom_piglinmech:land"
        ]
    },
    "mech.leap": {
        "sounds": [
            "littleroom_piglinmech:leap"
        ]
    },
    "mech.hit": {
        "sounds": [
            "littleroom_piglinmech:hit_1",
            "littleroom_piglinmech:hit_2",
            "littleroom_piglinmech:hit_3",
            "littleroom_piglinmech:hit_4"
        ]
    },
    "mech.swing": {
        "sounds": [
            "littleroom_piglinmech:swing_1",
            "littleroom_piglinmech:swing_2"
        ]
    },
    "mech.step": {
        "sounds": [
            "littleroom_piglinmech:step"
        ]
    },
    "mech.movement": {
        "sounds": [
            "littleroom_piglinmech:movement_1",
            "littleroom_piglinmech:movement_2",
            "littleroom_piglinmech:movement_3",
            "littleroom_piglinmech:movement_4",
            "littleroom_piglinmech:movement_5"
        ]
    },
    "mech.laser_fire": {
        "sounds": [
            "littleroom_piglinmech:laser_fire_1",
            "littleroom_piglinmech:laser_fire_2",
            "littleroom_piglinmech:laser_fire_3",
            "littleroom_piglinmech:laser_fire_4"
        ]
    },
    "mech.alarm": {
        "sounds": [
            "littleroom_piglinmech:alarm"
        ]
    },
    "mech.body_explode": {
        "sounds": [
            "littleroom_piglinmech:body_explode"
        ]
    },
    "mech.rocket_launch": {
        "sounds": [
            "littleroom_piglinmech:rocket_launch"
        ]
    },
    "mech.rocket_explosion": {
        "sounds": [
            "littleroom_piglinmech:rocket_explosion"
        ]
    },
    "mech.mech_land": {
        "sounds": [
            "littleroom_piglinmech:mech_land"
        ]
    }
}