{"textures":{"0":"modelengine:entity/spermwhale"},"elements":[{"from":[5.592495,5.8505282,-6.299412],"to":[10.475042,12.908493,-4.691988],"faces":{"east":{"uv":[11.9375,3.8125,11.5625,5.5625],"tintindex":0,"rotation":0,"texture":"#0"},"south":{"uv":[6.25,8.1875,7.5,9.9375],"tintindex":0,"rotation":0,"texture":"#0"},"north":{"uv":[5.0,8.1875,6.25,9.9375],"tintindex":0,"rotation":0,"texture":"#0"},"west":{"uv":[11.5625,3.8125,11.9375,5.5625],"tintindex":0,"rotation":0,"texture":"#0"},"up":{"uv":[9.5,5.1875,8.25,4.8125],"tintindex":0,"rotation":0,"texture":"#0"},"down":{"uv":[12.875,10.5,11.625,10.875],"tintindex":0,"rotation":0,"texture":"#0"}}},{"from":[5.9601417,5.8505282,-8.875206],"to":[10.1008005,13.158493,-6.278598],"faces":{"east":{"uv":[2.875,10.1875,2.25,12.0],"tintindex":0,"rotation":0,"texture":"#0"},"south":{"uv":[9.375,9.375,10.4375,11.1875],"tintindex":0,"rotation":0,"texture":"#0"},"north":{"uv":[0.0,9.25,1.0625,11.0625],"tintindex":0,"rotation":0,"texture":"#0"},"west":{"uv":[2.25,10.1875,2.875,12.0],"tintindex":0,"rotation":0,"texture":"#0"},"up":{"uv":[10.875,1.5625,9.8125,0.9375],"tintindex":0,"rotation":0,"texture":"#0"},"down":{"uv":[11.875,11.5625,10.8125,12.1875],"tintindex":0,"rotation":0,"texture":"#0"}}},{"from":[4.2474604,5.281085,1.0239353],"to":[11.666341,12.6999655,9.535775],"faces":{"east":{"uv":[6.5625,4.4375,4.4375,6.3125],"tintindex":0,"rotation":0,"texture":"#0"},"south":{"uv":[5.875,6.3125,7.75,8.1875],"tintindex":0,"rotation":0,"texture":"#0"},"north":{"uv":[4.0,6.3125,5.875,8.1875],"tintindex":0,"rotation":0,"texture":"#0"},"west":{"uv":[4.4375,4.4375,6.5625,6.3125],"tintindex":0,"rotation":0,"texture":"#0"},"up":{"uv":[6.3125,2.125,4.4375,0.0],"tintindex":0,"rotation":0,"texture":"#0"},"down":{"uv":[6.3125,2.125,4.4375,4.25],"tintindex":0,"rotation":0,"texture":"#0"}}},{"from":[6.342626,6.3505282,-10.229563],"to":[9.491397,13.158493,-8.869434],"faces":{"east":{"uv":[7.3125,11.6875,7.0,13.375],"tintindex":0,"rotation":0,"texture":"#0"},"south":{"uv":[5.5625,9.9375,6.375,11.625],"tintindex":0,"rotation":0,"texture":"#0"},"north":{"uv":[4.75,9.9375,5.5625,11.625],"tintindex":0,"rotation":0,"texture":"#0"},"west":{"uv":[7.0,11.6875,7.3125,13.375],"tintindex":0,"rotation":0,"texture":"#0"},"up":{"uv":[12.6875,11.8125,11.875,11.5],"tintindex":0,"rotation":0,"texture":"#0"},"down":{"uv":[12.75,3.625,11.9375,3.9375],"tintindex":0,"rotation":0,"texture":"#0"}}},{"from":[4.961915,5.8505282,-4.727227],"to":[10.8282385,12.908493,-2.6252117],"faces":{"east":{"uv":[3.375,10.875,2.875,12.625],"tintindex":0,"rotation":0,"texture":"#0"},"south":{"uv":[3.5625,8.1875,5.0,9.9375],"tintindex":0,"rotation":0,"texture":"#0"},"north":{"uv":[8.0625,1.625,9.5,3.375],"tintindex":0,"rotation":0,"texture":"#0"},"west":{"uv":[2.875,10.875,3.375,12.625],"tintindex":0,"rotation":0,"texture":"#0"},"up":{"uv":[2.1875,11.8125,0.75,11.3125],"tintindex":0,"rotation":0,"texture":"#0"},"down":{"uv":[12.75,7.5625,11.3125,8.0625],"tintindex":0,"rotation":0,"texture":"#0"}}},{"from":[4.567915,5.8505282,-2.6252117],"to":[11.418015,12.908493,1.1041012],"faces":{"east":{"uv":[10.625,2.875,9.6875,4.625],"tintindex":0,"rotation":0,"texture":"#0"},"south":{"uv":[1.875,7.0,3.5625,8.75],"tintindex":0,"rotation":0,"texture":"#0"},"north":{"uv":[6.5625,3.5,8.25,5.25],"tintindex":0,"rotation":0,"texture":"#0"},"west":{"uv":[9.6875,2.875,10.625,4.625],"tintindex":0,"rotation":0,"texture":"#0"},"up":{"uv":[11.5,0.9375,9.8125,0.0],"tintindex":0,"rotation":0,"texture":"#0"},"down":{"uv":[4.75,9.9375,3.0625,10.875],"tintindex":0,"rotation":0,"texture":"#0"}}}],"display":{"gui":{"rotation":[30,225,0]}}}