{"textures":{"0":"modelengine:entity/spermwhale"},"elements":[{"from":[-4.94438,7.774093,6.8110833],"to":[-0.022011757,8.758567,11.077136],"faces":{"east":{"uv":[12.25,0.5625,13.0625,0.75],"tintindex":0,"rotation":0,"texture":"#0"},"south":{"uv":[12.25,0.0,13.1875,0.1875],"tintindex":0,"rotation":0,"texture":"#0"},"north":{"uv":[12.0625,8.8125,13.0,9.0],"tintindex":0,"rotation":0,"texture":"#0"},"west":{"uv":[12.25,0.75,13.0625,0.9375],"tintindex":0,"rotation":0,"texture":"#0"},"up":{"uv":[8.6875,7.6875,7.75,6.875],"tintindex":0,"rotation":0,"texture":"#0"},"down":{"uv":[11.5625,3.8125,10.625,4.625],"tintindex":0,"rotation":0,"texture":"#0"}},"rotation":{"origin":[6.6048746,10.060796,-12.776789],"angle":22.5,"axis":"y"}},{"from":[-8.225958,7.806909,7.1513457],"to":[-4.94438,8.791383,10.925161],"faces":{"east":{"uv":[2.0625,12.3125,2.75,12.5],"tintindex":0,"rotation":0,"texture":"#0"},"south":{"uv":[5.4375,12.375,6.0625,12.5625],"tintindex":0,"rotation":0,"texture":"#0"},"north":{"uv":[12.3125,2.0625,12.9375,2.25],"tintindex":0,"rotation":0,"texture":"#0"},"west":{"uv":[7.3125,12.3125,8.0,12.5],"tintindex":0,"rotation":0,"texture":"#0"},"up":{"uv":[9.3125,7.5625,8.6875,6.875],"tintindex":0,"rotation":0,"texture":"#0"},"down":{"uv":[12.3125,1.6875,11.6875,2.375],"tintindex":0,"rotation":0,"texture":"#0"}},"rotation":{"origin":[6.6048746,10.060796,-12.776789],"angle":22.5,"axis":"y"}}],"display":{"gui":{"rotation":[30,225,0]}}}