{"textures":{"0":"modelengine:entity/spermwhale"},"elements":[{"from":[5.4319153,7.797331,-3.6056337],"to":[10.164562,8.653776,0.5983982],"faces":{"east":{"uv":[7.0,9.9375,7.5,10.0625],"tintindex":0,"rotation":0,"texture":"#0"},"south":{"uv":[12.3125,2.25,12.875,2.375],"tintindex":0,"rotation":0,"texture":"#0"},"north":{"uv":[11.9375,5.4375,12.5,5.5625],"tintindex":0,"rotation":0,"texture":"#0"},"west":{"uv":[7.0,10.0625,7.5,10.1875],"tintindex":0,"rotation":0,"texture":"#0"},"up":{"uv":[12.4375,12.375,11.875,11.875],"tintindex":0,"rotation":0,"texture":"#0"},"down":{"uv":[12.5,0.9375,11.9375,1.4375],"tintindex":0,"rotation":0,"texture":"#0"}}},{"from":[5.585288,8.412771,-3.5839233],"to":[5.586277,10.885731,7.8079166],"faces":{"east":{"uv":[13.0625,10.875,11.625,11.1875],"tintindex":0,"rotation":0,"texture":"#0"},"west":{"uv":[11.625,10.875,13.0625,11.1875],"tintindex":0,"rotation":0,"texture":"#0"}}},{"from":[6.039339,7.797331,-6.8204823],"to":[9.304434,8.664588,-3.6056337],"faces":{"east":{"uv":[4.0,6.125,4.375,6.25],"tintindex":0,"rotation":0,"texture":"#0"},"south":{"uv":[4.0,6.0,4.4375,6.125],"tintindex":0,"rotation":0,"texture":"#0"},"north":{"uv":[2.125,5.0,2.5625,5.125],"tintindex":0,"rotation":0,"texture":"#0"},"west":{"uv":[3.5625,7.375,3.9375,7.5],"tintindex":0,"rotation":0,"texture":"#0"},"up":{"uv":[2.5625,4.125,2.125,3.75],"tintindex":0,"rotation":0,"texture":"#0"},"down":{"uv":[2.5625,4.125,2.125,4.5],"tintindex":0,"rotation":0,"texture":"#0"}}},{"from":[6.539688,7.797331,-9.890049],"to":[8.821007,8.675404,-6.69683],"faces":{"east":{"uv":[3.5625,7.5,3.9375,7.625],"tintindex":0,"rotation":0,"texture":"#0"},"south":{"uv":[3.5625,7.875,3.875,8.0],"tintindex":0,"rotation":0,"texture":"#0"},"north":{"uv":[3.5625,7.75,3.875,7.875],"tintindex":0,"rotation":0,"texture":"#0"},"west":{"uv":[3.5625,7.625,3.9375,7.75],"tintindex":0,"rotation":0,"texture":"#0"},"up":{"uv":[4.3125,6.0,4.0,5.625],"tintindex":0,"rotation":0,"texture":"#0"},"down":{"uv":[3.875,7.0,3.5625,7.375],"tintindex":0,"rotation":0,"texture":"#0"}}},{"from":[6.6896877,8.412771,-9.399693],"to":[6.690677,10.885731,-3.5078526],"faces":{"east":{"uv":[12.6875,7.1875,11.9375,7.5],"tintindex":0,"rotation":0,"texture":"#0"},"west":{"uv":[11.9375,7.1875,12.6875,7.5],"tintindex":0,"rotation":0,"texture":"#0"}}},{"from":[9.962888,8.412771,-3.604724],"to":[9.963877,10.885731,7.787117],"faces":{"east":{"uv":[13.0625,10.875,11.625,11.1875],"tintindex":0,"rotation":0,"texture":"#0"},"west":{"uv":[11.625,10.875,13.0625,11.1875],"tintindex":0,"rotation":0,"texture":"#0"}}},{"from":[8.689688,8.412771,-9.399693],"to":[8.690678,10.885731,-3.5078526],"faces":{"east":{"uv":[12.6875,7.1875,11.9375,7.5],"tintindex":0,"rotation":0,"texture":"#0"},"west":{"uv":[11.9375,7.1875,12.6875,7.5],"tintindex":0,"rotation":0,"texture":"#0"}}},{"from":[5.0717874,7.797331,0.5983982],"to":[10.771986,9.142956,8.057023],"faces":{"east":{"uv":[4.4375,4.25,5.375,4.4375],"tintindex":0,"rotation":0,"texture":"#0"},"south":{"uv":[1.375,12.3125,2.0625,12.5],"tintindex":0,"rotation":0,"texture":"#0"},"north":{"uv":[8.6875,7.5625,9.375,7.75],"tintindex":0,"rotation":0,"texture":"#0"},"west":{"uv":[5.375,4.25,6.3125,4.4375],"tintindex":0,"rotation":0,"texture":"#0"},"up":{"uv":[4.0625,12.5625,3.375,11.625],"tintindex":0,"rotation":0,"texture":"#0"},"down":{"uv":[5.4375,11.625,4.75,12.5625],"tintindex":0,"rotation":0,"texture":"#0"}}}],"display":{"gui":{"rotation":[30,225,0]}}}