{"textures":{"0":"modelengine:entity/spermwhale"},"elements":[{"from":[5.1763124,5.5753307,17.746387],"to":[11.064312,11.463331,25.750385],"faces":{"east":{"uv":[11.9375,0.9375,10.9375,1.6875],"tintindex":0,"rotation":0,"texture":"#0"},"south":{"uv":[11.625,9.75,12.375,10.5],"tintindex":0,"rotation":0,"texture":"#0"},"north":{"uv":[5.4375,11.625,6.1875,12.375],"tintindex":0,"rotation":0,"texture":"#0"},"west":{"uv":[10.9375,0.9375,11.9375,1.6875],"tintindex":0,"rotation":0,"texture":"#0"},"up":{"uv":[11.6875,2.6875,10.9375,1.6875],"tintindex":0,"rotation":0,"texture":"#0"},"down":{"uv":[0.75,11.0625,0.0,12.0625],"tintindex":0,"rotation":0,"texture":"#0"}}},{"from":[3.2067761,5.0483503,10.386387],"to":[12.604025,12.467236,19.289043],"faces":{"east":{"uv":[11.9375,6.625,10.8125,7.5625],"tintindex":0,"rotation":0,"texture":"#0"},"south":{"uv":[7.0,10.75,8.1875,11.6875],"tintindex":0,"rotation":0,"texture":"#0"},"north":{"uv":[10.625,2.875,11.8125,3.8125],"tintindex":0,"rotation":0,"texture":"#0"},"west":{"uv":[10.8125,6.625,11.9375,7.5625],"tintindex":0,"rotation":0,"texture":"#0"},"up":{"uv":[2.25,11.3125,1.0625,10.1875],"tintindex":0,"rotation":0,"texture":"#0"},"down":{"uv":[11.625,10.4375,10.4375,11.5625],"tintindex":0,"rotation":0,"texture":"#0"}}}],"display":{"gui":{"rotation":[30,225,0]}}}