{"textures":{"0":"modelengine:entity/spermwhale"},"elements":[{"from":[18.719582,7.429803,4.208871],"to":[25.908829,8.867653,10.439552],"faces":{"east":{"uv":[9.6875,4.625,10.4375,4.8125],"tintindex":0,"rotation":0,"texture":"#0"},"south":{"uv":[12.25,0.375,13.125,0.5625],"tintindex":0,"rotation":0,"texture":"#0"},"north":{"uv":[12.25,0.1875,13.125,0.375],"tintindex":0,"rotation":0,"texture":"#0"},"west":{"uv":[10.9375,2.6875,11.6875,2.875],"tintindex":0,"rotation":0,"texture":"#0"},"up":{"uv":[12.4375,6.3125,11.5625,5.5625],"tintindex":0,"rotation":0,"texture":"#0"},"down":{"uv":[12.4375,9.0,11.5625,9.75],"tintindex":0,"rotation":0,"texture":"#0"}},"rotation":{"origin":[4.661984,10.721664,-22.829824],"angle":-22.5,"axis":"y"}},{"from":[25.908829,7.477731,4.688154],"to":[30.701664,8.915581,10.199911],"faces":{"east":{"uv":[12.3125,1.6875,13.0,1.875],"tintindex":0,"rotation":0,"texture":"#0"},"south":{"uv":[9.375,12.375,10.0,12.5625],"tintindex":0,"rotation":0,"texture":"#0"},"north":{"uv":[8.75,12.375,9.375,12.5625],"tintindex":0,"rotation":0,"texture":"#0"},"west":{"uv":[12.3125,1.875,13.0,2.0625],"tintindex":0,"rotation":0,"texture":"#0"},"up":{"uv":[6.8125,12.4375,6.1875,11.75],"tintindex":0,"rotation":0,"texture":"#0"},"down":{"uv":[1.375,11.8125,0.75,12.5],"tintindex":0,"rotation":0,"texture":"#0"}},"rotation":{"origin":[4.661984,10.721664,-22.829824],"angle":-22.5,"axis":"y"}}],"display":{"gui":{"rotation":[30,225,0]}}}