{"textures":{"0":"modelengine:entity/spermwhale"},"elements":[{"from":[21.787594,7.778843,10.812201],"to":[25.712927,8.956443,13.559932],"faces":{"east":{"uv":[3.0625,9.375,3.5625,9.625],"tintindex":0,"rotation":0,"texture":"#0"},"south":{"uv":[12.0625,8.5625,12.8125,8.8125],"tintindex":0,"rotation":0,"texture":"#0"},"north":{"uv":[12.0625,8.3125,12.8125,8.5625],"tintindex":0,"rotation":0,"texture":"#0"},"west":{"uv":[3.0625,9.625,3.5625,9.875],"tintindex":0,"rotation":0,"texture":"#0"},"up":{"uv":[12.4375,2.875,11.6875,2.375],"tintindex":0,"rotation":0,"texture":"#0"},"down":{"uv":[2.125,11.8125,1.375,12.3125],"tintindex":0,"rotation":0,"texture":"#0"}},"rotation":{"origin":[6.256,9.925333,-15.455999],"angle":-45.0,"axis":"y"}},{"from":[-7.558897,7.8180966,7.974467],"to":[-1.6708975,8.995696,13.469935],"faces":{"east":{"uv":[11.9375,1.4375,12.9375,1.6875],"tintindex":0,"rotation":0,"texture":"#0"},"south":{"uv":[11.8125,2.875,12.9375,3.125],"tintindex":0,"rotation":0,"texture":"#0"},"north":{"uv":[9.5,6.625,10.625,6.875],"tintindex":0,"rotation":0,"texture":"#0"},"west":{"uv":[11.9375,3.9375,12.9375,4.1875],"tintindex":0,"rotation":0,"texture":"#0"},"up":{"uv":[7.6875,6.25,6.5625,5.25],"tintindex":0,"rotation":0,"texture":"#0"},"down":{"uv":[11.5625,4.625,10.4375,5.625],"tintindex":0,"rotation":0,"texture":"#0"}},"rotation":{"origin":[6.256,9.925333,-15.455999],"angle":22.5,"axis":"y"}},{"from":[-11.48423,7.8180966,8.563268],"to":[-7.558897,8.995696,13.469935],"faces":{"east":{"uv":[11.9375,4.6875,12.875,4.9375],"tintindex":0,"rotation":0,"texture":"#0"},"south":{"uv":[12.0625,8.0625,12.8125,8.3125],"tintindex":0,"rotation":0,"texture":"#0"},"north":{"uv":[0.0,12.0625,0.75,12.3125],"tintindex":0,"rotation":0,"texture":"#0"},"west":{"uv":[11.9375,4.9375,12.875,5.1875],"tintindex":0,"rotation":0,"texture":"#0"},"up":{"uv":[10.0625,12.125,9.3125,11.1875],"tintindex":0,"rotation":0,"texture":"#0"},"down":{"uv":[12.0625,8.0625,11.3125,9.0],"tintindex":0,"rotation":0,"texture":"#0"}},"rotation":{"origin":[6.256,9.925333,-15.455999],"angle":22.5,"axis":"y"}}],"display":{"gui":{"rotation":[30,225,0]}}}