{"textures":{"0":"modelengine:entity/spermwhale"},"elements":[{"from":[18.780888,7.759572,7.0129356],"to":[21.724888,8.642773,10.692936],"faces":{"east":{"uv":[11.9375,5.1875,12.875,5.4375],"tintindex":0,"rotation":0,"texture":"#0"},"south":{"uv":[10.8125,12.1875,11.5625,12.4375],"tintindex":0,"rotation":0,"texture":"#0"},"north":{"uv":[9.3125,12.125,10.0625,12.375],"tintindex":0,"rotation":0,"texture":"#0"},"west":{"uv":[11.9375,6.625,12.875,6.875],"tintindex":0,"rotation":0,"texture":"#0"},"up":{"uv":[12.25,0.9375,11.5,0.0],"tintindex":0,"rotation":0,"texture":"#0"},"down":{"uv":[10.8125,11.5625,10.0625,12.5],"tintindex":0,"rotation":0,"texture":"#0"}},"rotation":{"origin":[5.73,9.34,-9.889999],"angle":-22.5,"axis":"y"}},{"from":[27.388294,7.730132,0.09594917],"to":[29.743494,8.613333,2.7455482],"faces":{"east":{"uv":[8.0625,12.0,8.75,12.25],"tintindex":0,"rotation":0,"texture":"#0"},"south":{"uv":[0.0,12.3125,0.5625,12.5625],"tintindex":0,"rotation":0,"texture":"#0"},"north":{"uv":[1.0625,9.9375,1.625,10.1875],"tintindex":0,"rotation":0,"texture":"#0"},"west":{"uv":[8.0625,12.25,8.75,12.5],"tintindex":0,"rotation":0,"texture":"#0"},"up":{"uv":[1.625,9.9375,1.0625,9.25],"tintindex":0,"rotation":0,"texture":"#0"},"down":{"uv":[9.3125,11.6875,8.75,12.375],"tintindex":0,"rotation":0,"texture":"#0"}},"rotation":{"origin":[5.73,9.34,-9.889999],"angle":-45.0,"axis":"y"}},{"from":[14.364888,7.730132,6.7185364],"to":[18.780888,8.613333,10.840134],"faces":{"east":{"uv":[11.9375,4.1875,12.9375,4.4375],"tintindex":0,"rotation":0,"texture":"#0"},"south":{"uv":[11.8125,3.375,12.9375,3.625],"tintindex":0,"rotation":0,"texture":"#0"},"north":{"uv":[11.8125,3.125,12.9375,3.375],"tintindex":0,"rotation":0,"texture":"#0"},"west":{"uv":[11.9375,4.4375,12.9375,4.6875],"tintindex":0,"rotation":0,"texture":"#0"},"up":{"uv":[11.5625,6.625,10.4375,5.625],"tintindex":0,"rotation":0,"texture":"#0"},"down":{"uv":[11.5625,9.375,10.4375,10.375],"tintindex":0,"rotation":0,"texture":"#0"}},"rotation":{"origin":[5.73,9.34,-9.889999],"angle":-22.5,"axis":"y"}}],"display":{"gui":{"rotation":[30,225,0]}}}