{"textures":{"0":"modelengine:entity/spermwhale"},"elements":[{"from":[7.5718203,6.7515535,13.997383],"to":[9.04382,8.53822,16.765385],"faces":{"east":{"uv":[3.0625,8.75,3.5625,9.0625],"tintindex":0,"rotation":0,"texture":"#0"},"south":{"uv":[1.875,5.9375,2.125,6.25],"tintindex":0,"rotation":0,"texture":"#0"},"north":{"uv":[1.875,5.625,2.125,5.9375],"tintindex":0,"rotation":0,"texture":"#0"},"west":{"uv":[3.0625,9.0625,3.5625,9.375],"tintindex":0,"rotation":0,"texture":"#0"},"up":{"uv":[2.375,5.0,2.125,4.5],"tintindex":0,"rotation":0,"texture":"#0"},"down":{"uv":[4.25,5.125,4.0,5.625],"tintindex":0,"rotation":0,"texture":"#0"}},"rotation":{"origin":[-13.493332,8.453334,8.586667],"angle":-45.0,"axis":"x"}},{"from":[3.627408,3.1206207,9.849017],"to":[12.859795,12.353004,18.421944],"faces":{"east":{"uv":[9.375,7.75,7.75,9.5],"tintindex":0,"rotation":0,"texture":"#0"},"south":{"uv":[6.3125,1.75,8.0625,3.5],"tintindex":0,"rotation":0,"texture":"#0"},"north":{"uv":[6.3125,0.0,8.0625,1.75],"tintindex":0,"rotation":0,"texture":"#0"},"west":{"uv":[7.75,7.75,9.375,9.5],"tintindex":0,"rotation":0,"texture":"#0"},"up":{"uv":[9.5,6.875,7.75,5.25],"tintindex":0,"rotation":0,"texture":"#0"},"down":{"uv":[9.8125,0.0,8.0625,1.625],"tintindex":0,"rotation":0,"texture":"#0"}}},{"from":[4.451728,3.9449406,16.526009],"to":[12.035469,10.539501,24.109753],"faces":{"east":{"uv":[10.9375,1.625,9.5,2.875],"tintindex":0,"rotation":0,"texture":"#0"},"south":{"uv":[7.5,9.5,8.9375,10.75],"tintindex":0,"rotation":0,"texture":"#0"},"north":{"uv":[9.375,6.875,10.8125,8.125],"tintindex":0,"rotation":0,"texture":"#0"},"west":{"uv":[9.5,1.625,10.9375,2.875],"tintindex":0,"rotation":0,"texture":"#0"},"up":{"uv":[9.6875,4.8125,8.25,3.375],"tintindex":0,"rotation":0,"texture":"#0"},"down":{"uv":[3.0625,8.75,1.625,10.1875],"tintindex":0,"rotation":0,"texture":"#0"}}}],"display":{"gui":{"rotation":[30,225,0]}}}