{"textures":{"0":"modelengine:entity/spermwhale"},"elements":[{"from":[-6.557152,-5.6527996,-10.811504],"to":[23.11837,24.02272,30.404495],"faces":{"east":{"uv":[2.5625,1.875,0.0,3.75],"tintindex":0,"rotation":0,"texture":"#0"},"south":{"uv":[0.0,5.625,1.875,7.5],"tintindex":0,"rotation":0,"texture":"#0"},"north":{"uv":[2.125,5.125,4.0,7.0],"tintindex":0,"rotation":0,"texture":"#0"},"west":{"uv":[0.0,1.875,2.5625,3.75],"tintindex":0,"rotation":0,"texture":"#0"},"up":{"uv":[4.4375,5.125,2.5625,2.5625],"tintindex":0,"rotation":0,"texture":"#0"},"down":{"uv":[4.4375,0.0,2.5625,2.5625],"tintindex":0,"rotation":0,"texture":"#0"}}}],"display":{"gui":{"rotation":[30,225,0]}}}